policy,scope,task,metric,arm,estimate,cases,universe_cases,conditional95_low,conditional95_high,paired_cases,reference_arm,difference_vs_reference,difference95_low,difference95_high,family_difference95_low,family_difference95_high,multiplicity,independent_unit
H0,SAME_MODEL_DIFFERENT_PLANNER_STREAM,pusht,success_fraction,R3_ORIGINAL,0.91,100,100,0.85,0.96,100,R3_ORIGINAL,0.0,0.0,0.0,0.0,0.0,UNADJUSTED_POINTWISE,CASE
H0,SAME_MODEL_DIFFERENT_PLANNER_STREAM,pusht,success_fraction,R4_ALT_CEM_1,0.92,100,100,0.86,0.97,100,R3_ORIGINAL,0.01,-0.05,0.07,-0.041237113402061855,0.07478398871451217,UNADJUSTED_POINTWISE,CASE
H0,SAME_MODEL_DIFFERENT_PLANNER_STREAM,pusht,success_fraction,R4_ALT_CEM_2,0.93,100,100,0.88,0.98,100,R3_ORIGINAL,0.02,-0.03,0.08,-0.02912621359223301,0.06930693069306931,UNADJUSTED_POINTWISE,CASE
REFIT_103201,SAME_MODEL_DIFFERENT_PLANNER_STREAM,pusht,success_fraction,R3_ORIGINAL,0.94,100,100,0.89,0.98,100,R3_ORIGINAL,0.0,0.0,0.0,0.0,0.0,UNADJUSTED_POINTWISE,CASE
REFIT_103201,SAME_MODEL_DIFFERENT_PLANNER_STREAM,pusht,success_fraction,R4_ALT_CEM_1,0.95,100,100,0.9,0.99,100,R3_ORIGINAL,0.01,-0.03,0.05,-0.030927835051546393,0.05263157894736842,UNADJUSTED_POINTWISE,CASE
REFIT_103201,SAME_MODEL_DIFFERENT_PLANNER_STREAM,pusht,success_fraction,R4_ALT_CEM_2,0.95,100,100,0.9,0.99,100,R3_ORIGINAL,0.01,-0.03,0.05024999999999637,-0.03125,0.05319148936170213,UNADJUSTED_POINTWISE,CASE
REFIT_103202,SAME_MODEL_DIFFERENT_PLANNER_STREAM,pusht,success_fraction,R3_ORIGINAL,0.95,100,100,0.9,0.99,100,R3_ORIGINAL,0.0,0.0,0.0,0.0,0.0,UNADJUSTED_POINTWISE,CASE
REFIT_103202,SAME_MODEL_DIFFERENT_PLANNER_STREAM,pusht,success_fraction,R4_ALT_CEM_1,0.93,100,100,0.88,0.98,100,R3_ORIGINAL,-0.02,-0.07,0.03,-0.06864443797320909,0.03,UNADJUSTED_POINTWISE,CASE
REFIT_103202,SAME_MODEL_DIFFERENT_PLANNER_STREAM,pusht,success_fraction,R4_ALT_CEM_2,0.95,100,100,0.91,0.99,100,R3_ORIGINAL,0.0,-0.04,0.04,-0.04,0.04,UNADJUSTED_POINTWISE,CASE
REFIT_103203,SAME_MODEL_DIFFERENT_PLANNER_STREAM,pusht,success_fraction,R3_ORIGINAL,0.93,100,100,0.88,0.98,100,R3_ORIGINAL,0.0,0.0,0.0,0.0,0.0,UNADJUSTED_POINTWISE,CASE
REFIT_103203,SAME_MODEL_DIFFERENT_PLANNER_STREAM,pusht,success_fraction,R4_ALT_CEM_1,0.92,100,100,0.86,0.97,100,R3_ORIGINAL,-0.01,-0.05,0.03,-0.04256463051933196,0.020618556701030927,UNADJUSTED_POINTWISE,CASE
REFIT_103203,SAME_MODEL_DIFFERENT_PLANNER_STREAM,pusht,success_fraction,R4_ALT_CEM_2,0.93,100,100,0.88,0.98,100,R3_ORIGINAL,0.0,-0.03,0.03,-0.030303030303030304,0.029411764705882353,UNADJUSTED_POINTWISE,CASE
