world,method,R_k1,R_k8,R_k16,between_share,c_frame_R2,c_hist_R2,c_episode_R2,gap_k8,R_k8_ci_low,R_k8_ci_high
DYN_HID-DISC-STRONG,XS,0.42155839951890606,0.6409946667788852,0.7421458358183246,0.0965100656146316,0.20522714573830733,0.5486609147005956,0.8932667981162882,0.4422103377220309,0.6033821179228118,0.6803447985518501
DYN_HID-DISC-STRONG,POOL,0.3860306255800386,0.6115129508827563,0.7319367104815134,0.09433830261649041,0.202445634705664,0.5419475720649095,0.8915855675065044,0.41272862182590186,0.5768588934074858,0.6482083242920718
DYN_HID-DISC-STRONG,EP,1.038219965007211,1.1996154260729563,1.2325862536601837,0.027919542684097357,-0.0005874016725671191,0.0018851100997033428,0.0330796281044474,1.000831097016102,1.1132263852849098,1.2858119334901361
DYN_HID-DISC-STRONG,EP_SHUF,0.4186598537147452,0.6377564663614251,0.7427659364228307,0.09296364360182034,0.20322271381346635,0.5457516376101998,0.8929259957345569,0.43897213730457096,0.6001937185588272,0.676826297582519
DYN_HID-DISC-STRONG,TC,0.3106133935552354,0.5476893086487952,0.6597355100982555,0.11103514846833322,0.20770570694130916,0.5474049155656876,0.8955607597513998,0.3489049795919409,0.5164037420603078,0.5778941287282535
DYN_HID-DISC-STRONG,SM_B,0.33106041360018645,0.5652770763581699,0.6682321163409326,0.12314616341971923,0.20960540281537776,0.5491035231630371,0.8940982392339407,0.36649274730131554,0.5328879585608867,0.5977534764570558
DYN_HID-DISC-STRONG,SMX_B,0.44858644017085764,0.6670398189501873,0.7738184851840072,0.11129609088214709,0.2089401745285786,0.5500102512120494,0.8965554049601999,0.4682554898933331,0.6273109281528266,0.7058880318414995
DYN_HID-DISC-STRONG,NO_REG,2.0575294714376455,2.0539773191552713,2.064819057646979,0.021063947652273915,-0.0007402808641066757,-0.0012835293343255911,-0.0006749133031544082,1.8551929900984172,1.8902980115956147,2.215094918694259
DYN_HID-DISC-STRONG,SUP_DIRECT,0.20233281695223693,0.380261775489423,0.37793004474947534,0.15752419377981344,0.18561378189779706,0.5008030373541713,0.880499507072381,0.18147744643256866,0.36246444078933904,0.3976518892048937
DYN_HID-DISC-WEAK,XS,0.27779204759516923,0.37140545149983545,0.3780591530368926,0.04274709446418435,0.018421624838542112,0.08058715232303569,0.36925723545053885,0.16197200807344775,0.35816848262565465,0.3858504982474443
DYN_HID-DISC-WEAK,POOL,0.2533409215120343,0.3504540012087749,0.3555445896420246,0.043098589524746024,0.018850335861930172,0.08172435261094214,0.3734504889961951,0.14102055778238715,0.3380969576887667,0.36347678978632303
DYN_HID-DISC-WEAK,EP,1.140584691119715,1.1266853429006398,1.1404044738033607,0.028323497051505286,0.011245565057873441,0.05756488443774068,0.28643043559153053,0.917251899474252,1.0775730518576756,1.177481392173136
DYN_HID-DISC-WEAK,EP_SHUF,0.28756413089329874,0.37876801714961844,0.3854144799587824,0.04230725886295261,0.018255303363973834,0.07975303752205164,0.36796732228498086,0.16933457372323074,0.36487914458317733,0.39395246477791873
DYN_HID-DISC-WEAK,TC,0.23513404085080172,0.3407020629364073,0.3433258894404718,0.04178129887937195,0.01786622604978753,0.07900795393440446,0.3610587232563805,0.1312686195100196,0.32941732010454466,0.35210272884548355
DYN_HID-DISC-WEAK,SM_B,0.1787083865661764,0.2960095086063128,0.3002501152210781,0.04300142665171978,0.017145787569813515,0.07597015683471724,0.35804880559261726,0.0865760651799251,0.28659748432116927,0.3053477277969965
DYN_HID-DISC-WEAK,SMX_B,0.20297456185098836,0.31402066315827204,0.31892033163665606,0.04327065012116186,0.01836256944894969,0.07997916870475831,0.3708844235661261,0.10458721973188437,0.303673972548264,0.3247170379247479
DYN_HID-DISC-WEAK,NO_REG,1.657201115025895,1.6018292862926111,1.618160788672651,0.019938345732806215,-0.0004150554280984246,-0.0026309844150433546,-0.00039899484987974504,1.3923958428662233,1.5364452104946018,1.666652750782465
DYN_HID-DISC-WEAK,SUP_DIRECT,0.13728478122661533,0.2674603586047874,0.27047693548781226,0.05170663382725783,0.018183338131307014,0.07369283602697128,0.3353792299595606,0.058026915178399655,0.2591194651288921,0.2756964131619209
DYN_HID-GAUSS-STRONG,XS,0.47953781477896545,0.7242530611714179,0.8250156034794659,0.09086901631128246,0.15348730380742373,0.43649860500363413,0.7642975133950709,0.49073867154402434,0.6697925023631955,0.788306109968689
DYN_HID-GAUSS-STRONG,POOL,0.4644773595762393,0.7136911324292226,0.8177640682829342,0.09071212419388548,0.15304578439997366,0.4337467289373138,0.7612157733897007,0.48017674280182904,0.658976569921607,0.7759633314296831
DYN_HID-GAUSS-STRONG,EP,1.3053938176256106,1.4036750712194308,1.435172022200982,0.027787866855216985,-0.0007013168720751787,-0.0014472925121587858,0.026069509579469297,1.1701606815920373,1.2680490063447527,1.551797372582037
DYN_HID-GAUSS-STRONG,EP_SHUF,0.5148502856236039,0.7574007968785444,0.8550079157170783,0.08896620323120026,0.15258758738450365,0.43490027192905895,0.763646686064183,0.5238864072511509,0.698849818855172,0.8258287044405715
DYN_HID-GAUSS-STRONG,TC,0.3350203329901376,0.6256473648060831,0.7380650179449898,0.0971913528215011,0.15538447015426934,0.4365646285028714,0.7621860794663924,0.3921329751786895,0.5803108789258846,0.678091205502911
DYN_HID-GAUSS-STRONG,SM_B,0.33674064156473316,0.6150349619960574,0.7280848219090251,0.10553374991373615,0.15679090930020598,0.4390291031866094,0.7645192601097618,0.3815205723686639,0.5713463734362859,0.6653204366195888
DYN_HID-GAUSS-STRONG,SMX_B,0.5115004771508044,0.7460369570002391,0.8354164080736015,0.10418117443272557,0.15668945910453033,0.4374970393736242,0.7636399686737811,0.5125225673728455,0.6885138008552669,0.8123014452040648
DYN_HID-GAUSS-STRONG,NO_REG,2.1856553378164176,2.163998047102046,2.172782011085348,0.025804729178570195,-0.00014224515155120132,-0.001724886655292246,3.538765285526768e-06,1.9304836574746527,1.9732626551887396,2.3821520997718335
DYN_HID-GAUSS-STRONG,SUP_DIRECT,0.24144934596899878,0.4499094951221543,0.44576917220657136,0.10696449595319675,0.1547495746331998,0.42328410309731773,0.7448099249835053,0.21639510549476074,0.42095524899637216,0.48130161363257973
DYN_HID-GAUSS-WEAK,XS,0.2847087750474209,0.39174786404006023,0.3896234873039465,0.04251764683851637,0.013602377047789493,0.07223340937655737,0.41687153531157195,0.1826427699958098,0.37711878176124447,0.40580188353506796
DYN_HID-GAUSS-WEAK,POOL,0.24714814748026512,0.35406112906307996,0.3526631347872737,0.042858841157312845,0.013797300292379836,0.0732098699987125,0.4170491126482195,0.14495603501882948,0.34130462932931604,0.36628245464230386
DYN_HID-GAUSS-WEAK,EP,1.23590400370692,1.2765137277021605,1.2504446469456205,0.02753237048747822,0.005531165136872314,0.053670355161418735,0.3251922352511853,1.0674086336579103,1.2203561376872898,1.3318611820995594
DYN_HID-GAUSS-WEAK,EP_SHUF,0.2953933247262472,0.40079387089171653,0.39747549168516194,0.042138310973684,0.013431971590966338,0.07194063391903531,0.41387927784562967,0.19168877684746613,0.38535642697003686,0.4156219090002998
DYN_HID-GAUSS-WEAK,TC,0.2536503364333274,0.35851413529764314,0.35461258393451095,0.042011264160500966,0.013013766590248907,0.06931177014044915,0.41225039236259936,0.1494090412533927,0.3444974145107714,0.37170559065911496
DYN_HID-GAUSS-WEAK,SM_B,0.17466151433827218,0.28861339840957995,0.28919715650411426,0.0429556041341474,0.011961294206875176,0.06705537335365926,0.4067423211837595,0.0795083043653295,0.2791673072764064,0.29820186444226654
DYN_HID-GAUSS-WEAK,SMX_B,0.23194024144422962,0.3404481167594821,0.3402228329126384,0.043395333771358964,0.013098482786536822,0.06957669257501663,0.4103684838254708,0.13134302271523163,0.32863744887731333,0.3524231876960894
DYN_HID-GAUSS-WEAK,NO_REG,1.6519062497761776,1.674058951615457,1.6417135020137454,0.020096119692203953,-0.007627711367758416,-0.006862356782916838,-0.0076206786869217336,1.4649538575712064,1.6065220279236512,1.7376890176689965
DYN_HID-GAUSS-WEAK,SUP_DIRECT,0.14332406079539467,0.2641854490063101,0.2689446118746593,0.048807026215461485,0.012750731424960157,0.058448594443638036,0.3845551571116235,0.05508035496205965,0.25542068358163544,0.2728931863405986
DYN_VIS-DISC-STRONG,XS,0.3427883233800693,0.43636367014303734,0.4387249100223711,0.3002663160720708,0.7694783706189208,0.913972903281414,0.9851951612693927,0.2432005452213193,0.4174255352315851,0.4569678304265404
DYN_VIS-DISC-STRONG,POOL,0.3440863057080006,0.4239765863446883,0.42589584363789496,0.1796111964714143,0.6189026900922172,0.8295062482142415,0.9582375233549644,0.23081346142297032,0.40567499606731117,0.44357839222649836
DYN_VIS-DISC-STRONG,EP,0.8462283248152692,1.0325306968578059,1.0406330692035348,0.03280843227613676,-0.004694143704878566,0.0003946203752967688,0.010810716673494777,0.8393675719360878,0.9698320528771773,1.1008147833798199
DYN_VIS-DISC-STRONG,EP_SHUF,0.3610308471189236,0.4457740883622135,0.45018436950773494,0.18295052249832486,0.5791009763877847,0.8071381516606692,0.9516476910757357,0.2526109634404954,0.42562415436922985,0.46706960263138375
DYN_VIS-DISC-STRONG,TC,0.40256170671959723,0.48713242689370945,0.482221357558998,0.47835918544581485,0.7731137046551648,0.9343280901254231,0.9870013415168236,0.2939693019719914,0.46473913024911573,0.5120879056837128
DYN_VIS-DISC-STRONG,SM_B,0.3914222803984586,0.48083106102234635,0.47938707873571845,0.45540449695334034,0.7370545170335085,0.927040205171922,0.9862723411781452,0.28766793610062835,0.4607458765553158,0.5023212694461013
DYN_VIS-DISC-STRONG,SMX_B,0.3807711515634728,0.48314369955851094,0.4853313836289906,0.32502721701631415,0.8440798208522281,0.9478676061936251,0.9921984828858541,0.28998057463679283,0.4606841579374049,0.5068816517503258
DYN_VIS-DISC-STRONG,NO_REG,2.1993636170966506,2.20988776173851,2.206530760193621,0.06609952220516312,0.023517657969220767,-0.0002816960933736401,0.028290864090188366,2.016724636816792,2.039393214042813,2.387337295816384
DYN_VIS-DISC-STRONG,SUP_DIRECT,0.12460971615026105,0.22320941892559057,0.2240532675507232,0.504541868851,0.9860015988377248,0.9970407053014743,0.9995334607306008,0.03004629400387253,0.21554335040373443,0.23095221522173912
DYN_VIS-DISC-WEAK,XS,0.19245481393938846,0.2865664501653102,0.28690152664214646,0.29051661285843494,0.9284703878216695,0.9872151108264586,0.998022362506411,0.09356411443807036,0.2775278529970821,0.2960473273581466
DYN_VIS-DISC-WEAK,POOL,0.17117975128256957,0.2684049816252364,0.26924277331513163,0.2343427683735607,0.908513336728544,0.9814732699508903,0.9971257335950946,0.0754026458979966,0.26020020054400206,0.2768504944738053
DYN_VIS-DISC-WEAK,EP,1.0029703443440967,1.0679548108167316,1.0792663538881697,0.02631085106088085,-0.0031277403484323654,-0.007270412200399257,0.008391261259043362,0.874952475089492,1.0222725935750536,1.1140516083480119
DYN_VIS-DISC-WEAK,EP_SHUF,0.2014455164304647,0.297701199788377,0.2983425841867837,0.23505750325457828,0.9031336042465693,0.9799459220850945,0.9968076234275589,0.10469886406113715,0.28808623334313976,0.30747614001685436
DYN_VIS-DISC-WEAK,TC,0.2649896751278004,0.3645884008372769,0.36203456479565627,0.12687225924373183,0.25345413487133367,0.4328768373270801,0.5623104868811933,0.1715860651100371,0.35315638702026786,0.37628573261769815
DYN_VIS-DISC-WEAK,SM_B,0.38170790318138986,0.46896281861001315,0.47168481427697095,0.24888870293620435,0.5235980956536822,0.8615604617428638,0.9623124848230104,0.2759604828827733,0.45214048666493045,0.4857025417314361
DYN_VIS-DISC-WEAK,SMX_B,0.18084568821919378,0.277048439474381,0.2786115996504705,0.28390970096131984,0.9262651658667166,0.9864766594664283,0.9978803539757788,0.08404610374714117,0.2686154190912159,0.28561447971513754
DYN_VIS-DISC-WEAK,NO_REG,1.6110712537782952,1.6518247392211147,1.6640429044075595,0.026066575144287157,-0.0013332596579411586,-0.005176177967701201,-0.0011333385764184523,1.458822403493875,1.5883197415495898,1.7171407630772577
DYN_VIS-DISC-WEAK,SUP_DIRECT,0.11984300749592475,0.22439190288853103,0.22935850871460842,0.2363939051266785,0.8732654977369406,0.973603988613735,0.9959864499818899,0.03138956716129118,0.21775894996516662,0.23160224054608117
DYN_VIS-GAUSS-STRONG,XS,0.35990481170624866,0.4681511955838136,0.48096156280673513,0.5479379135563675,0.9187552725147704,0.9497217087601554,0.9623464532308396,0.2722005291605577,0.43671849535810386,0.5048418157298217
DYN_VIS-GAUSS-STRONG,POOL,0.3498623681699529,0.44761819300444333,0.45388367588279777,0.271443819442724,0.8858037147941703,0.9546563122299476,0.9791700895706125,0.2516675265811875,0.42010876742953157,0.47745987045577626
DYN_VIS-GAUSS-STRONG,EP,0.745784043285736,0.9387320596800537,0.982575131036603,0.03294225659167562,-0.017020187038835493,-0.019005447641454436,0.012709423508591259,0.7427813932567978,0.8638364327757648,1.0156285781871859
DYN_VIS-GAUSS-STRONG,EP_SHUF,0.37599873561331076,0.4723839447887454,0.4776435447957712,0.2714599239773768,0.8667875398495436,0.9447180654548372,0.9728434627992701,0.27643327836548953,0.44284808406346793,0.5043985774053935
DYN_VIS-GAUSS-STRONG,TC,0.2993223707880272,0.40804549063874157,0.41614628577530643,0.5749399468399876,0.805674157389372,0.9233309555861094,0.9729065797218773,0.21209482421548573,0.3837127633057128,0.43467021578568055
DYN_VIS-GAUSS-STRONG,SM_B,0.43715831290892315,0.5430331554265763,0.5542200459858813,0.515436976782718,0.7506670641325064,0.909431824468685,0.9653866131548371,0.3470824890033204,0.5062865024293296,0.5815796145101422
DYN_VIS-GAUSS-STRONG,SMX_B,0.3160264742332134,0.42148136493685656,0.43266842772984765,0.5696436941547018,0.9328204667951373,0.9562276567718683,0.96544036343476,0.2255306985136008,0.3935071098746193,0.4522295929291302
DYN_VIS-GAUSS-STRONG,NO_REG,2.013968574388411,2.050529357719134,2.0527756446499588,0.10426040975433393,-0.004370193153348967,-0.016429410987012578,-0.0019863865042055173,1.8545786912958777,1.877559466583931,2.235973097252119
DYN_VIS-GAUSS-STRONG,SUP_DIRECT,0.12783290275831746,0.23192327143519856,0.22983563640023363,0.5249758560532348,0.9676467016696527,0.9821779202654007,0.9917056497411375,0.035972605011942806,0.22423635614692985,0.23965331721951555
DYN_VIS-GAUSS-WEAK,XS,0.20588419152091295,0.2896953626969045,0.2865099962609215,0.3439781204003652,0.9255697889370982,0.9838651705803162,0.9952434907781579,0.09755347794856056,0.2794184205527007,0.299599122891208
DYN_VIS-GAUSS-WEAK,POOL,0.19839903404376255,0.2814208224053268,0.2788919163853799,0.27055158316550515,0.8794157217129667,0.9677322144135422,0.992710956290629,0.0892789376569828,0.27154493743276736,0.2909610855877713
DYN_VIS-GAUSS-WEAK,EP,1.0483722832090852,1.0488020215060987,1.029528510803897,0.026983171208944074,-0.01057773119089476,-0.009311194897837235,0.018284507228557383,0.8566601367577547,1.0066182015659797,1.0933511133099567
DYN_VIS-GAUSS-WEAK,EP_SHUF,0.24153006076609693,0.3192733962948709,0.31515180496918577,0.27475293146573415,0.8768645428793791,0.9672871404727852,0.9921307797585827,0.12713151154652694,0.3078883769162607,0.3298237903227623
DYN_VIS-GAUSS-WEAK,TC,0.25531712823227987,0.34376022645375476,0.3391273929473502,0.0951815975863286,0.1177214795118577,0.2589452983433887,0.44071488120355506,0.1516183417054109,0.3316623304473914,0.3550399251111107
DYN_VIS-GAUSS-WEAK,SM_B,0.34455672303882406,0.4136391071791354,0.4056892617913476,0.2893454258588771,0.5582776983111187,0.8532092794313385,0.959179946158924,0.22149722243079142,0.3981861305294738,0.4293971989117368
DYN_VIS-GAUSS-WEAK,SMX_B,0.21188572526699775,0.2997096931474719,0.29678916912956943,0.3468934063305978,0.927878558457334,0.9845825310802988,0.9957446356669385,0.10756780839912793,0.2888774675494272,0.3098298437576626
DYN_VIS-GAUSS-WEAK,NO_REG,1.7287456292028445,1.6707700068766258,1.637773762588879,0.04156045164204411,-0.009489713025415994,-0.012649256802796513,-0.009289203131163937,1.4786281221282818,1.6077084311723808,1.7385910372221385
DYN_VIS-GAUSS-WEAK,SUP_DIRECT,0.1247031116522125,0.2289325554266086,0.2283151011160142,0.23438883290436655,0.8847670336471672,0.9757992947195343,0.995883384409419,0.03679067067826463,0.22077205909017725,0.23724874078281977
OBS-DISC-STRONG,XS,0.22045843516436983,0.3160262791384228,0.31923393138908684,0.30691464478842456,0.8948536016683019,0.9701768318633789,0.995491326644645,0.12164732613000456,0.3061809751133307,0.3261815898252349
OBS-DISC-STRONG,POOL,0.19839343778381568,0.30087954678225487,0.30418327426634967,0.16667615386466647,0.6583977041004817,0.8737515522645735,0.973677741038426,0.10650059377383664,0.29221216914612796,0.3097108122351905
OBS-DISC-STRONG,EP,0.9128157843258693,0.9296692190192379,0.938496384133384,0.02836497241483152,-0.0005206042709166581,0.0021110330514204265,0.0374788698383001,0.7352902660108197,0.8943409287612384,0.9646820020655866
OBS-DISC-STRONG,EP_SHUF,0.20800200297348503,0.30817114571159415,0.31218171016776886,0.16451686268730603,0.5873673118079843,0.827887990165029,0.9629859011028136,0.11379219270317592,0.2989728405082994,0.3176369528953684
OBS-DISC-STRONG,TC,0.23798879864263164,0.32989118937638345,0.3306252349806648,0.4792874384064209,0.7346160521020778,0.919713207001425,0.9817171259344862,0.13551223636796528,0.3204374771585787,0.33994832377939554
OBS-DISC-STRONG,SM_B,0.32500932842119284,0.4157742788822858,0.41599262826507655,0.4362637394087991,0.7019815923245526,0.9196504792311847,0.980178348906565,0.22139532587386757,0.4021237854971608,0.42955257099280186
OBS-DISC-STRONG,SMX_B,0.24483428615281164,0.33886176924096684,0.33906212484152404,0.3256371948473628,0.9267603774171894,0.980156944113133,0.997076698627434,0.14448281623254866,0.3281640478263286,0.35038904109381247
OBS-DISC-STRONG,NO_REG,1.5912855459282917,1.578526558714693,1.5847206078992675,0.14524476210799,0.06860806762271099,0.009995863520520362,0.07625721559140641,1.3841476057062747,1.525061717010294,1.6293155267066892
OBS-DISC-STRONG,SUP_DIRECT,0.12114297918009402,0.22436829693105623,0.22981975533764798,0.07815384037097424,0.37510666285549793,0.6443162891862033,0.8915927232342836,0.029989343922638037,0.21782781260797648,0.23181771967710127
OBS-DISC-WEAK,XS,0.19948550064424886,0.2979915365262941,0.2978392646959613,0.287695573745313,0.9240889442891204,0.9859011537441789,0.9982434293371587,0.10223373889213928,0.2891029996669413,0.3076608113743422
OBS-DISC-WEAK,POOL,0.1772257882546339,0.2772217604628073,0.27757884438623526,0.22240561913770995,0.8375643975871517,0.9504229955188311,0.9912958989263325,0.0814639628286524,0.2694889095940182,0.2859164618795286
OBS-DISC-WEAK,EP,1.0531035109670148,1.0795889425458918,1.0687675555770066,0.025132196390202432,-0.0002079767953595916,-0.005340799401822083,0.017880189200925784,0.8838311449117369,1.039901240516324,1.1218822108539448
OBS-DISC-WEAK,EP_SHUF,0.21022276934519055,0.3064651949689173,0.3067138856939348,0.2256745840237372,0.8187548613690877,0.9440350416751295,0.9903769892473436,0.1107073973347624,0.29748120670466294,0.3165475916813861
OBS-DISC-WEAK,TC,0.22842973746799697,0.31752184022860236,0.3155406680114773,0.06992012217029091,0.09203472479402179,0.16831372473832384,0.22285443474047337,0.12176404259444751,0.3077959212504066,0.3280520050822666
OBS-DISC-WEAK,SM_B,0.3152792670448383,0.4030045782624479,0.40369582138665105,0.24023527980691659,0.4617759020704732,0.7589653106785238,0.855382243748308,0.2072467806282931,0.38822070553697946,0.419085381193868
OBS-DISC-WEAK,SMX_B,0.20031967121396418,0.2980976120988061,0.2976881498617721,0.2860834564212578,0.9284869883439327,0.9870683896380793,0.9984951689186152,0.10233981446465126,0.2888540647595519,0.3079622011919218
OBS-DISC-WEAK,NO_REG,1.6679254684345082,1.634081304830543,1.6194997064534773,0.024780573704392503,0.0005171168367110365,-0.0008797881738643968,0.000636057751885725,1.438323507196388,1.5806619558951025,1.690534391140769
OBS-DISC-WEAK,SUP_DIRECT,0.12227005286493901,0.22994271121475482,0.23302237993902375,0.05510146398161725,0.1154392432664289,0.33156028200814297,0.7320655815387664,0.034184913580599954,0.2231069697616012,0.23731022581076097
OBS-GAUSS-STRONG,XS,0.2840034649081929,0.37571158862707105,0.38322213678459666,0.5299209730070309,0.9140520476875335,0.9381390855938699,0.9525385432588728,0.17728803349649924,0.35608309626487034,0.39658293388548355
OBS-GAUSS-STRONG,POOL,0.30199724479404777,0.38777548752247387,0.39467063377373357,0.2616316880418145,0.9187351968746906,0.9705037284375244,0.9877832851750113,0.189351932391902,0.3666462358081936,0.4095342949553302
OBS-GAUSS-STRONG,EP,0.725567744120486,0.8016578996260145,0.8216615847327007,0.02962540457373215,-0.0007293287126461379,-0.001508737026553612,0.03925060101978186,0.6032343444954427,0.768743973153899,0.8378171424232712
OBS-GAUSS-STRONG,EP_SHUF,0.32529179859582485,0.4061407045199436,0.4094736228018537,0.26257561224162523,0.9026842937645198,0.9641410580625784,0.9845007253136492,0.20771714938937172,0.3840342709630387,0.428532254235428
OBS-GAUSS-STRONG,TC,0.4242663727366365,0.5140915888269653,0.5144640809975282,0.5330447795526604,0.7519457519283986,0.9309409704022462,0.9675032661158842,0.3156680336963934,0.4897080369719965,0.5384007786824887
OBS-GAUSS-STRONG,SM_B,0.2466814868396672,0.33827964531544036,0.3389473696907745,0.489424251733497,0.7355487004288209,0.9105478985739666,0.9697451024514603,0.13985609018486855,0.3273782132911492,0.3493313579241473
OBS-GAUSS-STRONG,SMX_B,0.24362843160616962,0.3407833943468826,0.3451448560523391,0.5407880408714395,0.9151527961932815,0.9435075549477824,0.9580326068378854,0.14235983921631074,0.3256940597013096,0.3573801546163327
OBS-GAUSS-STRONG,NO_REG,1.6259179772501124,1.6343885345559357,1.6599516881357592,0.12845537005029325,0.014272530881161224,0.00017432472388527,0.016678409412366164,1.435964979425364,1.5839695669826135,1.6907573714197313
OBS-GAUSS-STRONG,SUP_DIRECT,0.12454756237059805,0.23125528491692357,0.23699555430314148,0.09743233965073674,0.2945341142285311,0.483318298610252,0.6573681050897727,0.03283172978635175,0.22399945985148775,0.23866805281870895
OBS-GAUSS-WEAK,XS,0.1904122129023027,0.2819219709914707,0.28662343563925624,0.34436571932627885,0.9185446402658726,0.9827189927912707,0.9958071606274411,0.08940946235664411,0.27338386079174387,0.29105337901987116
OBS-GAUSS-WEAK,POOL,0.18081731411027335,0.2712427855113444,0.27554993223670404,0.22538787485922226,0.705733829953426,0.8284726395972348,0.93555864158087,0.07873027687651787,0.26258871549798835,0.2801712856600149
OBS-GAUSS-WEAK,EP,1.0966620375813367,1.1290560609412092,1.151251331618596,0.02576732758707608,-0.0008663230640300242,-0.009467667905920832,0.003990095856467424,0.9365435523063828,1.0941012605925073,1.165580201960298
OBS-GAUSS-WEAK,EP_SHUF,0.21033348572685492,0.29909319184114913,0.30567131083077165,0.20999515055421258,0.6274674339225007,0.7336026088295169,0.8829336169300422,0.10658068320632258,0.28978880097751497,0.30896723661749886
OBS-GAUSS-WEAK,TC,0.20230893264109018,0.29604370208846326,0.30098455224735926,0.0372309688322753,7.201880101977605e-05,-0.0006497350390401816,0.01439896563309421,0.10353119345363665,0.28767639061670697,0.30458288525500415
OBS-GAUSS-WEAK,SM_B,0.39748551209643096,0.4569229814312295,0.4451764864279248,0.26000486949616425,0.48231829512448304,0.8496511357780041,0.9313532629549351,0.26441047279640295,0.43889243516685084,0.47504814107872684
OBS-GAUSS-WEAK,SMX_B,0.1902605732402266,0.28465127498319426,0.2897202287986052,0.35026432086744674,0.9274949765661363,0.9855620320803995,0.9967585780135958,0.09213876634836775,0.2759934898899199,0.2936280134298765
OBS-GAUSS-WEAK,NO_REG,1.5914523092179003,1.6050385391586381,1.6352312243169187,0.03923019477580172,0.00023217614474561424,-0.0031421331255556315,0.0003257320108742319,1.412526030523812,1.5564235666634385,1.656612142212477
OBS-GAUSS-WEAK,SUP_DIRECT,0.11957168181433271,0.22643712258572882,0.22571775025075583,0.06792990123176107,0.2606457319118038,0.532571567359959,0.8377126167443286,0.03392461395090225,0.21916907810700895,0.2342576946957889
