world,method,c_frame_R2,nonlinear_c_R2,c_hist_R2,c_episode_R2,x_frame_R2,nonlinear_x_R2,n_frame_R2,nonlinear_n_R2
DYN_HID-DISC-STRONG,XS,0.20522714573830733,NOT_AUTHORIZED,0.5486609147005956,0.8932667981162882,0.832191432098846,NOT_AUTHORIZED,0.8708251996964447,NOT_AUTHORIZED
DYN_HID-DISC-STRONG,EP,-0.0005874016725671191,NOT_AUTHORIZED,0.0018851100997033428,0.0330796281044474,0.47268337219605017,NOT_AUTHORIZED,0.31074115223489013,NOT_AUTHORIZED
DYN_HID-DISC-STRONG,EP_SHUF,0.20322271381346635,NOT_AUTHORIZED,0.5457516376101998,0.8929259957345569,0.8313728074654683,NOT_AUTHORIZED,0.8601852610827189,NOT_AUTHORIZED
DYN_HID-DISC-STRONG,TC,0.20770570694130916,NOT_AUTHORIZED,0.5474049155656876,0.8955607597513998,0.9066976221681374,NOT_AUTHORIZED,0.8195606309040012,NOT_AUTHORIZED
DYN_HID-DISC-WEAK,XS,0.018421624838542112,NOT_AUTHORIZED,0.08058715232303569,0.36925723545053885,0.8693040559974051,NOT_AUTHORIZED,0.8848353261862157,NOT_AUTHORIZED
DYN_HID-DISC-WEAK,EP,0.011245565057873441,NOT_AUTHORIZED,0.05756488443774068,0.28643043559153053,0.24772518207312152,NOT_AUTHORIZED,0.21472385929442753,NOT_AUTHORIZED
DYN_HID-DISC-WEAK,EP_SHUF,0.018255303363973834,NOT_AUTHORIZED,0.07975303752205164,0.36796732228498086,0.8624393116880982,NOT_AUTHORIZED,0.876487359705277,NOT_AUTHORIZED
DYN_HID-DISC-WEAK,TC,0.01786622604978753,NOT_AUTHORIZED,0.07900795393440446,0.3610587232563805,0.9053149145330971,NOT_AUTHORIZED,0.8325481655078067,NOT_AUTHORIZED
DYN_HID-GAUSS-STRONG,XS,0.15348730380742373,NOT_AUTHORIZED,0.43649860500363413,0.7642975133950709,0.8364652483589751,NOT_AUTHORIZED,0.8510671639587594,NOT_AUTHORIZED
DYN_HID-GAUSS-STRONG,EP,-0.0007013168720751787,NOT_AUTHORIZED,-0.0014472925121587858,0.026069509579469297,0.3660814471962281,NOT_AUTHORIZED,0.30471116152378674,NOT_AUTHORIZED
DYN_HID-GAUSS-STRONG,EP_SHUF,0.15258758738450365,NOT_AUTHORIZED,0.43490027192905895,0.763646686064183,0.8173082829674551,NOT_AUTHORIZED,0.8471254751829743,NOT_AUTHORIZED
DYN_HID-GAUSS-STRONG,TC,0.15538447015426934,NOT_AUTHORIZED,0.4365646285028714,0.7621860794663924,0.9272657926596429,NOT_AUTHORIZED,0.8429584402257159,NOT_AUTHORIZED
DYN_HID-GAUSS-WEAK,XS,0.013602377047789493,NOT_AUTHORIZED,0.07223340937655737,0.41687153531157195,0.8634680508569925,NOT_AUTHORIZED,0.8656783545798175,NOT_AUTHORIZED
DYN_HID-GAUSS-WEAK,EP,0.005531165136872314,NOT_AUTHORIZED,0.053670355161418735,0.3251922352511853,0.204684381734572,NOT_AUTHORIZED,0.1593730642736629,NOT_AUTHORIZED
DYN_HID-GAUSS-WEAK,EP_SHUF,0.013431971590966338,NOT_AUTHORIZED,0.07194063391903531,0.41387927784562967,0.8566028007512353,NOT_AUTHORIZED,0.856570991322462,NOT_AUTHORIZED
DYN_HID-GAUSS-WEAK,TC,0.013013766590248907,NOT_AUTHORIZED,0.06931177014044915,0.41225039236259936,0.8883029540447133,NOT_AUTHORIZED,0.8009767510777884,NOT_AUTHORIZED
DYN_VIS-DISC-STRONG,XS,0.7694783706189208,0.9903540019201897,0.913972903281414,0.9851951612693927,0.8796777353997826,0.9892453175034966,0.017223210830155895,0.2689256924292678
DYN_VIS-DISC-STRONG,EP,-0.004694143704878566,0.15616650566754986,0.0003946203752967688,0.010810716673494777,0.626137456303248,0.8681514259828739,0.5722121645207233,0.8415764448471931
DYN_VIS-DISC-STRONG,EP_SHUF,0.5791009763877847,0.9869785203588693,0.8071381516606692,0.9516476910757357,0.8681911972544946,0.9875184486649838,0.03258857257904494,0.289242343790654
DYN_VIS-DISC-STRONG,TC,0.7731137046551648,0.9849519134806064,0.9343280901254231,0.9870013415168236,0.8511628483482904,0.9854496908333653,0.0007894544004352633,0.02405330923425475
DYN_VIS-DISC-WEAK,XS,0.9284703878216695,0.9449451921564922,0.9872151108264586,0.998022362506411,0.9276407862904144,0.9888376623199818,0.4611735817898303,0.869957821764974
DYN_VIS-DISC-WEAK,EP,-0.0031277403484323654,0.007956503841486143,-0.007270412200399257,0.008391261259043362,0.34098491689865185,0.9631087852391008,0.20983162171400194,0.7267171245464009
DYN_VIS-DISC-WEAK,EP_SHUF,0.9031336042465693,0.9388042529301469,0.9799459220850945,0.9968076234275589,0.9194452850043723,0.9897537848423096,0.33319788730164585,0.6976670447964964
DYN_VIS-DISC-WEAK,TC,0.25345413487133367,0.446443856385526,0.4328768373270801,0.5623104868811933,0.8679818464716647,0.982656685311298,0.4830466380415226,0.7162913591949244
DYN_VIS-GAUSS-STRONG,XS,0.9187552725147704,0.985578870214228,0.9497217087601554,0.9623464532308396,0.8618267761974172,0.9802054855741046,0.0007461819480393816,0.008183509049615253
DYN_VIS-GAUSS-STRONG,EP,-0.017020187038835493,0.2121321726818617,-0.019005447641454436,0.012709423508591259,0.6218135533981289,0.8770722552359276,0.5283839855693545,0.8246762682511055
DYN_VIS-GAUSS-STRONG,EP_SHUF,0.8667875398495436,0.9780345632187472,0.9447180654548372,0.9728434627992701,0.8434395894571226,0.9798654059251337,0.009440861848536097,0.06389970284835533
DYN_VIS-GAUSS-STRONG,TC,0.805674157389372,0.9745489528217729,0.9233309555861094,0.9729065797218773,0.895838232572587,0.9731273704792346,0.001530182589579247,0.0022520311689607406
DYN_VIS-GAUSS-WEAK,XS,0.9255697889370982,0.9407054707618806,0.9838651705803162,0.9952434907781579,0.9246543667464421,0.9881900802016955,0.44143412531749027,0.7474514278817885
DYN_VIS-GAUSS-WEAK,EP,-0.01057773119089476,0.01073347008243634,-0.009311194897837235,0.018284507228557383,0.3505390688059635,0.9611766410397533,0.23558881107799054,0.7049666592181923
DYN_VIS-GAUSS-WEAK,EP_SHUF,0.8768645428793791,0.9151714296553916,0.9672871404727852,0.9921307797585827,0.8984136801291361,0.9886789294410311,0.4990662729193194,0.6880447945106224
DYN_VIS-GAUSS-WEAK,TC,0.1177214795118577,0.2149184562326972,0.2589452983433887,0.44071488120355506,0.8879758759863966,0.9805078625516588,0.6272170442595557,0.7750521598373195
OBS-DISC-STRONG,XS,0.8948536016683019,0.9929727325964851,0.9701768318633789,0.995491326644645,0.9184526977653192,0.9886287074963992,0.004750358914325847,0.06522261158612312
OBS-DISC-STRONG,EP,-0.0005206042709166581,0.012158258672215427,0.0021110330514204265,0.0374788698383001,0.37119831972734013,0.9601020035538709,0.47962540667572906,0.809455881141929
OBS-DISC-STRONG,EP_SHUF,0.5873673118079843,0.9880114181965304,0.827887990165029,0.9629859011028136,0.9275088831775905,0.9874159338158418,0.008027438219003738,0.08871654175831256
OBS-DISC-STRONG,TC,0.7346160521020778,0.984604826597276,0.919713207001425,0.9817171259344862,0.9072469535329755,0.9843833644978742,0.00021339498991333286,0.0035299708016546063
OBS-DISC-WEAK,XS,0.9240889442891204,0.9441476623461571,0.9859011537441789,0.9982434293371587,0.9263055451682988,0.9882981667296645,0.4035347350308216,0.64243353406681
OBS-DISC-WEAK,EP,-0.0002079767953595916,0.004825471317708034,-0.005340799401822083,0.017880189200925784,0.3317399953809539,0.9724298344677956,0.1581865125838952,0.699145717917908
OBS-DISC-WEAK,EP_SHUF,0.8187548613690877,0.8934416497945241,0.9440350416751295,0.9903769892473436,0.9138610196815563,0.9887596198902303,0.4326684570219217,0.7152577387117761
OBS-DISC-WEAK,TC,0.09203472479402179,0.15832279255548756,0.16831372473832384,0.22285443474047337,0.901729873308294,0.9878930877988337,0.6277132728696598,0.838941408978409
OBS-GAUSS-STRONG,XS,0.9140520476875335,0.9863829142271769,0.9381390855938699,0.9525385432588728,0.8803263662894832,0.9799445053100774,0.00048469305021710724,0.01029705580389991
OBS-GAUSS-STRONG,EP,-0.0007293287126461379,0.007795011636691791,-0.001508737026553612,0.03925060101978186,0.48679918442724057,0.9595079693705127,0.28575421112592053,0.8191749062685179
OBS-GAUSS-STRONG,EP_SHUF,0.9026842937645198,0.9777185700173382,0.9641410580625784,0.9845007253136492,0.8427778560495177,0.9807291674934273,0.0015157739574358324,0.017242196956570643
OBS-GAUSS-STRONG,TC,0.7519457519283986,0.9589592239171338,0.9309409704022462,0.9675032661158842,0.7862989933549445,0.955518980267334,0.005845465944597765,0.03638196588574977
OBS-GAUSS-WEAK,XS,0.9185446402658726,0.9364258514684419,0.9827189927912707,0.9958071606274411,0.9260510298599657,0.9874858797742431,0.48140785615683906,0.7640448845939128
OBS-GAUSS-WEAK,EP,-0.0008663230640300242,0.0035908986991307255,-0.009467667905920832,0.003990095856467424,0.25957714019170136,0.96589646137047,0.19903947232644573,0.7375607661665965
OBS-GAUSS-WEAK,EP_SHUF,0.6274674339225007,0.6605507733682462,0.7336026088295169,0.8829336169300422,0.9049177421417496,0.9889018779966579,0.654254702913299,0.9161432256320824
OBS-GAUSS-WEAK,TC,7.201880101977605e-05,0.00673864314381926,-0.0006497350390401816,0.01439896563309421,0.9144410944752611,0.990296916782611,0.8276095671768217,0.9533190065447714
