task,source_study,evaluation_kind,arm,horizon_macro,horizon_raw,cases,training_updates_per_seed,refit_seed_count,success,final_goal_error,executed_raw_steps,replan_calls,trajectory_wall_seconds,success_percent,latent_raw_MSE,latent_TRAIN_variance_normalized_MSE,prediction_norm_l2,target_norm_l2,prediction_norm2_over_D,target_norm2_over_D,prediction_displacement_from_initial_MSE,delta_success_pp,delta_case_ci95_low,delta_case_ci95_high,delta_family_ci95_low,delta_family_ci95_high,delivery_source,delivery_source_sha256,delta_case_ci97_5_low,delta_case_ci97_5_high,universe_cases,status,reason,merge_source_sha256,merge_source_table,new_training_updates,success_case_ci95_low,success_case_ci95_high,reset_label,evidence_label,stream,bootstrap_replicates,interval,source_sha256,report_source_sha256,statistics_source_sha256,protocol_label
pusht,ORIGINAL_R3_UNCHANGED,CLOSED_LOOP_CEM,H0,0,0,100,0,0,0.91,113.47242172596327,27.02,1.17,2.672888269233517,91.0,,,,,,,,,,,,,ORIGINAL_R3_UNCHANGED,6a8676b9d8105649c3088616080c6aa6511a526088e2d10d74272287aff1c2f1,,,,,,15215fe73f950d3a87589f0ab7ff0e7ee03117f469d8ffdc94f89100c2c99404,/workspace/r5/source_tables/R4_MAIN_SEALED/FOUR_TASK_MAIN_TABLE.csv,,,,,,,,,,,,
pusht,ORIGINAL_R3_UNCHANGED,OPEN_LOOP,H0,1,5,100,0,0,,,,,,,0.008431567941027226,0.00837520979307256,13.847323485602812,13.89159985126609,1.0014689263119956,1.0076597239511784,0.19142874276640845,,,,,,ORIGINAL_R3_UNCHANGED,6a8676b9d8105649c3088616080c6aa6511a526088e2d10d74272287aff1c2f1,,,,,,15215fe73f950d3a87589f0ab7ff0e7ee03117f469d8ffdc94f89100c2c99404,/workspace/r5/source_tables/R4_MAIN_SEALED/FOUR_TASK_MAIN_TABLE.csv,,,,,,,,,,,,
pusht,ORIGINAL_R3_UNCHANGED,OPEN_LOOP,H0,2,10,100,0,0,,,,,,,0.016971471468851387,0.016858031037992053,13.848281436804557,13.920717973431135,1.0024079329227704,1.0119436911084778,0.5268988721929587,,,,,,ORIGINAL_R3_UNCHANGED,6a8676b9d8105649c3088616080c6aa6511a526088e2d10d74272287aff1c2f1,,,,,,15215fe73f950d3a87589f0ab7ff0e7ee03117f469d8ffdc94f89100c2c99404,/workspace/r5/source_tables/R4_MAIN_SEALED/FOUR_TASK_MAIN_TABLE.csv,,,,,,,,,,,,
pusht,ORIGINAL_R3_UNCHANGED,OPEN_LOOP,H0,5,25,100,0,0,,,,,,,0.058311686317645946,0.05792192030164969,13.691882675345985,13.759043939454052,0.980806667920901,0.9895836917901345,1.4129929637720158,,,,,,ORIGINAL_R3_UNCHANGED,6a8676b9d8105649c3088616080c6aa6511a526088e2d10d74272287aff1c2f1,,,,,,15215fe73f950d3a87589f0ab7ff0e7ee03117f469d8ffdc94f89100c2c99404,/workspace/r5/source_tables/R4_MAIN_SEALED/FOUR_TASK_MAIN_TABLE.csv,,,,,,,,,,,,
pusht,ORIGINAL_R3_UNCHANGED,CLOSED_LOOP_CEM,REFIT_103201,0,0,100,30000,1,0.94,118.40658763870728,25.0,1.12,2.5317035864433275,94.0,,,,,,,,2.9999999999999916,-2.9999999999999916,8.999999999999996,-3.125822368421052,9.433962264150942,ORIGINAL_R3_UNCHANGED,6a8676b9d8105649c3088616080c6aa6511a526088e2d10d74272287aff1c2f1,,,,,,15215fe73f950d3a87589f0ab7ff0e7ee03117f469d8ffdc94f89100c2c99404,/workspace/r5/source_tables/R4_MAIN_SEALED/FOUR_TASK_MAIN_TABLE.csv,,,,,,,,,,,,
pusht,ORIGINAL_R3_UNCHANGED,OPEN_LOOP,REFIT_103201,1,5,100,30000,1,,,,,,,0.006658591641787705,0.006614084392893752,13.791580726267368,13.89159985126609,0.9931495972087592,1.0076597239511784,0.17982902261971392,,,,,,ORIGINAL_R3_UNCHANGED,6a8676b9d8105649c3088616080c6aa6511a526088e2d10d74272287aff1c2f1,,,,,,15215fe73f950d3a87589f0ab7ff0e7ee03117f469d8ffdc94f89100c2c99404,/workspace/r5/source_tables/R4_MAIN_SEALED/FOUR_TASK_MAIN_TABLE.csv,,,,,,,,,,,,
pusht,ORIGINAL_R3_UNCHANGED,OPEN_LOOP,REFIT_103201,2,10,100,30000,1,,,,,,,0.01740750672896194,0.017291151758378243,13.80711230647896,13.920717973431135,0.9957243039569833,1.0119436911084778,0.49818590059144796,,,,,,ORIGINAL_R3_UNCHANGED,6a8676b9d8105649c3088616080c6aa6511a526088e2d10d74272287aff1c2f1,,,,,,15215fe73f950d3a87589f0ab7ff0e7ee03117f469d8ffdc94f89100c2c99404,/workspace/r5/source_tables/R4_MAIN_SEALED/FOUR_TASK_MAIN_TABLE.csv,,,,,,,,,,,,
pusht,ORIGINAL_R3_UNCHANGED,OPEN_LOOP,REFIT_103201,5,25,100,30000,1,,,,,,,0.05881641439629651,0.05842327468516641,13.680686007057478,13.759043939454052,0.9790522884434081,0.9895836917901345,1.3658830795520398,,,,,,ORIGINAL_R3_UNCHANGED,6a8676b9d8105649c3088616080c6aa6511a526088e2d10d74272287aff1c2f1,,,,,,15215fe73f950d3a87589f0ab7ff0e7ee03117f469d8ffdc94f89100c2c99404,/workspace/r5/source_tables/R4_MAIN_SEALED/FOUR_TASK_MAIN_TABLE.csv,,,,,,,,,,,,
pusht,ORIGINAL_R3_UNCHANGED,CLOSED_LOOP_CEM,REFIT_103202,0,0,100,30000,1,0.95,126.57975635603489,24.61,1.09,2.465791444829665,95.0,,,,,,,,3.9999999999999925,-1.0000000000000009,9.999999999999998,-2.0408163265306034,9.999999999999998,ORIGINAL_R3_UNCHANGED,6a8676b9d8105649c3088616080c6aa6511a526088e2d10d74272287aff1c2f1,,,,,,15215fe73f950d3a87589f0ab7ff0e7ee03117f469d8ffdc94f89100c2c99404,/workspace/r5/source_tables/R4_MAIN_SEALED/FOUR_TASK_MAIN_TABLE.csv,,,,,,,,,,,,
pusht,ORIGINAL_R3_UNCHANGED,OPEN_LOOP,REFIT_103202,1,5,100,30000,1,,,,,,,0.006065344795292902,0.0060248029172270375,13.796007847405283,13.89159985126609,0.9937380788607278,1.0076597239511784,0.18054351709545846,,,,,,ORIGINAL_R3_UNCHANGED,6a8676b9d8105649c3088616080c6aa6511a526088e2d10d74272287aff1c2f1,,,,,,15215fe73f950d3a87589f0ab7ff0e7ee03117f469d8ffdc94f89100c2c99404,/workspace/r5/source_tables/R4_MAIN_SEALED/FOUR_TASK_MAIN_TABLE.csv,,,,,,,,,,,,
pusht,ORIGINAL_R3_UNCHANGED,OPEN_LOOP,REFIT_103202,2,10,100,30000,1,,,,,,,0.015291760345938783,0.015189547412580304,13.804304826747403,13.920717973431135,0.995348995405078,1.0119436911084778,0.4982570434048448,,,,,,ORIGINAL_R3_UNCHANGED,6a8676b9d8105649c3088616080c6aa6511a526088e2d10d74272287aff1c2f1,,,,,,15215fe73f950d3a87589f0ab7ff0e7ee03117f469d8ffdc94f89100c2c99404,/workspace/r5/source_tables/R4_MAIN_SEALED/FOUR_TASK_MAIN_TABLE.csv,,,,,,,,,,,,
pusht,ORIGINAL_R3_UNCHANGED,OPEN_LOOP,REFIT_103202,5,25,100,30000,1,,,,,,,0.05525291586265717,0.05488359522990012,13.670525249196173,13.759043939454052,0.9774978682605244,0.9895836917901345,1.3682541966868893,,,,,,ORIGINAL_R3_UNCHANGED,6a8676b9d8105649c3088616080c6aa6511a526088e2d10d74272287aff1c2f1,,,,,,15215fe73f950d3a87589f0ab7ff0e7ee03117f469d8ffdc94f89100c2c99404,/workspace/r5/source_tables/R4_MAIN_SEALED/FOUR_TASK_MAIN_TABLE.csv,,,,,,,,,,,,
pusht,ORIGINAL_R3_UNCHANGED,CLOSED_LOOP_CEM,REFIT_103203,0,0,100,30000,1,0.93,126.82337342246142,25.03,1.12,2.5320276930276306,93.0,,,,,,,,2.0000000000000018,-4.0000000000000036,7.9999999999999964,-4.90317414094351,8.823529411764708,ORIGINAL_R3_UNCHANGED,6a8676b9d8105649c3088616080c6aa6511a526088e2d10d74272287aff1c2f1,,,,,,15215fe73f950d3a87589f0ab7ff0e7ee03117f469d8ffdc94f89100c2c99404,/workspace/r5/source_tables/R4_MAIN_SEALED/FOUR_TASK_MAIN_TABLE.csv,,,,,,,,,,,,
pusht,ORIGINAL_R3_UNCHANGED,OPEN_LOOP,REFIT_103203,1,5,100,30000,1,,,,,,,0.006047517547240164,0.0060070948297729476,13.785533933685088,13.89159985126609,0.9922407021227899,1.0076597239511784,0.18079806313089225,,,,,,ORIGINAL_R3_UNCHANGED,6a8676b9d8105649c3088616080c6aa6511a526088e2d10d74272287aff1c2f1,,,,,,15215fe73f950d3a87589f0ab7ff0e7ee03117f469d8ffdc94f89100c2c99404,/workspace/r5/source_tables/R4_MAIN_SEALED/FOUR_TASK_MAIN_TABLE.csv,,,,,,,,,,,,
pusht,ORIGINAL_R3_UNCHANGED,OPEN_LOOP,REFIT_103203,2,10,100,30000,1,,,,,,,0.01494531015652997,0.014845412959837576,13.78969131530529,13.920717973431135,0.9932330722395178,1.0119436911084778,0.499298611938347,,,,,,ORIGINAL_R3_UNCHANGED,6a8676b9d8105649c3088616080c6aa6511a526088e2d10d74272287aff1c2f1,,,,,,15215fe73f950d3a87589f0ab7ff0e7ee03117f469d8ffdc94f89100c2c99404,/workspace/r5/source_tables/R4_MAIN_SEALED/FOUR_TASK_MAIN_TABLE.csv,,,,,,,,,,,,
pusht,ORIGINAL_R3_UNCHANGED,OPEN_LOOP,REFIT_103203,5,25,100,30000,1,,,,,,,0.05856168843704707,0.05817025136099026,13.668051208596385,13.759043939454052,0.9772095930460505,0.9895836917901345,1.372249009760877,,,,,,ORIGINAL_R3_UNCHANGED,6a8676b9d8105649c3088616080c6aa6511a526088e2d10d74272287aff1c2f1,,,,,,15215fe73f950d3a87589f0ab7ff0e7ee03117f469d8ffdc94f89100c2c99404,/workspace/r5/source_tables/R4_MAIN_SEALED/FOUR_TASK_MAIN_TABLE.csv,,,,,,,,,,,,
pusht,ORIGINAL_R3_UNCHANGED,CLOSED_LOOP_CEM,FIXED_THREE_REFIT_MEAN_NOT_ENSEMBLE,0,0,100,30000,3,0.94,123.93657247240118,24.88,1.11,2.5098409081002075,94.0,,,,,,,,2.9999999999999956,-2.3333333333333357,8.666666666666668,-3.0303030303030316,9.240924092409237,ORIGINAL_R3_UNCHANGED,6a8676b9d8105649c3088616080c6aa6511a526088e2d10d74272287aff1c2f1,,,,,,15215fe73f950d3a87589f0ab7ff0e7ee03117f469d8ffdc94f89100c2c99404,/workspace/r5/source_tables/R4_MAIN_SEALED/FOUR_TASK_MAIN_TABLE.csv,,,,,,,,,,,,
pusht,ORIGINAL_R3_UNCHANGED,OPEN_LOOP,FIXED_THREE_REFIT_MEAN_NOT_ENSEMBLE,1,5,100,30000,3,,,,,,,0.0062571513281069234,0.006215327379964579,13.791040835785914,13.89159985126609,0.9930427927307589,1.0076597239511784,0.1803902009486882,,,,,,ORIGINAL_R3_UNCHANGED,6a8676b9d8105649c3088616080c6aa6511a526088e2d10d74272287aff1c2f1,,,,,,15215fe73f950d3a87589f0ab7ff0e7ee03117f469d8ffdc94f89100c2c99404,/workspace/r5/source_tables/R4_MAIN_SEALED/FOUR_TASK_MAIN_TABLE.csv,,,,,,,,,,,,
pusht,ORIGINAL_R3_UNCHANGED,OPEN_LOOP,FIXED_THREE_REFIT_MEAN_NOT_ENSEMBLE,2,10,100,30000,3,,,,,,,0.01588152574381023,0.015775370710265375,13.800369482843884,13.920717973431135,0.9947687905338597,1.0119436911084778,0.4985805186448799,,,,,,ORIGINAL_R3_UNCHANGED,6a8676b9d8105649c3088616080c6aa6511a526088e2d10d74272287aff1c2f1,,,,,,15215fe73f950d3a87589f0ab7ff0e7ee03117f469d8ffdc94f89100c2c99404,/workspace/r5/source_tables/R4_MAIN_SEALED/FOUR_TASK_MAIN_TABLE.csv,,,,,,,,,,,,
pusht,ORIGINAL_R3_UNCHANGED,OPEN_LOOP,FIXED_THREE_REFIT_MEAN_NOT_ENSEMBLE,5,25,100,30000,3,,,,,,,0.057543672898666916,0.05715904042535226,13.673087488283345,13.759043939454052,0.9779199165833278,0.9895836917901345,1.3687954286666022,,,,,,ORIGINAL_R3_UNCHANGED,6a8676b9d8105649c3088616080c6aa6511a526088e2d10d74272287aff1c2f1,,,,,,15215fe73f950d3a87589f0ab7ff0e7ee03117f469d8ffdc94f89100c2c99404,/workspace/r5/source_tables/R4_MAIN_SEALED/FOUR_TASK_MAIN_TABLE.csv,,,,,,,,,,,,
reacher,ORIGINAL_R3_UNCHANGED,CLOSED_LOOP_CEM,H0,0,0,100,0,0,0.86,0.060608216657599294,31.59,1.48,3.718459349819459,86.0,,,,,,,,,,,,,ORIGINAL_R3_UNCHANGED,6a8676b9d8105649c3088616080c6aa6511a526088e2d10d74272287aff1c2f1,,,,,,15215fe73f950d3a87589f0ab7ff0e7ee03117f469d8ffdc94f89100c2c99404,/workspace/r5/source_tables/R4_MAIN_SEALED/FOUR_TASK_MAIN_TABLE.csv,,,,,,,,,,,,
reacher,ORIGINAL_R3_UNCHANGED,OPEN_LOOP,H0,1,5,100,0,0,,,,,,,0.006784567867868304,0.006856343502410925,13.776042753234126,13.809244200159233,0.990409057571449,0.9954665533522575,0.5335503210586271,,,,,,ORIGINAL_R3_UNCHANGED,6a8676b9d8105649c3088616080c6aa6511a526088e2d10d74272287aff1c2f1,,,,,,15215fe73f950d3a87589f0ab7ff0e7ee03117f469d8ffdc94f89100c2c99404,/workspace/r5/source_tables/R4_MAIN_SEALED/FOUR_TASK_MAIN_TABLE.csv,,,,,,,,,,,,
reacher,ORIGINAL_R3_UNCHANGED,OPEN_LOOP,H0,2,10,100,0,0,,,,,,,0.011082173822749383,0.011199414901876415,13.820045564047064,13.8232561542898,0.9964873896014252,0.997192682070026,0.9746347278717336,,,,,,ORIGINAL_R3_UNCHANGED,6a8676b9d8105649c3088616080c6aa6511a526088e2d10d74272287aff1c2f1,,,,,,15215fe73f950d3a87589f0ab7ff0e7ee03117f469d8ffdc94f89100c2c99404,/workspace/r5/source_tables/R4_MAIN_SEALED/FOUR_TASK_MAIN_TABLE.csv,,,,,,,,,,,,
reacher,ORIGINAL_R3_UNCHANGED,OPEN_LOOP,H0,5,25,100,0,0,,,,,,,0.01976001954625783,0.019969065718265965,13.870568012514006,13.824218042943372,1.0038143065110199,0.9975304077780983,1.4731657860725134,,,,,,ORIGINAL_R3_UNCHANGED,6a8676b9d8105649c3088616080c6aa6511a526088e2d10d74272287aff1c2f1,,,,,,15215fe73f950d3a87589f0ab7ff0e7ee03117f469d8ffdc94f89100c2c99404,/workspace/r5/source_tables/R4_MAIN_SEALED/FOUR_TASK_MAIN_TABLE.csv,,,,,,,,,,,,
reacher,ORIGINAL_R3_UNCHANGED,CLOSED_LOOP_CEM,REFIT_103201,0,0,100,30000,1,0.85,0.05949867654551627,32.05,1.57,3.8929134070128204,85.0,,,,,,,,-1.0000000000000009,-8.000000000000007,6.999999999999995,,,ORIGINAL_R3_UNCHANGED,6a8676b9d8105649c3088616080c6aa6511a526088e2d10d74272287aff1c2f1,,,,,,15215fe73f950d3a87589f0ab7ff0e7ee03117f469d8ffdc94f89100c2c99404,/workspace/r5/source_tables/R4_MAIN_SEALED/FOUR_TASK_MAIN_TABLE.csv,,,,,,,,,,,,
reacher,ORIGINAL_R3_UNCHANGED,OPEN_LOOP,REFIT_103201,1,5,100,30000,1,,,,,,,0.0009278433504663014,0.0009376592365378774,13.868185320316263,13.809244200159233,1.0040713915078836,0.9954665533522575,0.5314245892162789,,,,,,ORIGINAL_R3_UNCHANGED,6a8676b9d8105649c3088616080c6aa6511a526088e2d10d74272287aff1c2f1,,,,,,15215fe73f950d3a87589f0ab7ff0e7ee03117f469d8ffdc94f89100c2c99404,/workspace/r5/source_tables/R4_MAIN_SEALED/FOUR_TASK_MAIN_TABLE.csv,,,,,,,,,,,,
reacher,ORIGINAL_R3_UNCHANGED,OPEN_LOOP,REFIT_103201,2,10,100,30000,1,,,,,,,0.001202715488170331,0.0012154393150991618,13.878992047546722,13.8232561542898,1.005252206996746,0.997192682070026,0.9651979263548914,,,,,,ORIGINAL_R3_UNCHANGED,6a8676b9d8105649c3088616080c6aa6511a526088e2d10d74272287aff1c2f1,,,,,,15215fe73f950d3a87589f0ab7ff0e7ee03117f469d8ffdc94f89100c2c99404,/workspace/r5/source_tables/R4_MAIN_SEALED/FOUR_TASK_MAIN_TABLE.csv,,,,,,,,,,,,
reacher,ORIGINAL_R3_UNCHANGED,OPEN_LOOP,REFIT_103201,5,25,100,30000,1,,,,,,,0.001902761861979996,0.0019228916539854558,13.900973094590315,13.824218042943372,1.0086504161263712,0.9975304077780983,1.4530372459960232,,,,,,ORIGINAL_R3_UNCHANGED,6a8676b9d8105649c3088616080c6aa6511a526088e2d10d74272287aff1c2f1,,,,,,15215fe73f950d3a87589f0ab7ff0e7ee03117f469d8ffdc94f89100c2c99404,/workspace/r5/source_tables/R4_MAIN_SEALED/FOUR_TASK_MAIN_TABLE.csv,,,,,,,,,,,,
reacher,ORIGINAL_R3_UNCHANGED,CLOSED_LOOP_CEM,REFIT_103202,0,0,100,30000,1,0.86,0.05482932670372536,31.65,1.53,3.826114036249928,86.0,,,,,,,,0.0,-8.999999999999996,8.999999999999996,,,ORIGINAL_R3_UNCHANGED,6a8676b9d8105649c3088616080c6aa6511a526088e2d10d74272287aff1c2f1,,,,,,15215fe73f950d3a87589f0ab7ff0e7ee03117f469d8ffdc94f89100c2c99404,/workspace/r5/source_tables/R4_MAIN_SEALED/FOUR_TASK_MAIN_TABLE.csv,,,,,,,,,,,,
reacher,ORIGINAL_R3_UNCHANGED,OPEN_LOOP,REFIT_103202,1,5,100,30000,1,,,,,,,0.0009290838324594556,0.0009389128418992299,13.871883334113322,13.809244200159233,1.004617698111097,0.9954665533522575,0.5305557729942325,,,,,,ORIGINAL_R3_UNCHANGED,6a8676b9d8105649c3088616080c6aa6511a526088e2d10d74272287aff1c2f1,,,,,,15215fe73f950d3a87589f0ab7ff0e7ee03117f469d8ffdc94f89100c2c99404,/workspace/r5/source_tables/R4_MAIN_SEALED/FOUR_TASK_MAIN_TABLE.csv,,,,,,,,,,,,
reacher,ORIGINAL_R3_UNCHANGED,OPEN_LOOP,REFIT_103202,2,10,100,30000,1,,,,,,,0.001281339881170013,0.0012948954951496902,13.893583296872936,13.8232561542898,1.0073840960294012,0.997192682070026,0.9683581156601945,,,,,,ORIGINAL_R3_UNCHANGED,6a8676b9d8105649c3088616080c6aa6511a526088e2d10d74272287aff1c2f1,,,,,,15215fe73f950d3a87589f0ab7ff0e7ee03117f469d8ffdc94f89100c2c99404,/workspace/r5/source_tables/R4_MAIN_SEALED/FOUR_TASK_MAIN_TABLE.csv,,,,,,,,,,,,
reacher,ORIGINAL_R3_UNCHANGED,OPEN_LOOP,REFIT_103202,5,25,100,30000,1,,,,,,,0.00224972467996081,0.0022735250780989333,13.913893720181045,13.824218042943372,1.0105132046649898,0.9975304077780983,1.4543994726067924,,,,,,ORIGINAL_R3_UNCHANGED,6a8676b9d8105649c3088616080c6aa6511a526088e2d10d74272287aff1c2f1,,,,,,15215fe73f950d3a87589f0ab7ff0e7ee03117f469d8ffdc94f89100c2c99404,/workspace/r5/source_tables/R4_MAIN_SEALED/FOUR_TASK_MAIN_TABLE.csv,,,,,,,,,,,,
reacher,ORIGINAL_R3_UNCHANGED,CLOSED_LOOP_CEM,REFIT_103203,0,0,100,30000,1,0.82,0.06053896646838433,32.58,1.54,3.843522668215446,82.0,,,,,,,,-4.0000000000000036,-14.000000000000002,5.999999999999995,,,ORIGINAL_R3_UNCHANGED,6a8676b9d8105649c3088616080c6aa6511a526088e2d10d74272287aff1c2f1,,,,,,15215fe73f950d3a87589f0ab7ff0e7ee03117f469d8ffdc94f89100c2c99404,/workspace/r5/source_tables/R4_MAIN_SEALED/FOUR_TASK_MAIN_TABLE.csv,,,,,,,,,,,,
reacher,ORIGINAL_R3_UNCHANGED,OPEN_LOOP,REFIT_103203,1,5,100,30000,1,,,,,,,0.000938553058193249,0.0009484822449322863,13.867873666718992,13.809244200159233,1.0040195901050273,0.9954665533522575,0.5305971514877276,,,,,,ORIGINAL_R3_UNCHANGED,6a8676b9d8105649c3088616080c6aa6511a526088e2d10d74272287aff1c2f1,,,,,,15215fe73f950d3a87589f0ab7ff0e7ee03117f469d8ffdc94f89100c2c99404,/workspace/r5/source_tables/R4_MAIN_SEALED/FOUR_TASK_MAIN_TABLE.csv,,,,,,,,,,,,
reacher,ORIGINAL_R3_UNCHANGED,OPEN_LOOP,REFIT_103203,2,10,100,30000,1,,,,,,,0.0011367979222584412,0.0011488243908273923,13.885313036061042,13.8232561542898,1.0061706650417563,0.997192682070026,0.9678213836976104,,,,,,ORIGINAL_R3_UNCHANGED,6a8676b9d8105649c3088616080c6aa6511a526088e2d10d74272287aff1c2f1,,,,,,15215fe73f950d3a87589f0ab7ff0e7ee03117f469d8ffdc94f89100c2c99404,/workspace/r5/source_tables/R4_MAIN_SEALED/FOUR_TASK_MAIN_TABLE.csv,,,,,,,,,,,,
reacher,ORIGINAL_R3_UNCHANGED,OPEN_LOOP,REFIT_103203,5,25,100,30000,1,,,,,,,0.0019322882973419212,0.001952730456866603,13.914102110735607,13.824218042943372,1.010554258323246,0.9975304077780983,1.453133681085434,,,,,,ORIGINAL_R3_UNCHANGED,6a8676b9d8105649c3088616080c6aa6511a526088e2d10d74272287aff1c2f1,,,,,,15215fe73f950d3a87589f0ab7ff0e7ee03117f469d8ffdc94f89100c2c99404,/workspace/r5/source_tables/R4_MAIN_SEALED/FOUR_TASK_MAIN_TABLE.csv,,,,,,,,,,,,
reacher,ORIGINAL_R3_UNCHANGED,CLOSED_LOOP_CEM,FIXED_THREE_REFIT_MEAN_NOT_ENSEMBLE,0,0,100,30000,3,0.8433333333333333,0.058288989905875326,32.093333333333334,1.5466666666666666,3.8541833704927315,84.33333333333333,,,,,,,,-1.666666666666668,-8.333333333333337,5.666666666666664,,,ORIGINAL_R3_UNCHANGED,6a8676b9d8105649c3088616080c6aa6511a526088e2d10d74272287aff1c2f1,,,,,,15215fe73f950d3a87589f0ab7ff0e7ee03117f469d8ffdc94f89100c2c99404,/workspace/r5/source_tables/R4_MAIN_SEALED/FOUR_TASK_MAIN_TABLE.csv,,,,,,,,,,,,
reacher,ORIGINAL_R3_UNCHANGED,OPEN_LOOP,FIXED_THREE_REFIT_MEAN_NOT_ENSEMBLE,1,5,100,30000,3,,,,,,,0.0009318267470396686,0.0009416847744564645,13.869314107049526,13.809244200159233,1.0042362265746694,0.9954665533522575,0.5308591712327463,,,,,,ORIGINAL_R3_UNCHANGED,6a8676b9d8105649c3088616080c6aa6511a526088e2d10d74272287aff1c2f1,,,,,,15215fe73f950d3a87589f0ab7ff0e7ee03117f469d8ffdc94f89100c2c99404,/workspace/r5/source_tables/R4_MAIN_SEALED/FOUR_TASK_MAIN_TABLE.csv,,,,,,,,,,,,
reacher,ORIGINAL_R3_UNCHANGED,OPEN_LOOP,FIXED_THREE_REFIT_MEAN_NOT_ENSEMBLE,2,10,100,30000,3,,,,,,,0.001206951097199595,0.0012197197336920812,13.885962793493569,13.8232561542898,1.0062689893559678,0.997192682070026,0.9671258085708988,,,,,,ORIGINAL_R3_UNCHANGED,6a8676b9d8105649c3088616080c6aa6511a526088e2d10d74272287aff1c2f1,,,,,,15215fe73f950d3a87589f0ab7ff0e7ee03117f469d8ffdc94f89100c2c99404,/workspace/r5/source_tables/R4_MAIN_SEALED/FOUR_TASK_MAIN_TABLE.csv,,,,,,,,,,,,
reacher,ORIGINAL_R3_UNCHANGED,OPEN_LOOP,FIXED_THREE_REFIT_MEAN_NOT_ENSEMBLE,5,25,100,30000,3,,,,,,,0.002028258279760909,0.0020497157296503307,13.909656308502322,13.824218042943372,1.009905959704869,0.9975304077780983,1.4535234665627499,,,,,,ORIGINAL_R3_UNCHANGED,6a8676b9d8105649c3088616080c6aa6511a526088e2d10d74272287aff1c2f1,,,,,,15215fe73f950d3a87589f0ab7ff0e7ee03117f469d8ffdc94f89100c2c99404,/workspace/r5/source_tables/R4_MAIN_SEALED/FOUR_TASK_MAIN_TABLE.csv,,,,,,,,,,,,
tworoom,,CLOSED_LOOP_CEM,H0,0,0,100,0,0,0.82,27.1948711254589,24.6,1.29,4.690682950638875,82.0,,,,,,,,,,,,,X1_TWOROOM,771338d8235b13f92fbff1f9f5be2f73554373e3f2e702907a565de19a183017,,,,,,15215fe73f950d3a87589f0ab7ff0e7ee03117f469d8ffdc94f89100c2c99404,/workspace/r5/source_tables/R4_MAIN_SEALED/FOUR_TASK_MAIN_TABLE.csv,,,,,,,,,,,,
tworoom,,OPEN_LOOP,H0,1,5,100,0,0,,,,,,,0.06477128798896613,0.06552813274776156,13.876915682720561,13.823217247012288,1.0115742985522054,1.0062851461649118,1.7015071366071384,,,,,,X1_TWOROOM,771338d8235b13f92fbff1f9f5be2f73554373e3f2e702907a565de19a183017,,,,,,15215fe73f950d3a87589f0ab7ff0e7ee03117f469d8ffdc94f89100c2c99404,/workspace/r5/source_tables/R4_MAIN_SEALED/FOUR_TASK_MAIN_TABLE.csv,,,,,,,,,,,,
tworoom,,OPEN_LOOP,H0,2,10,100,0,0,,,,,,,0.07837070936595862,0.0792864617381642,13.825669113084313,13.710736507473937,1.0039825302948424,0.9898765018817105,1.9023493162050087,,,,,,X1_TWOROOM,771338d8235b13f92fbff1f9f5be2f73554373e3f2e702907a565de19a183017,,,,,,15215fe73f950d3a87589f0ab7ff0e7ee03117f469d8ffdc94f89100c2c99404,/workspace/r5/source_tables/R4_MAIN_SEALED/FOUR_TASK_MAIN_TABLE.csv,,,,,,,,,,,,
tworoom,,OPEN_LOOP,H0,5,25,100,0,0,,,,,,,0.11016596426060231,0.1114532403861363,13.705835793788836,13.666920841637705,0.9905464475948316,0.9863431269174682,1.9757362432839818,,,,,,X1_TWOROOM,771338d8235b13f92fbff1f9f5be2f73554373e3f2e702907a565de19a183017,,,,,,15215fe73f950d3a87589f0ab7ff0e7ee03117f469d8ffdc94f89100c2c99404,/workspace/r5/source_tables/R4_MAIN_SEALED/FOUR_TASK_MAIN_TABLE.csv,,,,,,,,,,,,
tworoom,,CLOSED_LOOP_CEM,REFIT_103201,0,0,100,30000,1,0.8,24.764754033546595,25.95,1.31,3.7798658272909234,80.0,,,,,,,,-1.9999999999999907,-8.000000000000007,4.0000000000000036,,,X1_TWOROOM,771338d8235b13f92fbff1f9f5be2f73554373e3f2e702907a565de19a183017,-9.000000000000007,5.000000000000004,,,,15215fe73f950d3a87589f0ab7ff0e7ee03117f469d8ffdc94f89100c2c99404,/workspace/r5/source_tables/R4_MAIN_SEALED/FOUR_TASK_MAIN_TABLE.csv,,,,,,,,,,,,
tworoom,,OPEN_LOOP,REFIT_103201,1,5,100,30000,1,,,,,,,0.001444248221144603,0.0014611240889945548,13.963211605231121,13.823217247012288,1.0263554387932405,1.0062851461649118,1.657746081236229,,,,,,X1_TWOROOM,771338d8235b13f92fbff1f9f5be2f73554373e3f2e702907a565de19a183017,,,,,,15215fe73f950d3a87589f0ab7ff0e7ee03117f469d8ffdc94f89100c2c99404,/workspace/r5/source_tables/R4_MAIN_SEALED/FOUR_TASK_MAIN_TABLE.csv,,,,,,,,,,,,
tworoom,,OPEN_LOOP,REFIT_103201,2,10,100,30000,1,,,,,,,0.0029227202480981286,0.0029568718848785357,13.865224837237319,13.710736507473937,1.0119164230132218,0.9898765018817105,1.8478270266004038,,,,,,X1_TWOROOM,771338d8235b13f92fbff1f9f5be2f73554373e3f2e702907a565de19a183017,,,,,,15215fe73f950d3a87589f0ab7ff0e7ee03117f469d8ffdc94f89100c2c99404,/workspace/r5/source_tables/R4_MAIN_SEALED/FOUR_TASK_MAIN_TABLE.csv,,,,,,,,,,,,
tworoom,,OPEN_LOOP,REFIT_103201,5,25,100,30000,1,,,,,,,0.009446270767105528,0.009556649312016729,13.792122796558683,13.666920841637705,1.0051610396425283,0.9863431269174682,1.9567235633062214,,,,,,X1_TWOROOM,771338d8235b13f92fbff1f9f5be2f73554373e3f2e702907a565de19a183017,,,,,,15215fe73f950d3a87589f0ab7ff0e7ee03117f469d8ffdc94f89100c2c99404,/workspace/r5/source_tables/R4_MAIN_SEALED/FOUR_TASK_MAIN_TABLE.csv,,,,,,,,,,,,
tworoom,,CLOSED_LOOP_CEM,REFIT_103202,0,0,100,30000,1,0.84,24.00699919507964,25.23,1.3,1.9433077707607298,84.0,,,,,,,,2.0000000000000018,-4.0000000000000036,8.000000000000007,,,X1_TWOROOM,771338d8235b13f92fbff1f9f5be2f73554373e3f2e702907a565de19a183017,-4.999999999999993,8.999999999999996,,,,15215fe73f950d3a87589f0ab7ff0e7ee03117f469d8ffdc94f89100c2c99404,/workspace/r5/source_tables/R4_MAIN_SEALED/FOUR_TASK_MAIN_TABLE.csv,,,,,,,,,,,,
tworoom,,OPEN_LOOP,REFIT_103202,1,5,100,30000,1,,,,,,,0.0014276806407894401,0.0014443629184430714,13.961783349664657,13.823217247012288,1.0261713376091324,1.0062851461649118,1.6581323482778925,,,,,,X1_TWOROOM,771338d8235b13f92fbff1f9f5be2f73554373e3f2e702907a565de19a183017,,,,,,15215fe73f950d3a87589f0ab7ff0e7ee03117f469d8ffdc94f89100c2c99404,/workspace/r5/source_tables/R4_MAIN_SEALED/FOUR_TASK_MAIN_TABLE.csv,,,,,,,,,,,,
tworoom,,OPEN_LOOP,REFIT_103202,2,10,100,30000,1,,,,,,,0.002976072857906442,0.003010847913555847,13.86989196506821,13.710736507473937,1.0125826177812338,0.9898765018817105,1.8471779868923417,,,,,,X1_TWOROOM,771338d8235b13f92fbff1f9f5be2f73554373e3f2e702907a565de19a183017,,,,,,15215fe73f950d3a87589f0ab7ff0e7ee03117f469d8ffdc94f89100c2c99404,/workspace/r5/source_tables/R4_MAIN_SEALED/FOUR_TASK_MAIN_TABLE.csv,,,,,,,,,,,,
tworoom,,OPEN_LOOP,REFIT_103202,5,25,100,30000,1,,,,,,,0.011231306052801315,0.011362542521681451,13.789412596775493,13.666920841637705,1.0049750791350744,0.9863431269174682,1.9560172014291342,,,,,,X1_TWOROOM,771338d8235b13f92fbff1f9f5be2f73554373e3f2e702907a565de19a183017,,,,,,15215fe73f950d3a87589f0ab7ff0e7ee03117f469d8ffdc94f89100c2c99404,/workspace/r5/source_tables/R4_MAIN_SEALED/FOUR_TASK_MAIN_TABLE.csv,,,,,,,,,,,,
tworoom,,CLOSED_LOOP_CEM,REFIT_103203,0,0,100,30000,1,0.83,24.569355054226598,25.13,1.28,1.5847395235774457,83.0,,,,,,,,1.0000000000000009,-5.000000000000004,7.9999999999999964,,,X1_TWOROOM,771338d8235b13f92fbff1f9f5be2f73554373e3f2e702907a565de19a183017,-6.000000000000005,8.999999999999996,,,,15215fe73f950d3a87589f0ab7ff0e7ee03117f469d8ffdc94f89100c2c99404,/workspace/r5/source_tables/R4_MAIN_SEALED/FOUR_TASK_MAIN_TABLE.csv,,,,,,,,,,,,
tworoom,,OPEN_LOOP,REFIT_103203,1,5,100,30000,1,,,,,,,0.0015147984097742513,0.0015324986481462998,13.962046218686218,13.823217247012288,1.0261433713913364,1.0062851461649118,1.6580871923054439,,,,,,X1_TWOROOM,771338d8235b13f92fbff1f9f5be2f73554373e3f2e702907a565de19a183017,,,,,,15215fe73f950d3a87589f0ab7ff0e7ee03117f469d8ffdc94f89100c2c99404,/workspace/r5/source_tables/R4_MAIN_SEALED/FOUR_TASK_MAIN_TABLE.csv,,,,,,,,,,,,
tworoom,,OPEN_LOOP,REFIT_103203,2,10,100,30000,1,,,,,,,0.002979211833640496,0.003014023567846187,13.866947455366446,13.710736507473937,1.012108921637676,0.9898765018817105,1.8482794703816807,,,,,,X1_TWOROOM,771338d8235b13f92fbff1f9f5be2f73554373e3f2e702907a565de19a183017,,,,,,15215fe73f950d3a87589f0ab7ff0e7ee03117f469d8ffdc94f89100c2c99404,/workspace/r5/source_tables/R4_MAIN_SEALED/FOUR_TASK_MAIN_TABLE.csv,,,,,,,,,,,,
tworoom,,OPEN_LOOP,REFIT_103203,5,25,100,30000,1,,,,,,,0.010083323925719558,0.01020114636064964,13.787138892954625,13.666920841637705,1.0048174335092523,0.9863431269174682,1.9562776222349654,,,,,,X1_TWOROOM,771338d8235b13f92fbff1f9f5be2f73554373e3f2e702907a565de19a183017,,,,,,15215fe73f950d3a87589f0ab7ff0e7ee03117f469d8ffdc94f89100c2c99404,/workspace/r5/source_tables/R4_MAIN_SEALED/FOUR_TASK_MAIN_TABLE.csv,,,,,,,,,,,,
tworoom,,CLOSED_LOOP_CEM,FIXED_THREE_REFIT_MEAN_NOT_ENSEMBLE,0,0,100,30000,3,0.8233333333333333,24.447036094284275,25.436666666666675,1.2966666666666666,2.435971040543033,82.33333333333333,,,,,,,,0.33333333333333737,-5.666666666666661,6.333333333333331,,,X1_TWOROOM,771338d8235b13f92fbff1f9f5be2f73554373e3f2e702907a565de19a183017,-6.333333333333329,7.333333333333331,,,,15215fe73f950d3a87589f0ab7ff0e7ee03117f469d8ffdc94f89100c2c99404,/workspace/r5/source_tables/R4_MAIN_SEALED/FOUR_TASK_MAIN_TABLE.csv,,,,,,,,,,,,
tworoom,,OPEN_LOOP,FIXED_THREE_REFIT_MEAN_NOT_ENSEMBLE,1,5,100,30000,3,,,,,,,0.0014622424239027646,0.0014793285518613086,13.962347057860669,13.823217247012288,1.0262233825979032,1.0062851461649118,1.6579885406065218,,,,,,X1_TWOROOM,771338d8235b13f92fbff1f9f5be2f73554373e3f2e702907a565de19a183017,,,,,,15215fe73f950d3a87589f0ab7ff0e7ee03117f469d8ffdc94f89100c2c99404,/workspace/r5/source_tables/R4_MAIN_SEALED/FOUR_TASK_MAIN_TABLE.csv,,,,,,,,,,,,
tworoom,,OPEN_LOOP,FIXED_THREE_REFIT_MEAN_NOT_ENSEMBLE,2,10,100,30000,3,,,,,,,0.002959334979881688,0.0029939144554268567,13.867354752557324,13.710736507473937,1.0122026541440439,0.9898765018817105,1.8477614946248087,,,,,,X1_TWOROOM,771338d8235b13f92fbff1f9f5be2f73554373e3f2e702907a565de19a183017,,,,,,15215fe73f950d3a87589f0ab7ff0e7ee03117f469d8ffdc94f89100c2c99404,/workspace/r5/source_tables/R4_MAIN_SEALED/FOUR_TASK_MAIN_TABLE.csv,,,,,,,,,,,,
tworoom,,OPEN_LOOP,FIXED_THREE_REFIT_MEAN_NOT_ENSEMBLE,5,25,100,30000,3,,,,,,,0.010253633581875468,0.010373446064782606,13.789558095429602,13.666920841637705,1.0049845174289518,0.9863431269174682,1.9563394623234402,,,,,,X1_TWOROOM,771338d8235b13f92fbff1f9f5be2f73554373e3f2e702907a565de19a183017,,,,,,15215fe73f950d3a87589f0ab7ff0e7ee03117f469d8ffdc94f89100c2c99404,/workspace/r5/source_tables/R4_MAIN_SEALED/FOUR_TASK_MAIN_TABLE.csv,,,,,,,,,,,,
cube,,OPEN_LOOP,H0,1,5,100,0,0,,,,,,,0.004372738517290815,0.0043162412026525945,13.880602594637548,13.924164472444147,1.005655593712448,1.0119727754741947,0.30791073567032334,,,,,,X1_CUBE,67a2205015d7df0c1f40452452fa32e74bebf2af68e3a5fd117e5664eeb09692,,,100,COMPLETE,,15215fe73f950d3a87589f0ab7ff0e7ee03117f469d8ffdc94f89100c2c99404,/workspace/r5/source_tables/R4_MAIN_SEALED/FOUR_TASK_MAIN_TABLE.csv,,,,,,,,,,,,
cube,,OPEN_LOOP,H0,2,10,100,0,0,,,,,,,0.008532669860219508,0.00842242477424177,13.903787001136022,13.95826263714532,1.0087530086484662,1.016563376961824,0.6550485538618722,,,,,,X1_CUBE,67a2205015d7df0c1f40452452fa32e74bebf2af68e3a5fd117e5664eeb09692,,,100,COMPLETE,,15215fe73f950d3a87589f0ab7ff0e7ee03117f469d8ffdc94f89100c2c99404,/workspace/r5/source_tables/R4_MAIN_SEALED/FOUR_TASK_MAIN_TABLE.csv,,,,,,,,,,,,
cube,,OPEN_LOOP,H0,5,25,100,0,0,,,,,,,0.03438559788227505,0.03394132390273193,13.833715095101857,13.851293324341716,0.9985191344750549,1.0010996855379382,1.1862402243584589,,,,,,X1_CUBE,67a2205015d7df0c1f40452452fa32e74bebf2af68e3a5fd117e5664eeb09692,,,100,COMPLETE,,15215fe73f950d3a87589f0ab7ff0e7ee03117f469d8ffdc94f89100c2c99404,/workspace/r5/source_tables/R4_MAIN_SEALED/FOUR_TASK_MAIN_TABLE.csv,,,,,,,,,,,,
cube,,OPEN_LOOP,REFIT_103201,1,5,100,30000,1,,,,,,,0.0018677870394414383,0.0018436545760830087,13.924699310244861,13.924164472444147,1.0120319390984802,1.0119727754741947,0.31004016115838895,,,,,,X1_CUBE,67a2205015d7df0c1f40452452fa32e74bebf2af68e3a5fd117e5664eeb09692,,,100,COMPLETE,,15215fe73f950d3a87589f0ab7ff0e7ee03117f469d8ffdc94f89100c2c99404,/workspace/r5/source_tables/R4_MAIN_SEALED/FOUR_TASK_MAIN_TABLE.csv,,,,,,,,,,,,
cube,,OPEN_LOOP,REFIT_103201,2,10,100,30000,1,,,,,,,0.0035836031579076994,0.00353730174876781,13.954015984581927,13.95826263714532,1.0159807888502415,1.016563376961824,0.6538509573929062,,,,,,X1_CUBE,67a2205015d7df0c1f40452452fa32e74bebf2af68e3a5fd117e5664eeb09692,,,100,COMPLETE,,15215fe73f950d3a87589f0ab7ff0e7ee03117f469d8ffdc94f89100c2c99404,/workspace/r5/source_tables/R4_MAIN_SEALED/FOUR_TASK_MAIN_TABLE.csv,,,,,,,,,,,,
cube,,OPEN_LOOP,REFIT_103201,5,25,100,30000,1,,,,,,,0.015990201320036524,0.015783602313136306,13.846678857863033,13.851293324341716,1.0003884843486555,1.0010996855379382,1.1751574562113136,,,,,,X1_CUBE,67a2205015d7df0c1f40452452fa32e74bebf2af68e3a5fd117e5664eeb09692,,,100,COMPLETE,,15215fe73f950d3a87589f0ab7ff0e7ee03117f469d8ffdc94f89100c2c99404,/workspace/r5/source_tables/R4_MAIN_SEALED/FOUR_TASK_MAIN_TABLE.csv,,,,,,,,,,,,
cube,,OPEN_LOOP,REFIT_103202,1,5,100,30000,1,,,,,,,0.0018352890757149087,0.0018115764974409628,13.92564349859359,13.924164472444147,1.0121475182462394,1.0119727754741947,0.31004264418705196,,,,,,X1_CUBE,67a2205015d7df0c1f40452452fa32e74bebf2af68e3a5fd117e5664eeb09692,,,100,COMPLETE,,15215fe73f950d3a87589f0ab7ff0e7ee03117f469d8ffdc94f89100c2c99404,/workspace/r5/source_tables/R4_MAIN_SEALED/FOUR_TASK_MAIN_TABLE.csv,,,,,,,,,,,,
cube,,OPEN_LOOP,REFIT_103202,2,10,100,30000,1,,,,,,,0.003587421351797311,0.003541070610253785,13.954516574860541,13.95826263714532,1.0160133323712155,1.016563376961824,0.6537784706537306,,,,,,X1_CUBE,67a2205015d7df0c1f40452452fa32e74bebf2af68e3a5fd117e5664eeb09692,,,100,COMPLETE,,15215fe73f950d3a87589f0ab7ff0e7ee03117f469d8ffdc94f89100c2c99404,/workspace/r5/source_tables/R4_MAIN_SEALED/FOUR_TASK_MAIN_TABLE.csv,,,,,,,,,,,,
cube,,OPEN_LOOP,REFIT_103202,5,25,100,30000,1,,,,,,,0.017416367562237987,0.017191341987503116,13.854016735217416,13.851293324341716,1.0014820934463493,1.0010996855379382,1.1751274359640278,,,,,,X1_CUBE,67a2205015d7df0c1f40452452fa32e74bebf2af68e3a5fd117e5664eeb09692,,,100,COMPLETE,,15215fe73f950d3a87589f0ab7ff0e7ee03117f469d8ffdc94f89100c2c99404,/workspace/r5/source_tables/R4_MAIN_SEALED/FOUR_TASK_MAIN_TABLE.csv,,,,,,,,,,,,
cube,,OPEN_LOOP,REFIT_103203,1,5,100,30000,1,,,,,,,0.001870902268045273,0.0018467295548411438,13.924551587933477,13.924164472444147,1.0119834189199937,1.0119727754741947,0.30996339650896887,,,,,,X1_CUBE,67a2205015d7df0c1f40452452fa32e74bebf2af68e3a5fd117e5664eeb09692,,,100,COMPLETE,,15215fe73f950d3a87589f0ab7ff0e7ee03117f469d8ffdc94f89100c2c99404,/workspace/r5/source_tables/R4_MAIN_SEALED/FOUR_TASK_MAIN_TABLE.csv,,,,,,,,,,,,
cube,,OPEN_LOOP,REFIT_103203,2,10,100,30000,1,,,,,,,0.003862721044110338,0.0038128133340275517,13.950694971953105,13.95826263714532,1.015465894641906,1.016563376961824,0.6537511892467934,,,,,,X1_CUBE,67a2205015d7df0c1f40452452fa32e74bebf2af68e3a5fd117e5664eeb09692,,,100,COMPLETE,,15215fe73f950d3a87589f0ab7ff0e7ee03117f469d8ffdc94f89100c2c99404,/workspace/r5/source_tables/R4_MAIN_SEALED/FOUR_TASK_MAIN_TABLE.csv,,,,,,,,,,,,
cube,,OPEN_LOOP,REFIT_103203,5,25,100,30000,1,,,,,,,0.016723360703537957,0.016507289020371862,13.842264057543698,13.851293324341716,0.9997776456542152,1.0010996855379382,1.1747961180304416,,,,,,X1_CUBE,67a2205015d7df0c1f40452452fa32e74bebf2af68e3a5fd117e5664eeb09692,,,100,COMPLETE,,15215fe73f950d3a87589f0ab7ff0e7ee03117f469d8ffdc94f89100c2c99404,/workspace/r5/source_tables/R4_MAIN_SEALED/FOUR_TASK_MAIN_TABLE.csv,,,,,,,,,,,,
cube,,OPEN_LOOP,FIXED_THREE_REFIT_MEAN_NOT_ENSEMBLE,1,5,100,30000,3,,,,,,,0.00185799279440054,0.001833986876121705,13.924964798923977,13.924164472444147,1.0120542920882376,1.0119727754741947,0.3100154006181366,,,,,,X1_CUBE,67a2205015d7df0c1f40452452fa32e74bebf2af68e3a5fd117e5664eeb09692,,,100,COMPLETE,,15215fe73f950d3a87589f0ab7ff0e7ee03117f469d8ffdc94f89100c2c99404,/workspace/r5/source_tables/R4_MAIN_SEALED/FOUR_TASK_MAIN_TABLE.csv,,,,,,,,,,,,
cube,,OPEN_LOOP,FIXED_THREE_REFIT_MEAN_NOT_ENSEMBLE,2,10,100,30000,3,,,,,,,0.003677915184605115,0.0036303952310163825,13.953075843798526,13.95826263714532,1.0158200052877875,1.016563376961824,0.65379353909781,,,,,,X1_CUBE,67a2205015d7df0c1f40452452fa32e74bebf2af68e3a5fd117e5664eeb09692,,,100,COMPLETE,,15215fe73f950d3a87589f0ab7ff0e7ee03117f469d8ffdc94f89100c2c99404,/workspace/r5/source_tables/R4_MAIN_SEALED/FOUR_TASK_MAIN_TABLE.csv,,,,,,,,,,,,
cube,,OPEN_LOOP,FIXED_THREE_REFIT_MEAN_NOT_ENSEMBLE,5,25,100,30000,3,,,,,,,0.01670997652860416,0.01649407777367043,13.847653216874717,13.851293324341716,1.0005494078164068,1.0010996855379382,1.1750270034019277,,,,,,X1_CUBE,67a2205015d7df0c1f40452452fa32e74bebf2af68e3a5fd117e5664eeb09692,,,100,COMPLETE,,15215fe73f950d3a87589f0ab7ff0e7ee03117f469d8ffdc94f89100c2c99404,/workspace/r5/source_tables/R4_MAIN_SEALED/FOUR_TASK_MAIN_TABLE.csv,,,,,,,,,,,,
cube,R5_C1,CLOSED_LOOP_CEM,H0,0,0,100,0,0,0.78,0.047747927095111144,15.7,1.23,2.573896381808445,78.0,,,,,,,,,,,,,,,,,,,,536c580e433fa82040582b96d3b080f6c40b8ad327cd7a0333e5a36b36e78baa,/workspace/r5/C1/reports/MAIN_TABLE.csv,0,70.0,86.0,CUBE_OFFICIAL_RESET_SYMMETRIC_NONEXACT,POST_R4_SUPPLEMENT_ON_KNOWN_EVALUATION_CASES,R3_ORIGINAL,5000,UNADJUSTED_POINTWISE_CONDITIONAL95,730817247b24f9ea026ef88c43447383303f8130227086ee803a2b4ca1046cb5,b62677f9e30246b9d6236e596afbc3c33f359f3366b8464f8783e1c495b2b217,e110a936b19622a659812f6b1b1d01a82245fc83ac2381434762dd3a5ae3320b,CUBE_OFFICIAL_RESET_SYMMETRIC_NONEXACT
cube,R5_C1,CLOSED_LOOP_CEM,REFIT_103201,0,0,100,30000,1,0.73,0.059302609557018056,16.85,1.27,2.601629087860638,73.0,,,,,,,,-5.0,-11.0,1.0,,,,,,,,,,536c580e433fa82040582b96d3b080f6c40b8ad327cd7a0333e5a36b36e78baa,/workspace/r5/C1/reports/MAIN_TABLE.csv,0,64.0,81.0,CUBE_OFFICIAL_RESET_SYMMETRIC_NONEXACT,POST_R4_SUPPLEMENT_ON_KNOWN_EVALUATION_CASES,R3_ORIGINAL,5000,UNADJUSTED_POINTWISE_CONDITIONAL95,5c61e55fe75c32dea2cd5c8a8cf4356429593c0efc0361a72f4ffc240c1bd5a7,b62677f9e30246b9d6236e596afbc3c33f359f3366b8464f8783e1c495b2b217,e110a936b19622a659812f6b1b1d01a82245fc83ac2381434762dd3a5ae3320b,CUBE_OFFICIAL_RESET_SYMMETRIC_NONEXACT
cube,R5_C1,CLOSED_LOOP_CEM,REFIT_103202,0,0,100,30000,1,0.75,0.05483770573078276,16.49,1.25,2.5740387606885635,75.0,,,,,,,,-3.0,-9.0,3.0,,,,,,,,,,536c580e433fa82040582b96d3b080f6c40b8ad327cd7a0333e5a36b36e78baa,/workspace/r5/C1/reports/MAIN_TABLE.csv,0,66.0,83.0,CUBE_OFFICIAL_RESET_SYMMETRIC_NONEXACT,POST_R4_SUPPLEMENT_ON_KNOWN_EVALUATION_CASES,R3_ORIGINAL,5000,UNADJUSTED_POINTWISE_CONDITIONAL95,9d45751d100adc2cd5a5e071014a76e1474fb1993f82cdedb71b48e766cc520b,b62677f9e30246b9d6236e596afbc3c33f359f3366b8464f8783e1c495b2b217,e110a936b19622a659812f6b1b1d01a82245fc83ac2381434762dd3a5ae3320b,CUBE_OFFICIAL_RESET_SYMMETRIC_NONEXACT
cube,R5_C1,CLOSED_LOOP_CEM,REFIT_103203,0,0,100,30000,1,0.75,0.05326322005304528,17.01,1.25,2.5604840843510464,75.0,,,,,,,,-3.0,-10.0,4.0,,,,,,,,,,536c580e433fa82040582b96d3b080f6c40b8ad327cd7a0333e5a36b36e78baa,/workspace/r5/C1/reports/MAIN_TABLE.csv,0,66.0,83.0,CUBE_OFFICIAL_RESET_SYMMETRIC_NONEXACT,POST_R4_SUPPLEMENT_ON_KNOWN_EVALUATION_CASES,R3_ORIGINAL,5000,UNADJUSTED_POINTWISE_CONDITIONAL95,2202be1dd07682b52b350d4cddb7d48f615a0601dc49904b2801e19c31abbd60,b62677f9e30246b9d6236e596afbc3c33f359f3366b8464f8783e1c495b2b217,e110a936b19622a659812f6b1b1d01a82245fc83ac2381434762dd3a5ae3320b,CUBE_OFFICIAL_RESET_SYMMETRIC_NONEXACT
cube,R5_C1,CLOSED_LOOP_CEM,FIXED_THREE_REFIT_MEAN_NOT_ENSEMBLE,0,0,100,30000,3,0.7433333333333333,0.05580117844694869,16.78333333333333,1.2566666666666666,2.5787173109667494,74.33333333333333,,,,,,,,-3.6666666666666674,-9.341666666666667,1.999999999999999,,,,,,,,,,536c580e433fa82040582b96d3b080f6c40b8ad327cd7a0333e5a36b36e78baa,/workspace/r5/C1/reports/MAIN_TABLE.csv,0,66.0,82.0,CUBE_OFFICIAL_RESET_SYMMETRIC_NONEXACT,POST_R4_SUPPLEMENT_ON_KNOWN_EVALUATION_CASES,R3_ORIGINAL,5000,UNADJUSTED_POINTWISE_CONDITIONAL95,ac127ed322c58f80993ac6d2e817692951d9359e7db735a682efdf1b14f9e6c3,b62677f9e30246b9d6236e596afbc3c33f359f3366b8464f8783e1c495b2b217,e110a936b19622a659812f6b1b1d01a82245fc83ac2381434762dd3a5ae3320b,CUBE_OFFICIAL_RESET_SYMMETRIC_NONEXACT
