task,case_id,fork,valid_fixed_horizon,logical_candidates,unique_branches,any_success,initial16_success_fraction,initial16_J_sim_lat_mean,initial16_J_sim_lat_q0,initial16_J_sim_lat_q10,initial16_J_sim_lat_q25,initial16_J_sim_lat_q50,initial16_J_sim_lat_q75,initial16_J_sim_lat_q90,initial16_J_sim_lat_q100,missing_reason,interpretation,delivery_source,delivery_source_sha256
pusht,R3_pusht_020a95d513544f5524366396,initial,True,64,64,True,0.0,328.1818561553955,261.39569091796875,291.0749053955078,295.14473724365234,330.71917724609375,354.8644256591797,374.78977966308594,383.49896240234375,,FIXED_MENU_COVERAGE_ONLY,R4_PUSHT,12a684630c709af02a9d584874745832ebfdefaf1ec001d7640542dd88501909
pusht,R3_pusht_053999669fde5d80c7d567c6,initial,True,64,64,True,0.0,279.3349680900574,119.7536849975586,192.719970703125,225.57968139648438,256.16990661621094,361.38887786865234,381.20408630371094,399.4700927734375,,FIXED_MENU_COVERAGE_ONLY,R4_PUSHT,12a684630c709af02a9d584874745832ebfdefaf1ec001d7640542dd88501909
pusht,R3_pusht_098d31b739330b3fd1202895,initial,True,64,64,True,0.0,219.68387365341187,88.58921813964844,129.9135398864746,183.2619400024414,200.06214904785156,244.25647735595703,348.5711975097656,407.517578125,,FIXED_MENU_COVERAGE_ONLY,R4_PUSHT,12a684630c709af02a9d584874745832ebfdefaf1ec001d7640542dd88501909
pusht,R3_pusht_09d5f1eca9dc5a4c28cf3674,initial,True,64,64,True,0.0,363.9077663421631,300.04656982421875,314.4466857910156,327.5257568359375,352.59771728515625,405.61265563964844,426.3204040527344,439.9683837890625,,FIXED_MENU_COVERAGE_ONLY,R4_PUSHT,12a684630c709af02a9d584874745832ebfdefaf1ec001d7640542dd88501909
pusht,R3_pusht_0ad1a17dc3e7fd784b920f11,initial,True,64,64,True,0.0,191.0610911846161,39.23031997680664,91.6082649230957,129.52602767944336,203.47158813476562,245.3556671142578,280.7533264160156,321.30731201171875,,FIXED_MENU_COVERAGE_ONLY,R4_PUSHT,12a684630c709af02a9d584874745832ebfdefaf1ec001d7640542dd88501909
pusht,R3_pusht_0bfedb3a3c78640094544dad,initial,True,64,64,True,0.125,232.65002822875977,69.93107604980469,109.30501556396484,158.84629821777344,232.34938049316406,309.2591781616211,349.03369140625,397.853759765625,,FIXED_MENU_COVERAGE_ONLY,R4_PUSHT,12a684630c709af02a9d584874745832ebfdefaf1ec001d7640542dd88501909
pusht,R3_pusht_0d6f717fffe3fa5d3e5db268,initial,True,64,64,True,0.0,329.46398735046387,313.77044677734375,317.7622985839844,320.3414535522461,324.2665100097656,334.2547302246094,346.37635803222656,361.5046081542969,,FIXED_MENU_COVERAGE_ONLY,R4_PUSHT,12a684630c709af02a9d584874745832ebfdefaf1ec001d7640542dd88501909
pusht,R3_pusht_11659cb74e70647ee65adbe4,initial,True,64,64,True,0.0,215.49474430084229,63.09611511230469,175.41669464111328,208.31866455078125,221.46673583984375,241.92380905151367,254.44325256347656,283.5370788574219,,FIXED_MENU_COVERAGE_ONLY,R4_PUSHT,12a684630c709af02a9d584874745832ebfdefaf1ec001d7640542dd88501909
pusht,R3_pusht_1209b140fd4a65cf643600a9,initial,True,64,64,True,0.0,282.7756767272949,238.27243041992188,247.11688232421875,253.2566909790039,282.6582336425781,308.02429962158203,316.51719665527344,344.8428955078125,,FIXED_MENU_COVERAGE_ONLY,R4_PUSHT,12a684630c709af02a9d584874745832ebfdefaf1ec001d7640542dd88501909
pusht,R3_pusht_1719f9b7278f088d0b732ecd,initial,True,64,64,True,0.0,171.15280723571777,72.91797637939453,123.0567741394043,148.35507202148438,174.63064575195312,189.13111114501953,202.5499725341797,292.565673828125,,FIXED_MENU_COVERAGE_ONLY,R4_PUSHT,12a684630c709af02a9d584874745832ebfdefaf1ec001d7640542dd88501909
pusht,R3_pusht_1721d6fb59dcfe53f40351b4,initial,True,64,64,True,0.0,374.01294136047363,319.26837158203125,337.9213562011719,374.05677795410156,381.7052917480469,386.55853271484375,390.85675048828125,396.1314697265625,,FIXED_MENU_COVERAGE_ONLY,R4_PUSHT,12a684630c709af02a9d584874745832ebfdefaf1ec001d7640542dd88501909
pusht,R3_pusht_1986c789b2aaa3e1b080b065,initial,True,64,64,True,0.0,125.6024022102356,87.70478057861328,105.37796020507812,120.52375602722168,124.88275527954102,136.07351303100586,144.13934326171875,150.8135223388672,,FIXED_MENU_COVERAGE_ONLY,R4_PUSHT,12a684630c709af02a9d584874745832ebfdefaf1ec001d7640542dd88501909
pusht,R3_pusht_1ae9bfabc0400541fce55a67,initial,True,64,64,True,0.0,239.91961479187012,176.48989868164062,185.71977996826172,206.01763916015625,234.88746643066406,248.8087615966797,297.1590576171875,392.00372314453125,,FIXED_MENU_COVERAGE_ONLY,R4_PUSHT,12a684630c709af02a9d584874745832ebfdefaf1ec001d7640542dd88501909
pusht,R3_pusht_1b18096f65582dde46b89f9f,initial,True,64,64,True,0.0,253.15592288970947,197.03196716308594,204.48486328125,233.3793182373047,253.99656677246094,263.62840270996094,293.2343292236328,341.0994873046875,,FIXED_MENU_COVERAGE_ONLY,R4_PUSHT,12a684630c709af02a9d584874745832ebfdefaf1ec001d7640542dd88501909
pusht,R3_pusht_1f9f9099a308c2adeaf4cfeb,initial,True,64,64,True,0.0,285.4716844558716,244.86048889160156,282.5478515625,288.0943603515625,288.3913879394531,288.3913879394531,288.48841857910156,297.8881530761719,,FIXED_MENU_COVERAGE_ONLY,R4_PUSHT,12a684630c709af02a9d584874745832ebfdefaf1ec001d7640542dd88501909
pusht,R3_pusht_20b5cb6f32d7e90a9e3e3c58,initial,True,64,64,True,0.0,360.9305477142334,331.093994140625,342.5578918457031,354.2245559692383,360.48614501953125,371.13519287109375,379.115966796875,381.34490966796875,,FIXED_MENU_COVERAGE_ONLY,R4_PUSHT,12a684630c709af02a9d584874745832ebfdefaf1ec001d7640542dd88501909
pusht,R3_pusht_28ac9111487aa56d2ad73b8c,initial,True,64,64,False,0.0,175.03583812713623,51.324066162109375,165.42559051513672,175.26467895507812,182.00439453125,182.00439453125,183.31114196777344,250.031494140625,,FIXED_MENU_COVERAGE_ONLY,R4_PUSHT,12a684630c709af02a9d584874745832ebfdefaf1ec001d7640542dd88501909
pusht,R3_pusht_2aa86291f5a9bc6d2a542ca4,initial,True,64,64,True,0.0,299.2557792663574,202.7411346435547,254.95047760009766,268.8048324584961,291.2983093261719,334.0503692626953,358.6399383544922,364.352783203125,,FIXED_MENU_COVERAGE_ONLY,R4_PUSHT,12a684630c709af02a9d584874745832ebfdefaf1ec001d7640542dd88501909
pusht,R3_pusht_2b5c05df7cdafc1f2c45c087,initial,True,64,64,True,0.0,412.9987087249756,351.95263671875,379.4634704589844,406.12413024902344,419.7867431640625,429.05458068847656,435.5655059814453,443.23919677734375,,FIXED_MENU_COVERAGE_ONLY,R4_PUSHT,12a684630c709af02a9d584874745832ebfdefaf1ec001d7640542dd88501909
pusht,R3_pusht_2c8c134352a981d3595025aa,initial,True,64,64,True,0.0,232.5304660797119,198.19992065429688,206.20477294921875,213.9359245300293,231.83448791503906,246.60749435424805,263.92962646484375,279.21820068359375,,FIXED_MENU_COVERAGE_ONLY,R4_PUSHT,12a684630c709af02a9d584874745832ebfdefaf1ec001d7640542dd88501909
pusht,R3_pusht_31b21893c0f1aac28ab8021e,initial,True,64,64,True,0.0,89.69393315911293,6.012485027313232,13.111328601837158,20.755168437957764,53.66630744934082,133.91199684143066,230.31930541992188,276.2742919921875,,FIXED_MENU_COVERAGE_ONLY,R4_PUSHT,12a684630c709af02a9d584874745832ebfdefaf1ec001d7640542dd88501909
pusht,R3_pusht_31d2b295c839b8a4d0fec49a,initial,True,64,64,True,0.0,312.0638885498047,255.2333984375,265.7815246582031,284.34332275390625,319.87847900390625,333.35485076904297,344.18504333496094,382.76922607421875,,FIXED_MENU_COVERAGE_ONLY,R4_PUSHT,12a684630c709af02a9d584874745832ebfdefaf1ec001d7640542dd88501909
pusht,R3_pusht_37e52ffebaa8df62fd61cb0b,initial,True,64,64,True,0.0,193.88074398040771,173.50042724609375,182.2228012084961,186.50981521606445,191.51305389404297,201.70719528198242,207.20925903320312,213.0499725341797,,FIXED_MENU_COVERAGE_ONLY,R4_PUSHT,12a684630c709af02a9d584874745832ebfdefaf1ec001d7640542dd88501909
pusht,R3_pusht_3952588c9fdb9f46979434f2,initial,True,64,64,True,0.0,328.74853229522705,232.0792236328125,251.61878204345703,284.63169860839844,325.00047302246094,379.5379867553711,398.1012878417969,428.85546875,,FIXED_MENU_COVERAGE_ONLY,R4_PUSHT,12a684630c709af02a9d584874745832ebfdefaf1ec001d7640542dd88501909
pusht,R3_pusht_3b3c47ccf37ea80f1b6beb70,initial,True,64,64,True,0.0,285.27868270874023,237.684814453125,251.68556213378906,260.4022674560547,285.1849670410156,316.17110443115234,319.9981384277344,323.2877197265625,,FIXED_MENU_COVERAGE_ONLY,R4_PUSHT,12a684630c709af02a9d584874745832ebfdefaf1ec001d7640542dd88501909
pusht,R3_pusht_46110862aff5ad45249662d8,initial,True,64,64,True,0.0,332.2510623931885,220.29534912109375,263.6148681640625,318.55177307128906,341.06451416015625,361.46923065185547,379.1295471191406,388.66033935546875,,FIXED_MENU_COVERAGE_ONLY,R4_PUSHT,12a684630c709af02a9d584874745832ebfdefaf1ec001d7640542dd88501909
pusht,R3_pusht_47d9d1c606d428b3daf60d00,initial,True,64,64,True,0.0,335.2011299133301,258.5848693847656,281.28546142578125,323.0645217895508,336.9908142089844,354.56591033935547,380.2697296142578,398.197998046875,,FIXED_MENU_COVERAGE_ONLY,R4_PUSHT,12a684630c709af02a9d584874745832ebfdefaf1ec001d7640542dd88501909
pusht,R3_pusht_4e31ff2a59d37e1703212e0b,initial,True,64,64,True,0.0,380.05338764190674,252.5988311767578,285.7082214355469,317.5027847290039,392.1339111328125,444.56168365478516,457.53662109375,485.0910339355469,,FIXED_MENU_COVERAGE_ONLY,R4_PUSHT,12a684630c709af02a9d584874745832ebfdefaf1ec001d7640542dd88501909
pusht,R3_pusht_4e3f0f02b51e3890b782e809,initial,True,64,64,True,0.0,367.2732563018799,330.9258728027344,349.74803161621094,362.23204040527344,373.4448547363281,375.31969451904297,380.503662109375,384.25189208984375,,FIXED_MENU_COVERAGE_ONLY,R4_PUSHT,12a684630c709af02a9d584874745832ebfdefaf1ec001d7640542dd88501909
pusht,R3_pusht_50342a0443133a1a6f895b8d,initial,True,64,64,True,0.375,53.79235482215881,15.018098831176758,21.867656707763672,27.297885417938232,57.4854679107666,71.72747039794922,94.89482879638672,109.6032943725586,,FIXED_MENU_COVERAGE_ONLY,R4_PUSHT,12a684630c709af02a9d584874745832ebfdefaf1ec001d7640542dd88501909
pusht,R3_pusht_51ab07bbe10d2868537c685e,initial,True,64,64,True,0.0,363.7176685333252,146.35931396484375,263.6592712402344,331.70460510253906,392.02410888671875,417.9687805175781,443.0124053955078,460.2579345703125,,FIXED_MENU_COVERAGE_ONLY,R4_PUSHT,12a684630c709af02a9d584874745832ebfdefaf1ec001d7640542dd88501909
pusht,R3_pusht_524c4da4389a5d0321a47b43,initial,True,64,64,True,0.0,159.08514285087585,44.3433952331543,93.87596893310547,144.62456512451172,159.73729705810547,182.16643142700195,223.4379119873047,247.8869171142578,,FIXED_MENU_COVERAGE_ONLY,R4_PUSHT,12a684630c709af02a9d584874745832ebfdefaf1ec001d7640542dd88501909
pusht,R3_pusht_53ae02335d171a3f0697ed3d,initial,True,64,64,True,0.0,334.1724052429199,258.75738525390625,289.4046325683594,320.67181396484375,334.57057189941406,355.7676696777344,371.01898193359375,388.6287536621094,,FIXED_MENU_COVERAGE_ONLY,R4_PUSHT,12a684630c709af02a9d584874745832ebfdefaf1ec001d7640542dd88501909
pusht,R3_pusht_556be57ae3129639d9751240,initial,True,64,64,True,0.0,92.44023513793945,69.64772033691406,73.45861053466797,79.11670112609863,94.7197265625,104.5437240600586,107.94620132446289,122.31126403808594,,FIXED_MENU_COVERAGE_ONLY,R4_PUSHT,12a684630c709af02a9d584874745832ebfdefaf1ec001d7640542dd88501909
pusht,R3_pusht_55bec0d39fb91cc6691c11cb,initial,True,64,64,True,0.125,271.7793159484863,68.89207458496094,123.3417739868164,263.1322708129883,308.2274169921875,327.12574768066406,339.48716735839844,342.8072814941406,,FIXED_MENU_COVERAGE_ONLY,R4_PUSHT,12a684630c709af02a9d584874745832ebfdefaf1ec001d7640542dd88501909
pusht,R3_pusht_594e5a275d65b492f0839cd3,initial,True,64,64,True,0.125,169.46168899536133,28.31780242919922,68.74205017089844,117.11288261413574,188.80213165283203,231.3878936767578,252.52918243408203,262.2876892089844,,FIXED_MENU_COVERAGE_ONLY,R4_PUSHT,12a684630c709af02a9d584874745832ebfdefaf1ec001d7640542dd88501909
pusht,R3_pusht_5a3654fa50d546370881f032,initial,True,64,64,True,0.0,201.3235273361206,106.31298828125,131.04638671875,169.8797836303711,205.1890106201172,249.48412704467773,260.865234375,264.2856750488281,,FIXED_MENU_COVERAGE_ONLY,R4_PUSHT,12a684630c709af02a9d584874745832ebfdefaf1ec001d7640542dd88501909
pusht,R3_pusht_5c9e318ef5d0b21ed4c7aa80,initial,True,64,64,True,0.0,420.9289016723633,398.9935302734375,417.88336181640625,418.2222137451172,422.90614318847656,424.9505844116211,426.4242248535156,428.37744140625,,FIXED_MENU_COVERAGE_ONLY,R4_PUSHT,12a684630c709af02a9d584874745832ebfdefaf1ec001d7640542dd88501909
pusht,R3_pusht_5d575573b766746c8baaf120,initial,True,64,64,True,0.0,330.3703451156616,240.0421600341797,279.05206298828125,301.62574768066406,350.1437072753906,364.0892333984375,366.8755645751953,368.0766906738281,,FIXED_MENU_COVERAGE_ONLY,R4_PUSHT,12a684630c709af02a9d584874745832ebfdefaf1ec001d7640542dd88501909
pusht,R3_pusht_64bae5c02c144f4581a444b0,initial,True,64,64,True,0.0,310.1420021057129,181.1826934814453,245.6800765991211,262.0225143432617,294.32249450683594,378.5006408691406,397.8432922363281,400.49700927734375,,FIXED_MENU_COVERAGE_ONLY,R4_PUSHT,12a684630c709af02a9d584874745832ebfdefaf1ec001d7640542dd88501909
pusht,R3_pusht_65922df5c9e2292aeefdc3b9,initial,True,64,64,True,0.0,367.15216636657715,267.7313537597656,296.79042053222656,349.91355895996094,382.33668518066406,401.61256408691406,407.8798065185547,419.862548828125,,FIXED_MENU_COVERAGE_ONLY,R4_PUSHT,12a684630c709af02a9d584874745832ebfdefaf1ec001d7640542dd88501909
pusht,R3_pusht_6831730d1e7fb60ba13bcb7b,initial,True,64,64,True,0.0625,291.0671977996826,177.9066925048828,192.57754516601562,249.73225784301758,293.34210205078125,340.9229736328125,361.4827423095703,444.4222717285156,,FIXED_MENU_COVERAGE_ONLY,R4_PUSHT,12a684630c709af02a9d584874745832ebfdefaf1ec001d7640542dd88501909
pusht,R3_pusht_687e7bdf8981a1485a1282a0,initial,True,64,64,True,0.0,275.56041049957275,201.75006103515625,220.77613067626953,244.95183563232422,282.4433288574219,311.20970916748047,316.9857482910156,338.01025390625,,FIXED_MENU_COVERAGE_ONLY,R4_PUSHT,12a684630c709af02a9d584874745832ebfdefaf1ec001d7640542dd88501909
pusht,R3_pusht_6b9bb0f1463397b1cd9ad551,initial,True,64,64,True,0.0,321.9362907409668,139.26914978027344,166.01953887939453,240.60393524169922,367.5993347167969,393.4196472167969,428.6622314453125,436.8250732421875,,FIXED_MENU_COVERAGE_ONLY,R4_PUSHT,12a684630c709af02a9d584874745832ebfdefaf1ec001d7640542dd88501909
pusht,R3_pusht_6ec8f41eb28be4ceab26d017,initial,True,64,64,True,0.125,119.68555772304535,9.69774055480957,55.74022102355957,82.72435188293457,117.95033645629883,158.39717864990234,194.7527313232422,228.50799560546875,,FIXED_MENU_COVERAGE_ONLY,R4_PUSHT,12a684630c709af02a9d584874745832ebfdefaf1ec001d7640542dd88501909
pusht,R3_pusht_7a3c8ce9e39c5aea464d6750,initial,True,64,64,True,0.0,330.3974609375,309.3416748046875,317.9577178955078,323.4796905517578,331.9700927734375,337.3003692626953,340.57408142089844,356.14697265625,,FIXED_MENU_COVERAGE_ONLY,R4_PUSHT,12a684630c709af02a9d584874745832ebfdefaf1ec001d7640542dd88501909
pusht,R3_pusht_7ce90e89516ced7f461de5d5,initial,True,64,64,True,0.0,323.2390446662903,127.97901153564453,254.75636291503906,295.18824005126953,347.6081237792969,364.9921112060547,376.5854187011719,384.27593994140625,,FIXED_MENU_COVERAGE_ONLY,R4_PUSHT,12a684630c709af02a9d584874745832ebfdefaf1ec001d7640542dd88501909
pusht,R3_pusht_7dd839f8ef62084da5f8b194,initial,True,64,64,True,0.0,371.4832401275635,167.09091186523438,327.65150451660156,362.9393310546875,385.80177307128906,400.9441146850586,428.1451110839844,432.16351318359375,,FIXED_MENU_COVERAGE_ONLY,R4_PUSHT,12a684630c709af02a9d584874745832ebfdefaf1ec001d7640542dd88501909
pusht,R3_pusht_7dfb132e89316e8137e4d17f,initial,True,64,64,True,0.0,197.15378427505493,115.79424285888672,140.82888793945312,155.33100509643555,209.37796783447266,232.61621856689453,254.92298889160156,285.91412353515625,,FIXED_MENU_COVERAGE_ONLY,R4_PUSHT,12a684630c709af02a9d584874745832ebfdefaf1ec001d7640542dd88501909
pusht,R3_pusht_7e1ab9b666819cd89af74e15,initial,True,64,64,True,0.0,357.369348526001,318.7132873535156,330.9685974121094,351.2678985595703,358.5225372314453,371.5190124511719,375.7138366699219,382.0864562988281,,FIXED_MENU_COVERAGE_ONLY,R4_PUSHT,12a684630c709af02a9d584874745832ebfdefaf1ec001d7640542dd88501909
pusht,R3_pusht_83f0acf3b5e42573391e7a1e,initial,True,64,64,True,0.0,246.4787187576294,185.14590454101562,202.2957000732422,234.5749740600586,253.11841583251953,264.0634460449219,275.89093017578125,285.683349609375,,FIXED_MENU_COVERAGE_ONLY,R4_PUSHT,12a684630c709af02a9d584874745832ebfdefaf1ec001d7640542dd88501909
pusht,R3_pusht_845a5f81e72c6501e6675a31,initial,True,64,64,True,0.0,329.4373416900635,261.7841796875,276.49237060546875,320.8317413330078,344.2854919433594,347.83026123046875,351.01402282714844,374.3095397949219,,FIXED_MENU_COVERAGE_ONLY,R4_PUSHT,12a684630c709af02a9d584874745832ebfdefaf1ec001d7640542dd88501909
pusht,R3_pusht_87daf6182e1361b2285ef900,initial,True,64,64,True,0.0625,75.55103343725204,2.8272323608398438,15.701633930206299,38.851614475250244,50.446468353271484,122.30686378479004,144.00999450683594,174.989990234375,,FIXED_MENU_COVERAGE_ONLY,R4_PUSHT,12a684630c709af02a9d584874745832ebfdefaf1ec001d7640542dd88501909
pusht,R3_pusht_8d6ddedfb4d9cded29e3092b,initial,True,64,64,True,0.0,361.1263484954834,326.9990234375,329.0440673828125,341.72581481933594,367.0005340576172,374.6111145019531,384.74839782714844,408.83258056640625,,FIXED_MENU_COVERAGE_ONLY,R4_PUSHT,12a684630c709af02a9d584874745832ebfdefaf1ec001d7640542dd88501909
pusht,R3_pusht_8e221410300bba4359e57166,initial,True,64,64,True,0.0,202.33653473854065,49.225040435791016,100.2293701171875,144.73822402954102,171.18436431884766,245.5893211364746,357.34112548828125,401.983642578125,,FIXED_MENU_COVERAGE_ONLY,R4_PUSHT,12a684630c709af02a9d584874745832ebfdefaf1ec001d7640542dd88501909
pusht,R3_pusht_90393bc1b7fa4e0da384385e,initial,True,64,64,True,0.0,260.6540718078613,184.03067016601562,190.29327392578125,212.09971618652344,239.3408966064453,302.6372375488281,348.76947021484375,386.4398498535156,,FIXED_MENU_COVERAGE_ONLY,R4_PUSHT,12a684630c709af02a9d584874745832ebfdefaf1ec001d7640542dd88501909
pusht,R3_pusht_952cb4a6291472da65f51d38,initial,True,64,64,True,0.0,243.6909523010254,126.86555480957031,160.04203033447266,214.8322296142578,248.7308349609375,290.11470794677734,301.85430908203125,327.640380859375,,FIXED_MENU_COVERAGE_ONLY,R4_PUSHT,12a684630c709af02a9d584874745832ebfdefaf1ec001d7640542dd88501909
pusht,R3_pusht_971df134fa6b79a1cbaff345,initial,True,64,64,True,0.0,285.16169786453247,114.13097381591797,175.25619506835938,259.4198875427246,317.65301513671875,342.5211868286133,350.39491271972656,357.64569091796875,,FIXED_MENU_COVERAGE_ONLY,R4_PUSHT,12a684630c709af02a9d584874745832ebfdefaf1ec001d7640542dd88501909
pusht,R3_pusht_9cd7ce25e19bd56845b59641,initial,True,64,64,True,0.1875,186.34149026870728,44.187774658203125,103.21143341064453,126.03503227233887,178.66661071777344,234.1053237915039,287.49169921875,318.2576599121094,,FIXED_MENU_COVERAGE_ONLY,R4_PUSHT,12a684630c709af02a9d584874745832ebfdefaf1ec001d7640542dd88501909
pusht,R3_pusht_9d0bbfa343af97c75ba9ae70,initial,True,64,64,True,0.0,338.6662540435791,261.8874816894531,277.428955078125,300.7267608642578,356.9425048828125,370.95208740234375,377.7476043701172,385.0408020019531,,FIXED_MENU_COVERAGE_ONLY,R4_PUSHT,12a684630c709af02a9d584874745832ebfdefaf1ec001d7640542dd88501909
pusht,R3_pusht_9d0c6cbb6e2ec4b4f4e8858f,initial,True,64,64,True,0.0,375.1637840270996,179.93014526367188,327.10548400878906,358.8858947753906,392.1745910644531,413.62589263916016,426.4892578125,429.5335693359375,,FIXED_MENU_COVERAGE_ONLY,R4_PUSHT,12a684630c709af02a9d584874745832ebfdefaf1ec001d7640542dd88501909
pusht,R3_pusht_9ff9e4d6bdff11e1889e8a52,initial,True,64,64,True,0.0,182.45153713226318,115.468017578125,139.79904174804688,159.95486450195312,188.1207733154297,213.53478240966797,216.39222717285156,235.30230712890625,,FIXED_MENU_COVERAGE_ONLY,R4_PUSHT,12a684630c709af02a9d584874745832ebfdefaf1ec001d7640542dd88501909
pusht,R3_pusht_a0c1be26c51be6bc9da67160,initial,True,64,64,True,0.0,36.782466411590576,19.073196411132812,20.91334629058838,24.954143524169922,36.14501190185547,53.457481384277344,53.457481384277344,53.457481384277344,,FIXED_MENU_COVERAGE_ONLY,R4_PUSHT,12a684630c709af02a9d584874745832ebfdefaf1ec001d7640542dd88501909
pusht,R3_pusht_ac2f3a4f4fa362120d8dab00,initial,True,64,64,True,0.0,427.3841133117676,362.54736328125,378.27703857421875,397.14322662353516,440.0759735107422,446.3058624267578,464.26446533203125,476.5245666503906,,FIXED_MENU_COVERAGE_ONLY,R4_PUSHT,12a684630c709af02a9d584874745832ebfdefaf1ec001d7640542dd88501909
pusht,R3_pusht_ad6553f987cce5a0489303a5,initial,True,64,64,True,0.0,143.98472571372986,56.22749710083008,98.58084106445312,112.46902656555176,146.83863830566406,170.64072036743164,185.76165008544922,266.50872802734375,,FIXED_MENU_COVERAGE_ONLY,R4_PUSHT,12a684630c709af02a9d584874745832ebfdefaf1ec001d7640542dd88501909
pusht,R3_pusht_ae74bcac23b57e8f1fd45b5c,initial,True,64,64,True,0.0,177.90375804901123,140.68795776367188,144.60548400878906,166.80759811401367,179.3221664428711,186.06158447265625,209.9505157470703,226.28269958496094,,FIXED_MENU_COVERAGE_ONLY,R4_PUSHT,12a684630c709af02a9d584874745832ebfdefaf1ec001d7640542dd88501909
pusht,R3_pusht_aec814060b1f2d8fa79a5086,initial,True,64,64,True,0.125,45.185936987400055,6.859499931335449,24.51667308807373,28.243281364440918,52.26987838745117,57.54294967651367,64.01481437683105,68.24011993408203,,FIXED_MENU_COVERAGE_ONLY,R4_PUSHT,12a684630c709af02a9d584874745832ebfdefaf1ec001d7640542dd88501909
pusht,R3_pusht_af38397815cd9609ad1ea68a,initial,True,64,64,True,0.0,118.85349369049072,10.42258071899414,43.682016372680664,67.51568794250488,103.16090393066406,145.98541641235352,213.88971710205078,325.5824890136719,,FIXED_MENU_COVERAGE_ONLY,R4_PUSHT,12a684630c709af02a9d584874745832ebfdefaf1ec001d7640542dd88501909
pusht,R3_pusht_b15b453ce65ce7df1f64b788,initial,True,64,64,True,0.0,254.7640438079834,203.08212280273438,207.21856689453125,236.0998191833496,258.2223358154297,276.6620330810547,291.94615173339844,303.41168212890625,,FIXED_MENU_COVERAGE_ONLY,R4_PUSHT,12a684630c709af02a9d584874745832ebfdefaf1ec001d7640542dd88501909
pusht,R3_pusht_b2687b9bf9a131dfe7d295bb,initial,True,64,64,True,0.0,315.9378852844238,272.5412292480469,280.8060607910156,290.7093963623047,297.49217224121094,330.1866912841797,379.5415496826172,412.87939453125,,FIXED_MENU_COVERAGE_ONLY,R4_PUSHT,12a684630c709af02a9d584874745832ebfdefaf1ec001d7640542dd88501909
pusht,R3_pusht_b6608659b6d53b64ee042192,initial,True,64,64,True,0.0,319.76715183258057,183.89979553222656,224.12042236328125,250.07715606689453,317.2026824951172,399.11450958251953,412.6641540527344,414.7591552734375,,FIXED_MENU_COVERAGE_ONLY,R4_PUSHT,12a684630c709af02a9d584874745832ebfdefaf1ec001d7640542dd88501909
pusht,R3_pusht_ba91c8638e0207ecebbb7cd8,initial,True,64,64,True,0.0,226.03626346588135,144.14187622070312,172.142822265625,193.5293960571289,227.04198455810547,252.4084701538086,292.8119201660156,307.0504455566406,,FIXED_MENU_COVERAGE_ONLY,R4_PUSHT,12a684630c709af02a9d584874745832ebfdefaf1ec001d7640542dd88501909
pusht,R3_pusht_bc6b471807b67d990e6aad50,initial,True,64,64,True,0.0,61.70689135789871,14.595162391662598,25.14130973815918,37.09447479248047,55.33639717102051,70.89306640625,109.00848007202148,161.47415161132812,,FIXED_MENU_COVERAGE_ONLY,R4_PUSHT,12a684630c709af02a9d584874745832ebfdefaf1ec001d7640542dd88501909
pusht,R3_pusht_c810ae1483f15123173f6fd4,initial,True,64,64,True,0.0,318.26056957244873,203.25347900390625,265.76964569091797,297.1227340698242,316.6752624511719,349.5655517578125,375.00390625,397.7447509765625,,FIXED_MENU_COVERAGE_ONLY,R4_PUSHT,12a684630c709af02a9d584874745832ebfdefaf1ec001d7640542dd88501909
pusht,R3_pusht_c86037c50b49d9143a2ce91b,initial,True,64,64,True,0.0,174.21327590942383,156.8150634765625,161.4455337524414,167.37681198120117,173.83916473388672,183.23101043701172,186.9095458984375,187.85354614257812,,FIXED_MENU_COVERAGE_ONLY,R4_PUSHT,12a684630c709af02a9d584874745832ebfdefaf1ec001d7640542dd88501909
pusht,R3_pusht_ca9570676c02d5e4692fac64,initial,True,64,64,True,0.0,289.9184169769287,182.24835205078125,237.71881103515625,263.2808609008789,300.6724853515625,322.24393463134766,331.71588134765625,343.13507080078125,,FIXED_MENU_COVERAGE_ONLY,R4_PUSHT,12a684630c709af02a9d584874745832ebfdefaf1ec001d7640542dd88501909
pusht,R3_pusht_cb5ae8e208399914f87b37d6,initial,True,64,64,True,0.125,152.37304425239563,23.62374496459961,47.705509185791016,115.14597702026367,142.4720687866211,190.1817626953125,234.4225311279297,400.1856689453125,,FIXED_MENU_COVERAGE_ONLY,R4_PUSHT,12a684630c709af02a9d584874745832ebfdefaf1ec001d7640542dd88501909
pusht,R3_pusht_d4cdd065079c58904958b83f,initial,True,64,64,True,0.0625,348.13577342033386,7.067256927490234,194.41902923583984,320.8053283691406,403.7897033691406,421.23924255371094,436.9194030761719,439.0654296875,,FIXED_MENU_COVERAGE_ONLY,R4_PUSHT,12a684630c709af02a9d584874745832ebfdefaf1ec001d7640542dd88501909
pusht,R3_pusht_d587549a0e251fe39c6baeab,initial,True,64,64,True,0.0,331.0971727371216,250.2187042236328,279.4329376220703,306.41302490234375,344.5009307861328,360.3277053833008,363.7800750732422,370.48651123046875,,FIXED_MENU_COVERAGE_ONLY,R4_PUSHT,12a684630c709af02a9d584874745832ebfdefaf1ec001d7640542dd88501909
pusht,R3_pusht_d91903cf011296eb94e9a902,initial,True,64,64,True,0.0,192.92607522010803,18.548946380615234,84.68987274169922,128.13189125061035,219.6171112060547,250.61205673217773,273.5478057861328,291.44427490234375,,FIXED_MENU_COVERAGE_ONLY,R4_PUSHT,12a684630c709af02a9d584874745832ebfdefaf1ec001d7640542dd88501909
pusht,R3_pusht_daf1645e61c8c0d1f3945a87,initial,True,64,64,True,0.0,180.05325889587402,68.72564697265625,81.36249542236328,124.62468719482422,185.3990936279297,234.70809173583984,267.04742431640625,267.04742431640625,,FIXED_MENU_COVERAGE_ONLY,R4_PUSHT,12a684630c709af02a9d584874745832ebfdefaf1ec001d7640542dd88501909
pusht,R3_pusht_dc50074e9ec3c2c00440ab6e,initial,True,64,64,True,0.0625,253.5401611328125,54.47489929199219,92.56072998046875,131.74382400512695,269.6478729248047,350.8923797607422,387.6865539550781,396.3131408691406,,FIXED_MENU_COVERAGE_ONLY,R4_PUSHT,12a684630c709af02a9d584874745832ebfdefaf1ec001d7640542dd88501909
pusht,R3_pusht_dd8f3bc7c3b5f15ac3068737,initial,True,64,64,True,0.0,345.25170707702637,275.9259948730469,284.8508605957031,315.96998596191406,366.28611755371094,367.48638916015625,372.02284240722656,399.2899169921875,,FIXED_MENU_COVERAGE_ONLY,R4_PUSHT,12a684630c709af02a9d584874745832ebfdefaf1ec001d7640542dd88501909
pusht,R3_pusht_e09767b57864046b7cf06d33,initial,True,64,64,True,0.0,414.1773109436035,378.1389465332031,387.0140380859375,406.81129455566406,416.39356994628906,429.0214538574219,434.0299987792969,436.1139831542969,,FIXED_MENU_COVERAGE_ONLY,R4_PUSHT,12a684630c709af02a9d584874745832ebfdefaf1ec001d7640542dd88501909
pusht,R3_pusht_e0eac21452426164e7abadba,initial,True,64,64,True,0.0,92.40560325980186,5.583644390106201,19.30954647064209,46.165931701660156,88.60123825073242,151.82553482055664,172.55531311035156,186.41531372070312,,FIXED_MENU_COVERAGE_ONLY,R4_PUSHT,12a684630c709af02a9d584874745832ebfdefaf1ec001d7640542dd88501909
pusht,R3_pusht_e262320a2796890430c74dbe,initial,True,64,64,True,0.0,197.752094745636,102.92621612548828,134.29633331298828,171.50739669799805,195.31597137451172,231.0628433227539,249.65060424804688,273.6318054199219,,FIXED_MENU_COVERAGE_ONLY,R4_PUSHT,12a684630c709af02a9d584874745832ebfdefaf1ec001d7640542dd88501909
pusht,R3_pusht_e4d45c4851c4d2f61c64f586,initial,True,64,64,True,0.0,264.5915002822876,190.0216522216797,196.51776885986328,210.2858428955078,272.1319274902344,317.6143341064453,331.02569580078125,353.40216064453125,,FIXED_MENU_COVERAGE_ONLY,R4_PUSHT,12a684630c709af02a9d584874745832ebfdefaf1ec001d7640542dd88501909
pusht,R3_pusht_e8f9a82d4da32c861fd10492,initial,True,64,64,True,0.0,263.6075668334961,142.76739501953125,193.81800842285156,231.35292434692383,283.06166076660156,303.8813934326172,313.12274169921875,326.3266296386719,,FIXED_MENU_COVERAGE_ONLY,R4_PUSHT,12a684630c709af02a9d584874745832ebfdefaf1ec001d7640542dd88501909
pusht,R3_pusht_e9ad56a3f2a26bbfba8ec8af,initial,True,64,64,True,0.0,110.05850112438202,19.43918800354004,43.6069393157959,80.99763298034668,116.37467193603516,134.3094482421875,161.55604553222656,223.96800231933594,,FIXED_MENU_COVERAGE_ONLY,R4_PUSHT,12a684630c709af02a9d584874745832ebfdefaf1ec001d7640542dd88501909
pusht,R3_pusht_ea99c61f898da5c1f244a2c4,initial,True,64,64,True,0.0,324.96931076049805,132.59974670410156,222.87315368652344,269.4692039489746,326.55877685546875,397.6447448730469,407.5132751464844,424.2372131347656,,FIXED_MENU_COVERAGE_ONLY,R4_PUSHT,12a684630c709af02a9d584874745832ebfdefaf1ec001d7640542dd88501909
pusht,R3_pusht_ebbd0e40e9102ae47af76ad7,initial,True,64,64,True,0.0,231.47918128967285,182.95089721679688,186.45928955078125,204.008544921875,225.6969223022461,268.4663772583008,278.62860107421875,283.84674072265625,,FIXED_MENU_COVERAGE_ONLY,R4_PUSHT,12a684630c709af02a9d584874745832ebfdefaf1ec001d7640542dd88501909
pusht,R3_pusht_ee79a565775979bd87a5d701,initial,True,64,64,True,0.0,291.5958557128906,194.21336364746094,241.92807006835938,249.210693359375,292.94578552246094,326.3836669921875,343.0286560058594,431.09173583984375,,FIXED_MENU_COVERAGE_ONLY,R4_PUSHT,12a684630c709af02a9d584874745832ebfdefaf1ec001d7640542dd88501909
pusht,R3_pusht_f24c4485ced985e4234469ae,initial,True,64,64,True,0.0,341.18114280700684,176.377197265625,305.872314453125,318.79144287109375,350.3477783203125,377.9152526855469,393.1726531982422,396.7065124511719,,FIXED_MENU_COVERAGE_ONLY,R4_PUSHT,12a684630c709af02a9d584874745832ebfdefaf1ec001d7640542dd88501909
pusht,R3_pusht_f26c43f91e52169f03a9c454,initial,True,64,64,True,0.0,246.22491455078125,149.361328125,158.2665786743164,169.54260635375977,238.3147201538086,283.6124496459961,372.5960998535156,404.41912841796875,,FIXED_MENU_COVERAGE_ONLY,R4_PUSHT,12a684630c709af02a9d584874745832ebfdefaf1ec001d7640542dd88501909
pusht,R3_pusht_f2eede9d9bbfc0c3f8d3e88f,initial,True,64,64,True,0.0625,139.76802784204483,15.858540534973145,51.55055809020996,94.75042915344238,156.85791778564453,185.14126586914062,211.16649627685547,238.1123046875,,FIXED_MENU_COVERAGE_ONLY,R4_PUSHT,12a684630c709af02a9d584874745832ebfdefaf1ec001d7640542dd88501909
pusht,R3_pusht_f416a93a0980b4735e522192,initial,True,64,64,True,0.0,439.2723388671875,369.7574157714844,378.3726806640625,430.9208297729492,447.522216796875,464.12098693847656,475.1269226074219,482.45660400390625,,FIXED_MENU_COVERAGE_ONLY,R4_PUSHT,12a684630c709af02a9d584874745832ebfdefaf1ec001d7640542dd88501909
pusht,R3_pusht_f96b798a632653a77548e631,initial,True,64,64,True,0.0625,173.0176236629486,42.35038375854492,111.3440933227539,169.369873046875,186.05108642578125,195.47239685058594,218.831298828125,230.43374633789062,,FIXED_MENU_COVERAGE_ONLY,R4_PUSHT,12a684630c709af02a9d584874745832ebfdefaf1ec001d7640542dd88501909
pusht,R3_pusht_fa73ad6b8fb70140bc3b77de,initial,True,64,64,True,0.0,351.1837034225464,255.5785369873047,285.55421447753906,293.84706115722656,361.2704772949219,391.13417053222656,397.3438415527344,485.5621337890625,,FIXED_MENU_COVERAGE_ONLY,R4_PUSHT,12a684630c709af02a9d584874745832ebfdefaf1ec001d7640542dd88501909
pusht,R3_pusht_fa97d4ee6c658923ec9c651e,initial,True,64,64,True,0.0,127.40252494812012,86.04590606689453,108.9156265258789,113.83538436889648,134.38185119628906,139.47398376464844,144.8529052734375,155.50193786621094,,FIXED_MENU_COVERAGE_ONLY,R4_PUSHT,12a684630c709af02a9d584874745832ebfdefaf1ec001d7640542dd88501909
pusht,R3_pusht_ffed0cdd17716a9123057502,initial,True,64,64,True,0.0,143.60198497772217,65.29727172851562,111.26775360107422,121.61583518981934,131.05399322509766,141.68439102172852,198.60826873779297,290.73370361328125,,FIXED_MENU_COVERAGE_ONLY,R4_PUSHT,12a684630c709af02a9d584874745832ebfdefaf1ec001d7640542dd88501909
reacher,R3_reacher_01fd87d09dbf3909048741d4,initial,False,64,64,True,0.0625,,,,,,,,,TRUE_DMC_LAST_BEFORE_FIXED_HORIZON,FIXED_MENU_COVERAGE_ONLY,R4_REACHER,654fcc610e0ff0d6a7a70c8c0566c4774286f684e946e6517ada4dd00007ea27
reacher,R3_reacher_0651ebd394a43de70c9b7ad0,initial,False,64,64,True,0.0,,,,,,,,,TRUE_DMC_LAST_BEFORE_FIXED_HORIZON,FIXED_MENU_COVERAGE_ONLY,R4_REACHER,654fcc610e0ff0d6a7a70c8c0566c4774286f684e946e6517ada4dd00007ea27
reacher,R3_reacher_06b68490d49af9bd892bea71,initial,False,64,64,True,0.0,,,,,,,,,TRUE_DMC_LAST_BEFORE_FIXED_HORIZON,FIXED_MENU_COVERAGE_ONLY,R4_REACHER,654fcc610e0ff0d6a7a70c8c0566c4774286f684e946e6517ada4dd00007ea27
reacher,R3_reacher_09247f3e88e7af275abc2d1d,initial,False,64,64,True,0.0,,,,,,,,,TRUE_DMC_LAST_BEFORE_FIXED_HORIZON,FIXED_MENU_COVERAGE_ONLY,R4_REACHER,654fcc610e0ff0d6a7a70c8c0566c4774286f684e946e6517ada4dd00007ea27
reacher,R3_reacher_0e325219914460cb340033c1,initial,False,64,64,True,0.0,,,,,,,,,TRUE_DMC_LAST_BEFORE_FIXED_HORIZON,FIXED_MENU_COVERAGE_ONLY,R4_REACHER,654fcc610e0ff0d6a7a70c8c0566c4774286f684e946e6517ada4dd00007ea27
reacher,R3_reacher_0ea549c2f80d7cbbbb1b6dd8,initial,False,64,64,True,0.0,,,,,,,,,TRUE_DMC_LAST_BEFORE_FIXED_HORIZON,FIXED_MENU_COVERAGE_ONLY,R4_REACHER,654fcc610e0ff0d6a7a70c8c0566c4774286f684e946e6517ada4dd00007ea27
reacher,R3_reacher_10754410887eb77f72ae018e,initial,False,64,64,True,0.0,,,,,,,,,TRUE_DMC_LAST_BEFORE_FIXED_HORIZON,FIXED_MENU_COVERAGE_ONLY,R4_REACHER,654fcc610e0ff0d6a7a70c8c0566c4774286f684e946e6517ada4dd00007ea27
reacher,R3_reacher_19b957e03f42b1b14d0654d7,initial,False,64,64,True,0.0625,,,,,,,,,TRUE_DMC_LAST_BEFORE_FIXED_HORIZON,FIXED_MENU_COVERAGE_ONLY,R4_REACHER,654fcc610e0ff0d6a7a70c8c0566c4774286f684e946e6517ada4dd00007ea27
reacher,R3_reacher_1aad022046d1e4f9da53b4a0,initial,False,64,64,True,0.0,,,,,,,,,TRUE_DMC_LAST_BEFORE_FIXED_HORIZON,FIXED_MENU_COVERAGE_ONLY,R4_REACHER,654fcc610e0ff0d6a7a70c8c0566c4774286f684e946e6517ada4dd00007ea27
reacher,R3_reacher_1afd87ed042926d5ecc50b5c,initial,False,64,64,True,0.25,,,,,,,,,TRUE_DMC_LAST_BEFORE_FIXED_HORIZON,FIXED_MENU_COVERAGE_ONLY,R4_REACHER,654fcc610e0ff0d6a7a70c8c0566c4774286f684e946e6517ada4dd00007ea27
reacher,R3_reacher_1fc0b1d9c6963542440189cf,initial,False,64,64,True,0.0625,,,,,,,,,TRUE_DMC_LAST_BEFORE_FIXED_HORIZON,FIXED_MENU_COVERAGE_ONLY,R4_REACHER,654fcc610e0ff0d6a7a70c8c0566c4774286f684e946e6517ada4dd00007ea27
reacher,R3_reacher_20e903c4dc4794a78a414ccb,initial,False,64,64,True,0.0625,,,,,,,,,TRUE_DMC_LAST_BEFORE_FIXED_HORIZON,FIXED_MENU_COVERAGE_ONLY,R4_REACHER,654fcc610e0ff0d6a7a70c8c0566c4774286f684e946e6517ada4dd00007ea27
reacher,R3_reacher_227dcc9361770465dc9ba143,initial,False,64,64,True,0.0,,,,,,,,,TRUE_DMC_LAST_BEFORE_FIXED_HORIZON,FIXED_MENU_COVERAGE_ONLY,R4_REACHER,654fcc610e0ff0d6a7a70c8c0566c4774286f684e946e6517ada4dd00007ea27
reacher,R3_reacher_248c04f18e24c23c388665d6,initial,False,64,64,True,0.0,,,,,,,,,TRUE_DMC_LAST_BEFORE_FIXED_HORIZON,FIXED_MENU_COVERAGE_ONLY,R4_REACHER,654fcc610e0ff0d6a7a70c8c0566c4774286f684e946e6517ada4dd00007ea27
reacher,R3_reacher_25281ce20ac4c1a4e13bfe64,initial,False,64,64,True,0.0625,,,,,,,,,TRUE_DMC_LAST_BEFORE_FIXED_HORIZON,FIXED_MENU_COVERAGE_ONLY,R4_REACHER,654fcc610e0ff0d6a7a70c8c0566c4774286f684e946e6517ada4dd00007ea27
reacher,R3_reacher_29461ecfe2e96e3052bf252e,initial,False,64,64,True,0.0,,,,,,,,,TRUE_DMC_LAST_BEFORE_FIXED_HORIZON,FIXED_MENU_COVERAGE_ONLY,R4_REACHER,654fcc610e0ff0d6a7a70c8c0566c4774286f684e946e6517ada4dd00007ea27
reacher,R3_reacher_2ae169997e13b18afc7243d3,initial,False,64,64,True,0.0,,,,,,,,,TRUE_DMC_LAST_BEFORE_FIXED_HORIZON,FIXED_MENU_COVERAGE_ONLY,R4_REACHER,654fcc610e0ff0d6a7a70c8c0566c4774286f684e946e6517ada4dd00007ea27
reacher,R3_reacher_2b1605c757025d16771855cd,initial,False,64,64,True,0.0,,,,,,,,,TRUE_DMC_LAST_BEFORE_FIXED_HORIZON,FIXED_MENU_COVERAGE_ONLY,R4_REACHER,654fcc610e0ff0d6a7a70c8c0566c4774286f684e946e6517ada4dd00007ea27
reacher,R3_reacher_2da80c9f2c12b38dd5ae592f,initial,False,64,64,True,0.0625,,,,,,,,,TRUE_DMC_LAST_BEFORE_FIXED_HORIZON,FIXED_MENU_COVERAGE_ONLY,R4_REACHER,654fcc610e0ff0d6a7a70c8c0566c4774286f684e946e6517ada4dd00007ea27
reacher,R3_reacher_31bc43e232044dba582b1a91,initial,False,64,64,True,0.3125,,,,,,,,,TRUE_DMC_LAST_BEFORE_FIXED_HORIZON,FIXED_MENU_COVERAGE_ONLY,R4_REACHER,654fcc610e0ff0d6a7a70c8c0566c4774286f684e946e6517ada4dd00007ea27
reacher,R3_reacher_3225c7070888eacd2fe6ba3b,initial,False,64,64,True,0.0,,,,,,,,,TRUE_DMC_LAST_BEFORE_FIXED_HORIZON,FIXED_MENU_COVERAGE_ONLY,R4_REACHER,654fcc610e0ff0d6a7a70c8c0566c4774286f684e946e6517ada4dd00007ea27
reacher,R3_reacher_339d1566307eb06b287cd9d6,initial,False,64,64,True,0.0,,,,,,,,,TRUE_DMC_LAST_BEFORE_FIXED_HORIZON,FIXED_MENU_COVERAGE_ONLY,R4_REACHER,654fcc610e0ff0d6a7a70c8c0566c4774286f684e946e6517ada4dd00007ea27
reacher,R3_reacher_3687a037d77056bca1ad3a86,initial,False,64,64,True,0.0,,,,,,,,,TRUE_DMC_LAST_BEFORE_FIXED_HORIZON,FIXED_MENU_COVERAGE_ONLY,R4_REACHER,654fcc610e0ff0d6a7a70c8c0566c4774286f684e946e6517ada4dd00007ea27
reacher,R3_reacher_391d2d69b9911b586e875be4,initial,False,64,64,True,0.0,,,,,,,,,TRUE_DMC_LAST_BEFORE_FIXED_HORIZON,FIXED_MENU_COVERAGE_ONLY,R4_REACHER,654fcc610e0ff0d6a7a70c8c0566c4774286f684e946e6517ada4dd00007ea27
reacher,R3_reacher_3c2be98ff314c21b533f9194,initial,False,64,64,True,0.0,,,,,,,,,TRUE_DMC_LAST_BEFORE_FIXED_HORIZON,FIXED_MENU_COVERAGE_ONLY,R4_REACHER,654fcc610e0ff0d6a7a70c8c0566c4774286f684e946e6517ada4dd00007ea27
reacher,R3_reacher_3dc92a427bfa8caeee91f551,initial,False,64,64,True,0.0625,,,,,,,,,TRUE_DMC_LAST_BEFORE_FIXED_HORIZON,FIXED_MENU_COVERAGE_ONLY,R4_REACHER,654fcc610e0ff0d6a7a70c8c0566c4774286f684e946e6517ada4dd00007ea27
reacher,R3_reacher_3ebb7b8846f0d4e4c5337f68,initial,False,64,64,True,0.0625,,,,,,,,,TRUE_DMC_LAST_BEFORE_FIXED_HORIZON,FIXED_MENU_COVERAGE_ONLY,R4_REACHER,654fcc610e0ff0d6a7a70c8c0566c4774286f684e946e6517ada4dd00007ea27
reacher,R3_reacher_43346886f663e17e6f232be2,initial,False,64,64,True,0.1875,,,,,,,,,TRUE_DMC_LAST_BEFORE_FIXED_HORIZON,FIXED_MENU_COVERAGE_ONLY,R4_REACHER,654fcc610e0ff0d6a7a70c8c0566c4774286f684e946e6517ada4dd00007ea27
reacher,R3_reacher_43bed550bc7c733bb23002e3,initial,False,64,64,True,0.0,,,,,,,,,TRUE_DMC_LAST_BEFORE_FIXED_HORIZON,FIXED_MENU_COVERAGE_ONLY,R4_REACHER,654fcc610e0ff0d6a7a70c8c0566c4774286f684e946e6517ada4dd00007ea27
reacher,R3_reacher_48b38c457e06aea47721389a,initial,False,64,64,True,0.0,,,,,,,,,TRUE_DMC_LAST_BEFORE_FIXED_HORIZON,FIXED_MENU_COVERAGE_ONLY,R4_REACHER,654fcc610e0ff0d6a7a70c8c0566c4774286f684e946e6517ada4dd00007ea27
reacher,R3_reacher_4a2a4a159bd6d8b01f632e71,initial,True,64,64,True,0.0,352.1215205192566,37.11962890625,102.55854415893555,343.8188781738281,407.2257385253906,428.0706787109375,480.3030242919922,512.9415283203125,,FIXED_MENU_COVERAGE_ONLY,R4_REACHER,654fcc610e0ff0d6a7a70c8c0566c4774286f684e946e6517ada4dd00007ea27
reacher,R3_reacher_4b5f85125ceccca055fe76b4,initial,False,64,64,True,0.0,,,,,,,,,TRUE_DMC_LAST_BEFORE_FIXED_HORIZON,FIXED_MENU_COVERAGE_ONLY,R4_REACHER,654fcc610e0ff0d6a7a70c8c0566c4774286f684e946e6517ada4dd00007ea27
reacher,R3_reacher_4d092e8fde355972772dfa7e,initial,False,64,64,True,0.25,,,,,,,,,TRUE_DMC_LAST_BEFORE_FIXED_HORIZON,FIXED_MENU_COVERAGE_ONLY,R4_REACHER,654fcc610e0ff0d6a7a70c8c0566c4774286f684e946e6517ada4dd00007ea27
reacher,R3_reacher_4de0f0387d01ac1b49760c47,initial,True,64,64,True,0.0,296.93564891815186,85.20240783691406,127.08802795410156,247.44427490234375,331.3583221435547,381.53971099853516,393.3664245605469,414.5107727050781,,FIXED_MENU_COVERAGE_ONLY,R4_REACHER,654fcc610e0ff0d6a7a70c8c0566c4774286f684e946e6517ada4dd00007ea27
reacher,R3_reacher_4eb4413d6e63e87a59fec03a,initial,True,64,64,False,0.0,354.97125339508057,107.11610412597656,209.71705627441406,338.9618453979492,390.3448486328125,418.4048843383789,433.5123596191406,449.7835693359375,,FIXED_MENU_COVERAGE_ONLY,R4_REACHER,654fcc610e0ff0d6a7a70c8c0566c4774286f684e946e6517ada4dd00007ea27
reacher,R3_reacher_51856009f99570a92446d05a,initial,False,64,64,True,0.0,,,,,,,,,TRUE_DMC_LAST_BEFORE_FIXED_HORIZON,FIXED_MENU_COVERAGE_ONLY,R4_REACHER,654fcc610e0ff0d6a7a70c8c0566c4774286f684e946e6517ada4dd00007ea27
reacher,R3_reacher_54f5b13feb6984f1980392cc,initial,False,64,64,True,0.0,,,,,,,,,TRUE_DMC_LAST_BEFORE_FIXED_HORIZON,FIXED_MENU_COVERAGE_ONLY,R4_REACHER,654fcc610e0ff0d6a7a70c8c0566c4774286f684e946e6517ada4dd00007ea27
reacher,R3_reacher_5d50985e823f66ebd401c1ec,initial,False,64,64,True,0.0,,,,,,,,,TRUE_DMC_LAST_BEFORE_FIXED_HORIZON,FIXED_MENU_COVERAGE_ONLY,R4_REACHER,654fcc610e0ff0d6a7a70c8c0566c4774286f684e946e6517ada4dd00007ea27
reacher,R3_reacher_5e2d5d2d9907df0393e50f40,initial,False,64,64,True,0.0625,,,,,,,,,TRUE_DMC_LAST_BEFORE_FIXED_HORIZON,FIXED_MENU_COVERAGE_ONLY,R4_REACHER,654fcc610e0ff0d6a7a70c8c0566c4774286f684e946e6517ada4dd00007ea27
reacher,R3_reacher_5ede573180f7658b8cb1fa2a,initial,False,64,64,True,0.0,,,,,,,,,TRUE_DMC_LAST_BEFORE_FIXED_HORIZON,FIXED_MENU_COVERAGE_ONLY,R4_REACHER,654fcc610e0ff0d6a7a70c8c0566c4774286f684e946e6517ada4dd00007ea27
reacher,R3_reacher_6216de4a5b03eb23d114e16a,initial,False,64,64,True,0.0625,,,,,,,,,TRUE_DMC_LAST_BEFORE_FIXED_HORIZON,FIXED_MENU_COVERAGE_ONLY,R4_REACHER,654fcc610e0ff0d6a7a70c8c0566c4774286f684e946e6517ada4dd00007ea27
reacher,R3_reacher_665505d7ca68f56e86ab9898,initial,False,64,64,True,0.0,,,,,,,,,TRUE_DMC_LAST_BEFORE_FIXED_HORIZON,FIXED_MENU_COVERAGE_ONLY,R4_REACHER,654fcc610e0ff0d6a7a70c8c0566c4774286f684e946e6517ada4dd00007ea27
reacher,R3_reacher_68ead16e22260984b6ce630e,initial,False,64,64,True,0.0,,,,,,,,,TRUE_DMC_LAST_BEFORE_FIXED_HORIZON,FIXED_MENU_COVERAGE_ONLY,R4_REACHER,654fcc610e0ff0d6a7a70c8c0566c4774286f684e946e6517ada4dd00007ea27
reacher,R3_reacher_691b0678315722721b850bd9,initial,True,64,64,False,0.0,338.4816246032715,197.48785400390625,234.40274047851562,342.9676284790039,349.4903259277344,372.11474609375,383.98875427246094,429.43585205078125,,FIXED_MENU_COVERAGE_ONLY,R4_REACHER,654fcc610e0ff0d6a7a70c8c0566c4774286f684e946e6517ada4dd00007ea27
reacher,R3_reacher_6cba7a43faf319ebfe282ca1,initial,False,64,64,True,0.1875,,,,,,,,,TRUE_DMC_LAST_BEFORE_FIXED_HORIZON,FIXED_MENU_COVERAGE_ONLY,R4_REACHER,654fcc610e0ff0d6a7a70c8c0566c4774286f684e946e6517ada4dd00007ea27
reacher,R3_reacher_6d50b6eae922ec8eaba3b2aa,initial,False,64,64,True,0.0,,,,,,,,,TRUE_DMC_LAST_BEFORE_FIXED_HORIZON,FIXED_MENU_COVERAGE_ONLY,R4_REACHER,654fcc610e0ff0d6a7a70c8c0566c4774286f684e946e6517ada4dd00007ea27
reacher,R3_reacher_6ff2b0510c4734c334024b6f,initial,False,64,64,True,0.0625,,,,,,,,,TRUE_DMC_LAST_BEFORE_FIXED_HORIZON,FIXED_MENU_COVERAGE_ONLY,R4_REACHER,654fcc610e0ff0d6a7a70c8c0566c4774286f684e946e6517ada4dd00007ea27
reacher,R3_reacher_74df08ab195a14a2c8f2f0ac,initial,False,64,64,True,0.0,,,,,,,,,TRUE_DMC_LAST_BEFORE_FIXED_HORIZON,FIXED_MENU_COVERAGE_ONLY,R4_REACHER,654fcc610e0ff0d6a7a70c8c0566c4774286f684e946e6517ada4dd00007ea27
reacher,R3_reacher_78e0945523fb491a3f33e969,initial,False,64,64,True,0.375,,,,,,,,,TRUE_DMC_LAST_BEFORE_FIXED_HORIZON,FIXED_MENU_COVERAGE_ONLY,R4_REACHER,654fcc610e0ff0d6a7a70c8c0566c4774286f684e946e6517ada4dd00007ea27
reacher,R3_reacher_7aff8be5072b1a8af1a8d13d,initial,False,64,64,True,0.0625,,,,,,,,,TRUE_DMC_LAST_BEFORE_FIXED_HORIZON,FIXED_MENU_COVERAGE_ONLY,R4_REACHER,654fcc610e0ff0d6a7a70c8c0566c4774286f684e946e6517ada4dd00007ea27
reacher,R3_reacher_7dd7cb04423f92db263fa577,initial,False,64,64,True,0.25,,,,,,,,,TRUE_DMC_LAST_BEFORE_FIXED_HORIZON,FIXED_MENU_COVERAGE_ONLY,R4_REACHER,654fcc610e0ff0d6a7a70c8c0566c4774286f684e946e6517ada4dd00007ea27
reacher,R3_reacher_8013310a3876dc798b82233e,initial,False,64,64,True,0.0625,,,,,,,,,TRUE_DMC_LAST_BEFORE_FIXED_HORIZON,FIXED_MENU_COVERAGE_ONLY,R4_REACHER,654fcc610e0ff0d6a7a70c8c0566c4774286f684e946e6517ada4dd00007ea27
reacher,R3_reacher_81676bd5f7a922d099e8c632,initial,False,64,64,True,0.0625,,,,,,,,,TRUE_DMC_LAST_BEFORE_FIXED_HORIZON,FIXED_MENU_COVERAGE_ONLY,R4_REACHER,654fcc610e0ff0d6a7a70c8c0566c4774286f684e946e6517ada4dd00007ea27
reacher,R3_reacher_88e6d02b4868302c88af83bd,initial,False,64,64,True,0.3125,,,,,,,,,TRUE_DMC_LAST_BEFORE_FIXED_HORIZON,FIXED_MENU_COVERAGE_ONLY,R4_REACHER,654fcc610e0ff0d6a7a70c8c0566c4774286f684e946e6517ada4dd00007ea27
reacher,R3_reacher_8cb337114374dac2e790e2d0,initial,False,64,64,True,0.5,,,,,,,,,TRUE_DMC_LAST_BEFORE_FIXED_HORIZON,FIXED_MENU_COVERAGE_ONLY,R4_REACHER,654fcc610e0ff0d6a7a70c8c0566c4774286f684e946e6517ada4dd00007ea27
reacher,R3_reacher_8f94a57dc057ae3fea063566,initial,False,64,64,True,0.25,,,,,,,,,TRUE_DMC_LAST_BEFORE_FIXED_HORIZON,FIXED_MENU_COVERAGE_ONLY,R4_REACHER,654fcc610e0ff0d6a7a70c8c0566c4774286f684e946e6517ada4dd00007ea27
reacher,R3_reacher_90130661be9d8449b174dfda,initial,False,64,64,True,0.0,,,,,,,,,TRUE_DMC_LAST_BEFORE_FIXED_HORIZON,FIXED_MENU_COVERAGE_ONLY,R4_REACHER,654fcc610e0ff0d6a7a70c8c0566c4774286f684e946e6517ada4dd00007ea27
reacher,R3_reacher_91d6a515142521d444cda8ca,initial,False,64,64,True,0.0,,,,,,,,,TRUE_DMC_LAST_BEFORE_FIXED_HORIZON,FIXED_MENU_COVERAGE_ONLY,R4_REACHER,654fcc610e0ff0d6a7a70c8c0566c4774286f684e946e6517ada4dd00007ea27
reacher,R3_reacher_9ce16e33ff15bde409d40098,initial,False,64,64,True,0.0,,,,,,,,,TRUE_DMC_LAST_BEFORE_FIXED_HORIZON,FIXED_MENU_COVERAGE_ONLY,R4_REACHER,654fcc610e0ff0d6a7a70c8c0566c4774286f684e946e6517ada4dd00007ea27
reacher,R3_reacher_a1c24b0d5bdd53fdeb203e5f,initial,False,64,64,True,0.0,,,,,,,,,TRUE_DMC_LAST_BEFORE_FIXED_HORIZON,FIXED_MENU_COVERAGE_ONLY,R4_REACHER,654fcc610e0ff0d6a7a70c8c0566c4774286f684e946e6517ada4dd00007ea27
reacher,R3_reacher_a4fc5af8bb0b58322c55693f,initial,False,64,64,True,0.0,,,,,,,,,TRUE_DMC_LAST_BEFORE_FIXED_HORIZON,FIXED_MENU_COVERAGE_ONLY,R4_REACHER,654fcc610e0ff0d6a7a70c8c0566c4774286f684e946e6517ada4dd00007ea27
reacher,R3_reacher_a80b135a2ca6b9fe49081cb7,initial,False,64,64,True,0.0,,,,,,,,,TRUE_DMC_LAST_BEFORE_FIXED_HORIZON,FIXED_MENU_COVERAGE_ONLY,R4_REACHER,654fcc610e0ff0d6a7a70c8c0566c4774286f684e946e6517ada4dd00007ea27
reacher,R3_reacher_aa19e4ff8c803eccffc04674,initial,False,64,64,True,0.25,,,,,,,,,TRUE_DMC_LAST_BEFORE_FIXED_HORIZON,FIXED_MENU_COVERAGE_ONLY,R4_REACHER,654fcc610e0ff0d6a7a70c8c0566c4774286f684e946e6517ada4dd00007ea27
reacher,R3_reacher_ae4e56803bfc6050ad2c5407,initial,False,64,64,True,0.25,,,,,,,,,TRUE_DMC_LAST_BEFORE_FIXED_HORIZON,FIXED_MENU_COVERAGE_ONLY,R4_REACHER,654fcc610e0ff0d6a7a70c8c0566c4774286f684e946e6517ada4dd00007ea27
reacher,R3_reacher_af2aa3d1d6cbf53a4f647860,initial,False,64,64,True,0.0,,,,,,,,,TRUE_DMC_LAST_BEFORE_FIXED_HORIZON,FIXED_MENU_COVERAGE_ONLY,R4_REACHER,654fcc610e0ff0d6a7a70c8c0566c4774286f684e946e6517ada4dd00007ea27
reacher,R3_reacher_b1919e19a6a875f129014e81,initial,False,64,64,True,0.0,,,,,,,,,TRUE_DMC_LAST_BEFORE_FIXED_HORIZON,FIXED_MENU_COVERAGE_ONLY,R4_REACHER,654fcc610e0ff0d6a7a70c8c0566c4774286f684e946e6517ada4dd00007ea27
reacher,R3_reacher_b2b5f6290d54abd4e830fc73,initial,False,64,64,True,0.0625,,,,,,,,,TRUE_DMC_LAST_BEFORE_FIXED_HORIZON,FIXED_MENU_COVERAGE_ONLY,R4_REACHER,654fcc610e0ff0d6a7a70c8c0566c4774286f684e946e6517ada4dd00007ea27
reacher,R3_reacher_b360acd1c6d9c7eb19ad0748,initial,False,64,64,True,0.0625,,,,,,,,,TRUE_DMC_LAST_BEFORE_FIXED_HORIZON,FIXED_MENU_COVERAGE_ONLY,R4_REACHER,654fcc610e0ff0d6a7a70c8c0566c4774286f684e946e6517ada4dd00007ea27
reacher,R3_reacher_b435d231878e66fe816e4b27,initial,False,64,64,True,0.125,,,,,,,,,TRUE_DMC_LAST_BEFORE_FIXED_HORIZON,FIXED_MENU_COVERAGE_ONLY,R4_REACHER,654fcc610e0ff0d6a7a70c8c0566c4774286f684e946e6517ada4dd00007ea27
reacher,R3_reacher_b7683878966ffb88777d03f2,initial,False,64,64,True,0.1875,,,,,,,,,TRUE_DMC_LAST_BEFORE_FIXED_HORIZON,FIXED_MENU_COVERAGE_ONLY,R4_REACHER,654fcc610e0ff0d6a7a70c8c0566c4774286f684e946e6517ada4dd00007ea27
reacher,R3_reacher_c0da6ebc002f6e6d8652c23a,initial,False,64,64,True,0.0625,,,,,,,,,TRUE_DMC_LAST_BEFORE_FIXED_HORIZON,FIXED_MENU_COVERAGE_ONLY,R4_REACHER,654fcc610e0ff0d6a7a70c8c0566c4774286f684e946e6517ada4dd00007ea27
reacher,R3_reacher_c47240a947a9f7917eaf944b,initial,False,64,64,True,0.0625,,,,,,,,,TRUE_DMC_LAST_BEFORE_FIXED_HORIZON,FIXED_MENU_COVERAGE_ONLY,R4_REACHER,654fcc610e0ff0d6a7a70c8c0566c4774286f684e946e6517ada4dd00007ea27
reacher,R3_reacher_c799ddaf20ab5016c0fcc94d,initial,False,64,64,True,0.0,,,,,,,,,TRUE_DMC_LAST_BEFORE_FIXED_HORIZON,FIXED_MENU_COVERAGE_ONLY,R4_REACHER,654fcc610e0ff0d6a7a70c8c0566c4774286f684e946e6517ada4dd00007ea27
reacher,R3_reacher_cbda62f6c8224e2f9423fd2d,initial,False,64,64,True,0.0,,,,,,,,,TRUE_DMC_LAST_BEFORE_FIXED_HORIZON,FIXED_MENU_COVERAGE_ONLY,R4_REACHER,654fcc610e0ff0d6a7a70c8c0566c4774286f684e946e6517ada4dd00007ea27
reacher,R3_reacher_cda870d3e512d2eb34471d9e,initial,False,64,64,True,0.0,,,,,,,,,TRUE_DMC_LAST_BEFORE_FIXED_HORIZON,FIXED_MENU_COVERAGE_ONLY,R4_REACHER,654fcc610e0ff0d6a7a70c8c0566c4774286f684e946e6517ada4dd00007ea27
reacher,R3_reacher_cdd7a48d2d150bc082f55fa8,initial,False,64,64,True,0.125,,,,,,,,,TRUE_DMC_LAST_BEFORE_FIXED_HORIZON,FIXED_MENU_COVERAGE_ONLY,R4_REACHER,654fcc610e0ff0d6a7a70c8c0566c4774286f684e946e6517ada4dd00007ea27
reacher,R3_reacher_cf3ea0332fec67aba0c09d69,initial,False,64,64,True,0.0,,,,,,,,,TRUE_DMC_LAST_BEFORE_FIXED_HORIZON,FIXED_MENU_COVERAGE_ONLY,R4_REACHER,654fcc610e0ff0d6a7a70c8c0566c4774286f684e946e6517ada4dd00007ea27
reacher,R3_reacher_d114702b19acfaf5dda45c4f,initial,False,64,64,True,0.0,,,,,,,,,TRUE_DMC_LAST_BEFORE_FIXED_HORIZON,FIXED_MENU_COVERAGE_ONLY,R4_REACHER,654fcc610e0ff0d6a7a70c8c0566c4774286f684e946e6517ada4dd00007ea27
reacher,R3_reacher_d6184e6ee10fee6564198319,initial,False,64,64,True,0.0,,,,,,,,,TRUE_DMC_LAST_BEFORE_FIXED_HORIZON,FIXED_MENU_COVERAGE_ONLY,R4_REACHER,654fcc610e0ff0d6a7a70c8c0566c4774286f684e946e6517ada4dd00007ea27
reacher,R3_reacher_d75164310bc00a38ef41a7a2,initial,False,64,64,True,0.0,,,,,,,,,TRUE_DMC_LAST_BEFORE_FIXED_HORIZON,FIXED_MENU_COVERAGE_ONLY,R4_REACHER,654fcc610e0ff0d6a7a70c8c0566c4774286f684e946e6517ada4dd00007ea27
reacher,R3_reacher_db1aac2a2839b94c8cf3e963,initial,False,64,64,True,0.0,,,,,,,,,TRUE_DMC_LAST_BEFORE_FIXED_HORIZON,FIXED_MENU_COVERAGE_ONLY,R4_REACHER,654fcc610e0ff0d6a7a70c8c0566c4774286f684e946e6517ada4dd00007ea27
reacher,R3_reacher_df4b440848b9f031543dd698,initial,False,64,64,True,0.0625,,,,,,,,,TRUE_DMC_LAST_BEFORE_FIXED_HORIZON,FIXED_MENU_COVERAGE_ONLY,R4_REACHER,654fcc610e0ff0d6a7a70c8c0566c4774286f684e946e6517ada4dd00007ea27
reacher,R3_reacher_df6b904f9325342cb9269256,initial,False,64,64,True,0.0625,,,,,,,,,TRUE_DMC_LAST_BEFORE_FIXED_HORIZON,FIXED_MENU_COVERAGE_ONLY,R4_REACHER,654fcc610e0ff0d6a7a70c8c0566c4774286f684e946e6517ada4dd00007ea27
reacher,R3_reacher_e16605f9ca3eaefb85d7cd2a,initial,False,64,64,True,0.0,,,,,,,,,TRUE_DMC_LAST_BEFORE_FIXED_HORIZON,FIXED_MENU_COVERAGE_ONLY,R4_REACHER,654fcc610e0ff0d6a7a70c8c0566c4774286f684e946e6517ada4dd00007ea27
reacher,R3_reacher_e25a61bb715dbf3fd96b9f4b,initial,False,64,64,True,0.0,,,,,,,,,TRUE_DMC_LAST_BEFORE_FIXED_HORIZON,FIXED_MENU_COVERAGE_ONLY,R4_REACHER,654fcc610e0ff0d6a7a70c8c0566c4774286f684e946e6517ada4dd00007ea27
reacher,R3_reacher_e547cc356ff64f28a01b3a4d,initial,False,64,64,True,0.0625,,,,,,,,,TRUE_DMC_LAST_BEFORE_FIXED_HORIZON,FIXED_MENU_COVERAGE_ONLY,R4_REACHER,654fcc610e0ff0d6a7a70c8c0566c4774286f684e946e6517ada4dd00007ea27
reacher,R3_reacher_e690a367ff4f94b45cee2d33,initial,False,64,64,True,0.0,,,,,,,,,TRUE_DMC_LAST_BEFORE_FIXED_HORIZON,FIXED_MENU_COVERAGE_ONLY,R4_REACHER,654fcc610e0ff0d6a7a70c8c0566c4774286f684e946e6517ada4dd00007ea27
reacher,R3_reacher_e899be36b2378f247385a80c,initial,False,64,64,True,0.0625,,,,,,,,,TRUE_DMC_LAST_BEFORE_FIXED_HORIZON,FIXED_MENU_COVERAGE_ONLY,R4_REACHER,654fcc610e0ff0d6a7a70c8c0566c4774286f684e946e6517ada4dd00007ea27
reacher,R3_reacher_e96c064ebe544a7de14e595f,initial,False,64,64,True,0.375,,,,,,,,,TRUE_DMC_LAST_BEFORE_FIXED_HORIZON,FIXED_MENU_COVERAGE_ONLY,R4_REACHER,654fcc610e0ff0d6a7a70c8c0566c4774286f684e946e6517ada4dd00007ea27
reacher,R3_reacher_e97cbf284bc2f1863e321521,initial,False,64,64,True,0.1875,,,,,,,,,TRUE_DMC_LAST_BEFORE_FIXED_HORIZON,FIXED_MENU_COVERAGE_ONLY,R4_REACHER,654fcc610e0ff0d6a7a70c8c0566c4774286f684e946e6517ada4dd00007ea27
reacher,R3_reacher_e9df183d83d2c6d6143de3be,initial,False,64,64,True,0.0,,,,,,,,,TRUE_DMC_LAST_BEFORE_FIXED_HORIZON,FIXED_MENU_COVERAGE_ONLY,R4_REACHER,654fcc610e0ff0d6a7a70c8c0566c4774286f684e946e6517ada4dd00007ea27
reacher,R3_reacher_eb5da8b3b8a360d72bdc4b81,initial,False,64,64,True,0.0,,,,,,,,,TRUE_DMC_LAST_BEFORE_FIXED_HORIZON,FIXED_MENU_COVERAGE_ONLY,R4_REACHER,654fcc610e0ff0d6a7a70c8c0566c4774286f684e946e6517ada4dd00007ea27
reacher,R3_reacher_ed2a6ac159bdefdd8698e966,initial,False,64,64,True,0.125,,,,,,,,,TRUE_DMC_LAST_BEFORE_FIXED_HORIZON,FIXED_MENU_COVERAGE_ONLY,R4_REACHER,654fcc610e0ff0d6a7a70c8c0566c4774286f684e946e6517ada4dd00007ea27
reacher,R3_reacher_ee3aa3dea1bccfc0c0400c77,initial,False,64,64,True,0.0,,,,,,,,,TRUE_DMC_LAST_BEFORE_FIXED_HORIZON,FIXED_MENU_COVERAGE_ONLY,R4_REACHER,654fcc610e0ff0d6a7a70c8c0566c4774286f684e946e6517ada4dd00007ea27
reacher,R3_reacher_f295eb60a191606d1f094189,initial,False,64,64,True,0.1875,,,,,,,,,TRUE_DMC_LAST_BEFORE_FIXED_HORIZON,FIXED_MENU_COVERAGE_ONLY,R4_REACHER,654fcc610e0ff0d6a7a70c8c0566c4774286f684e946e6517ada4dd00007ea27
reacher,R3_reacher_f7bea0928cdded574e397c2d,initial,False,64,64,True,0.0,,,,,,,,,TRUE_DMC_LAST_BEFORE_FIXED_HORIZON,FIXED_MENU_COVERAGE_ONLY,R4_REACHER,654fcc610e0ff0d6a7a70c8c0566c4774286f684e946e6517ada4dd00007ea27
reacher,R3_reacher_fa467774affd316a6db90f90,initial,False,64,64,True,0.125,,,,,,,,,TRUE_DMC_LAST_BEFORE_FIXED_HORIZON,FIXED_MENU_COVERAGE_ONLY,R4_REACHER,654fcc610e0ff0d6a7a70c8c0566c4774286f684e946e6517ada4dd00007ea27
reacher,R3_reacher_fc2a1ecf6edea23cba59b6be,initial,False,64,64,True,0.0,,,,,,,,,TRUE_DMC_LAST_BEFORE_FIXED_HORIZON,FIXED_MENU_COVERAGE_ONLY,R4_REACHER,654fcc610e0ff0d6a7a70c8c0566c4774286f684e946e6517ada4dd00007ea27
reacher,R3_reacher_fca2ae6f03dd54aa3833661f,initial,False,64,64,True,0.125,,,,,,,,,TRUE_DMC_LAST_BEFORE_FIXED_HORIZON,FIXED_MENU_COVERAGE_ONLY,R4_REACHER,654fcc610e0ff0d6a7a70c8c0566c4774286f684e946e6517ada4dd00007ea27
reacher,R3_reacher_fe1001e9c3b6b50616b6fe2d,initial,False,64,64,True,0.0,,,,,,,,,TRUE_DMC_LAST_BEFORE_FIXED_HORIZON,FIXED_MENU_COVERAGE_ONLY,R4_REACHER,654fcc610e0ff0d6a7a70c8c0566c4774286f684e946e6517ada4dd00007ea27
