task,source_study,evaluation_kind,arm,horizon_macro,horizon_raw,cases,training_updates_per_seed,refit_seed_count,success,final_goal_error,executed_raw_steps,replan_calls,trajectory_wall_seconds,success_percent,latent_raw_MSE,latent_TRAIN_variance_normalized_MSE,prediction_norm_l2,target_norm_l2,prediction_norm2_over_D,target_norm2_over_D,prediction_displacement_from_initial_MSE,delta_success_pp,delta_case_ci95_low,delta_case_ci95_high,delta_family_ci95_low,delta_family_ci95_high
pusht,ORIGINAL_R3_UNCHANGED,CLOSED_LOOP_CEM,H0,0,0,100,0,0,0.91,113.47242172596327,27.02,1.17,2.672888269233517,91.0,,,,,,,,,,,,
pusht,ORIGINAL_R3_UNCHANGED,OPEN_LOOP,H0,1,5,100,0,0,,,,,,,0.008431567941027226,0.00837520979307256,13.847323485602812,13.89159985126609,1.0014689263119956,1.0076597239511784,0.19142874276640845,,,,,
pusht,ORIGINAL_R3_UNCHANGED,OPEN_LOOP,H0,2,10,100,0,0,,,,,,,0.016971471468851387,0.016858031037992053,13.848281436804557,13.920717973431135,1.0024079329227704,1.0119436911084778,0.5268988721929587,,,,,
pusht,ORIGINAL_R3_UNCHANGED,OPEN_LOOP,H0,5,25,100,0,0,,,,,,,0.058311686317645946,0.05792192030164969,13.691882675345985,13.759043939454052,0.980806667920901,0.9895836917901345,1.4129929637720158,,,,,
pusht,ORIGINAL_R3_UNCHANGED,CLOSED_LOOP_CEM,REFIT_103201,0,0,100,30000,1,0.94,118.40658763870728,25.0,1.12,2.5317035864433275,94.0,,,,,,,,2.9999999999999916,-2.9999999999999916,8.999999999999996,-3.125822368421052,9.433962264150942
pusht,ORIGINAL_R3_UNCHANGED,OPEN_LOOP,REFIT_103201,1,5,100,30000,1,,,,,,,0.006658591641787705,0.006614084392893752,13.791580726267368,13.89159985126609,0.9931495972087592,1.0076597239511784,0.17982902261971392,,,,,
pusht,ORIGINAL_R3_UNCHANGED,OPEN_LOOP,REFIT_103201,2,10,100,30000,1,,,,,,,0.01740750672896194,0.017291151758378243,13.80711230647896,13.920717973431135,0.9957243039569833,1.0119436911084778,0.49818590059144796,,,,,
pusht,ORIGINAL_R3_UNCHANGED,OPEN_LOOP,REFIT_103201,5,25,100,30000,1,,,,,,,0.05881641439629651,0.05842327468516641,13.680686007057478,13.759043939454052,0.9790522884434081,0.9895836917901345,1.3658830795520398,,,,,
pusht,ORIGINAL_R3_UNCHANGED,CLOSED_LOOP_CEM,REFIT_103202,0,0,100,30000,1,0.95,126.57975635603489,24.61,1.09,2.465791444829665,95.0,,,,,,,,3.9999999999999925,-1.0000000000000009,9.999999999999998,-2.0408163265306034,9.999999999999998
pusht,ORIGINAL_R3_UNCHANGED,OPEN_LOOP,REFIT_103202,1,5,100,30000,1,,,,,,,0.006065344795292902,0.0060248029172270375,13.796007847405283,13.89159985126609,0.9937380788607278,1.0076597239511784,0.18054351709545846,,,,,
pusht,ORIGINAL_R3_UNCHANGED,OPEN_LOOP,REFIT_103202,2,10,100,30000,1,,,,,,,0.015291760345938783,0.015189547412580304,13.804304826747403,13.920717973431135,0.995348995405078,1.0119436911084778,0.4982570434048448,,,,,
pusht,ORIGINAL_R3_UNCHANGED,OPEN_LOOP,REFIT_103202,5,25,100,30000,1,,,,,,,0.05525291586265717,0.05488359522990012,13.670525249196173,13.759043939454052,0.9774978682605244,0.9895836917901345,1.3682541966868893,,,,,
pusht,ORIGINAL_R3_UNCHANGED,CLOSED_LOOP_CEM,REFIT_103203,0,0,100,30000,1,0.93,126.82337342246142,25.03,1.12,2.5320276930276306,93.0,,,,,,,,2.0000000000000018,-4.0000000000000036,7.9999999999999964,-4.90317414094351,8.823529411764708
pusht,ORIGINAL_R3_UNCHANGED,OPEN_LOOP,REFIT_103203,1,5,100,30000,1,,,,,,,0.006047517547240164,0.0060070948297729476,13.785533933685088,13.89159985126609,0.9922407021227899,1.0076597239511784,0.18079806313089225,,,,,
pusht,ORIGINAL_R3_UNCHANGED,OPEN_LOOP,REFIT_103203,2,10,100,30000,1,,,,,,,0.01494531015652997,0.014845412959837576,13.78969131530529,13.920717973431135,0.9932330722395178,1.0119436911084778,0.499298611938347,,,,,
pusht,ORIGINAL_R3_UNCHANGED,OPEN_LOOP,REFIT_103203,5,25,100,30000,1,,,,,,,0.05856168843704707,0.05817025136099026,13.668051208596385,13.759043939454052,0.9772095930460505,0.9895836917901345,1.372249009760877,,,,,
pusht,ORIGINAL_R3_UNCHANGED,CLOSED_LOOP_CEM,FIXED_THREE_REFIT_MEAN_NOT_ENSEMBLE,0,0,100,30000,3,0.94,123.93657247240118,24.88,1.11,2.5098409081002075,94.0,,,,,,,,2.9999999999999956,-2.3333333333333357,8.666666666666668,-3.0303030303030316,9.240924092409237
pusht,ORIGINAL_R3_UNCHANGED,OPEN_LOOP,FIXED_THREE_REFIT_MEAN_NOT_ENSEMBLE,1,5,100,30000,3,,,,,,,0.0062571513281069234,0.006215327379964579,13.791040835785914,13.89159985126609,0.9930427927307589,1.0076597239511784,0.1803902009486882,,,,,
pusht,ORIGINAL_R3_UNCHANGED,OPEN_LOOP,FIXED_THREE_REFIT_MEAN_NOT_ENSEMBLE,2,10,100,30000,3,,,,,,,0.01588152574381023,0.015775370710265375,13.800369482843884,13.920717973431135,0.9947687905338597,1.0119436911084778,0.4985805186448799,,,,,
pusht,ORIGINAL_R3_UNCHANGED,OPEN_LOOP,FIXED_THREE_REFIT_MEAN_NOT_ENSEMBLE,5,25,100,30000,3,,,,,,,0.057543672898666916,0.05715904042535226,13.673087488283345,13.759043939454052,0.9779199165833278,0.9895836917901345,1.3687954286666022,,,,,
reacher,ORIGINAL_R3_UNCHANGED,CLOSED_LOOP_CEM,H0,0,0,100,0,0,0.86,0.060608216657599294,31.59,1.48,3.718459349819459,86.0,,,,,,,,,,,,
reacher,ORIGINAL_R3_UNCHANGED,OPEN_LOOP,H0,1,5,100,0,0,,,,,,,0.006784567867868304,0.006856343502410925,13.776042753234126,13.809244200159233,0.990409057571449,0.9954665533522575,0.5335503210586271,,,,,
reacher,ORIGINAL_R3_UNCHANGED,OPEN_LOOP,H0,2,10,100,0,0,,,,,,,0.011082173822749383,0.011199414901876415,13.820045564047064,13.8232561542898,0.9964873896014252,0.997192682070026,0.9746347278717336,,,,,
reacher,ORIGINAL_R3_UNCHANGED,OPEN_LOOP,H0,5,25,100,0,0,,,,,,,0.01976001954625783,0.019969065718265965,13.870568012514006,13.824218042943372,1.0038143065110199,0.9975304077780983,1.4731657860725134,,,,,
reacher,ORIGINAL_R3_UNCHANGED,CLOSED_LOOP_CEM,REFIT_103201,0,0,100,30000,1,0.85,0.05949867654551627,32.05,1.57,3.8929134070128204,85.0,,,,,,,,-1.0000000000000009,-8.000000000000007,6.999999999999995,,
reacher,ORIGINAL_R3_UNCHANGED,OPEN_LOOP,REFIT_103201,1,5,100,30000,1,,,,,,,0.0009278433504663014,0.0009376592365378774,13.868185320316263,13.809244200159233,1.0040713915078836,0.9954665533522575,0.5314245892162789,,,,,
reacher,ORIGINAL_R3_UNCHANGED,OPEN_LOOP,REFIT_103201,2,10,100,30000,1,,,,,,,0.001202715488170331,0.0012154393150991618,13.878992047546722,13.8232561542898,1.005252206996746,0.997192682070026,0.9651979263548914,,,,,
reacher,ORIGINAL_R3_UNCHANGED,OPEN_LOOP,REFIT_103201,5,25,100,30000,1,,,,,,,0.001902761861979996,0.0019228916539854558,13.900973094590315,13.824218042943372,1.0086504161263712,0.9975304077780983,1.4530372459960232,,,,,
reacher,ORIGINAL_R3_UNCHANGED,CLOSED_LOOP_CEM,REFIT_103202,0,0,100,30000,1,0.86,0.05482932670372536,31.65,1.53,3.826114036249928,86.0,,,,,,,,0.0,-8.999999999999996,8.999999999999996,,
reacher,ORIGINAL_R3_UNCHANGED,OPEN_LOOP,REFIT_103202,1,5,100,30000,1,,,,,,,0.0009290838324594556,0.0009389128418992299,13.871883334113322,13.809244200159233,1.004617698111097,0.9954665533522575,0.5305557729942325,,,,,
reacher,ORIGINAL_R3_UNCHANGED,OPEN_LOOP,REFIT_103202,2,10,100,30000,1,,,,,,,0.001281339881170013,0.0012948954951496902,13.893583296872936,13.8232561542898,1.0073840960294012,0.997192682070026,0.9683581156601945,,,,,
reacher,ORIGINAL_R3_UNCHANGED,OPEN_LOOP,REFIT_103202,5,25,100,30000,1,,,,,,,0.00224972467996081,0.0022735250780989333,13.913893720181045,13.824218042943372,1.0105132046649898,0.9975304077780983,1.4543994726067924,,,,,
reacher,ORIGINAL_R3_UNCHANGED,CLOSED_LOOP_CEM,REFIT_103203,0,0,100,30000,1,0.82,0.06053896646838433,32.58,1.54,3.843522668215446,82.0,,,,,,,,-4.0000000000000036,-14.000000000000002,5.999999999999995,,
reacher,ORIGINAL_R3_UNCHANGED,OPEN_LOOP,REFIT_103203,1,5,100,30000,1,,,,,,,0.000938553058193249,0.0009484822449322863,13.867873666718992,13.809244200159233,1.0040195901050273,0.9954665533522575,0.5305971514877276,,,,,
reacher,ORIGINAL_R3_UNCHANGED,OPEN_LOOP,REFIT_103203,2,10,100,30000,1,,,,,,,0.0011367979222584412,0.0011488243908273923,13.885313036061042,13.8232561542898,1.0061706650417563,0.997192682070026,0.9678213836976104,,,,,
reacher,ORIGINAL_R3_UNCHANGED,OPEN_LOOP,REFIT_103203,5,25,100,30000,1,,,,,,,0.0019322882973419212,0.001952730456866603,13.914102110735607,13.824218042943372,1.010554258323246,0.9975304077780983,1.453133681085434,,,,,
reacher,ORIGINAL_R3_UNCHANGED,CLOSED_LOOP_CEM,FIXED_THREE_REFIT_MEAN_NOT_ENSEMBLE,0,0,100,30000,3,0.8433333333333333,0.058288989905875326,32.093333333333334,1.5466666666666666,3.8541833704927315,84.33333333333333,,,,,,,,-1.666666666666668,-8.333333333333337,5.666666666666664,,
reacher,ORIGINAL_R3_UNCHANGED,OPEN_LOOP,FIXED_THREE_REFIT_MEAN_NOT_ENSEMBLE,1,5,100,30000,3,,,,,,,0.0009318267470396686,0.0009416847744564645,13.869314107049526,13.809244200159233,1.0042362265746694,0.9954665533522575,0.5308591712327463,,,,,
reacher,ORIGINAL_R3_UNCHANGED,OPEN_LOOP,FIXED_THREE_REFIT_MEAN_NOT_ENSEMBLE,2,10,100,30000,3,,,,,,,0.001206951097199595,0.0012197197336920812,13.885962793493569,13.8232561542898,1.0062689893559678,0.997192682070026,0.9671258085708988,,,,,
reacher,ORIGINAL_R3_UNCHANGED,OPEN_LOOP,FIXED_THREE_REFIT_MEAN_NOT_ENSEMBLE,5,25,100,30000,3,,,,,,,0.002028258279760909,0.0020497157296503307,13.909656308502322,13.824218042943372,1.009905959704869,0.9975304077780983,1.4535234665627499,,,,,
