module,unit,task,endpoint,point,ci95_low,ci95_high,n_cases,bootstrap,evidence,label,source
M1,U1,,E1_H_REAL3_minus_H_POLICY,0.008333333333333337,0.003333333333333335,0.01416666666666667,100,5000,,PASS_INTERVAL_LOWER_GT_ZERO,R8_MAIN_TABLE.csv
M1,U1,,E3_refit_minus_H0,-0.014444444444444447,-0.02666666666666667,-0.005555555555555557,100,5000,,NEGATIVE,R8_MAIN_TABLE.csv
M1,U2,,E1_H_REAL3_minus_H_POLICY,0.11083333333333333,0.08414583333333334,0.1391666666666667,100,5000,,PASS_INTERVAL_LOWER_GT_ZERO,R8_MAIN_TABLE.csv
M1,U2,,E3_refit_minus_H0,0.01222222222222222,-0.04000000000000001,0.06666666666666667,100,5000,,未检出,R8_MAIN_TABLE.csv
M1,offset25_R6_minus_U1,,E2_budget50_minus_budget100,-0.022500000000000006,-0.03333333333333333,-0.012500000000000004,100,5000,,NEGATIVE,R8_MAIN_TABLE.csv
M1,offset50_U2_minus_R7,,E2_budget50_minus_budget100,-0.025833333333333333,-0.04,-0.01416666666666667,100,5000,,NEGATIVE,R8_MAIN_TABLE.csv
M2,,reacher,fixed_three_refit_mean_minus_H0,0.041111111111111105,-0.005555555555555558,0.09111111111111113,100,5000,R8_FRESH_CASE_REPLICATION,未检出,R8_MAIN_TABLE.csv
M2,,pusht,fixed_three_refit_mean_minus_H0,0.028888888888888888,-0.007777777777777775,0.06666666666666667,100,5000,R8_FRESH_CASE_REPLICATION,未检出,R8_MAIN_TABLE.csv
M2,,cube,fixed_three_refit_mean_minus_H0,0.010000000000000004,-0.03333333333333333,0.05333333333333334,100,5000,R8_FRESH_CASE_REPLICATION,未检出,R8_MAIN_TABLE.csv
M2,,tworoom,fixed_three_refit_mean_minus_H0,-0.011111111111111113,-0.062222222222222213,0.037777777777777785,100,5000,R8_FRESH_CASE_REPLICATION,未检出,R8_MAIN_TABLE.csv
M3,,,H_REAL3_minus_REPEAT3,0.1433333333333333,0.11166666666666668,0.17666666666666664,100,5000,R8_HISTORY_MECHANISM,PASS_INTERVAL_LOWER_GT_ZERO,R8_MAIN_TABLE.csv
M3,,,H_REAL3_minus_PRED_PAST,0.0,0.0,0.0,100,5000,R8_HISTORY_MECHANISM,未检出,R8_MAIN_TABLE.csv
M4,R3_ORIGINAL,pusht,SIM_LAT_RERANK - H0_MENU_RERANK,0.11,0.05,0.18,100,5000,M4_PUSH_ORACLE,提高,m4/reports/M4_MAIN_TABLE.csv
M4,R4_ALT_CEM_1,pusht,SIM_LAT_RERANK - H0_MENU_RERANK,0.07,0.03,0.12,100,5000,M4_PUSH_ORACLE,提高,m4/reports/M4_MAIN_TABLE.csv
M4,R4_ALT_CEM_2,pusht,SIM_LAT_RERANK - H0_MENU_RERANK,0.07,0.02,0.12,100,5000,M4_PUSH_ORACLE,提高,m4/reports/M4_MAIN_TABLE.csv
M4,POOLED_CASE_MEAN_3_STREAMS,pusht,SIM_LAT_RERANK - H0_MENU_RERANK,0.08333333333333331,0.04333333333333333,0.13,100,5000,M4_PUSH_ORACLE,提高,m4/reports/M4_MAIN_TABLE.csv
M5,FULL_HISTORY,reacher,FULL_HISTORY - H_POLICY,0.12921348314606743,0.09176029962546815,0.16760299625468167,89,5000,PROTOCOL_EXTENSION,描述性,m5/M5_MAIN_TABLE.json
M5,FULL_HISTORY,reacher,FULL_HISTORY - H_REAL3_REPLAN,-0.00468164794007491,-0.023408239700374537,0.013108614232209732,89,5000,PROTOCOL_EXTENSION,描述性,m5/M5_MAIN_TABLE.json
M6,R3_ORIGINAL,pusht,mean_REFIT_minus_H0_at_CEM900,0.04,-0.02,0.11,100,5000,DESCRIPTIVE_CEM_SEARCH_BUDGET_SENSITIVITY,未检出,m6/tables/M6_MAIN_TABLE.csv
M6,R3_ORIGINAL,reacher,mean_REFIT_minus_H0_at_CEM900,-0.020000000000000007,-0.07333333333333333,0.03666666666666666,100,5000,DESCRIPTIVE_CEM_SEARCH_BUDGET_SENSITIVITY,未检出,m6/tables/M6_MAIN_TABLE.csv
