dataset,contrast,n_cases,point_estimate,ci95_low,ci95_high,bootstrap,bootstrap_seed_rule,bootstrap_seed_uint64
M1_U2,H_REAL3_REPLAN_minus_H_POLICY_pooled,100,0.11083333333333333,0.08416666666666668,0.14,5000,R8_CASE_BOOTSTRAP_20261004/M1_U2/H_REAL3_REPLAN_minus_H_POLICY_pooled,17809501965250932245
M1_U2,H0:H_REAL3_REPLAN_minus_H_POLICY,100,0.11333333333333334,0.06666666666666667,0.16333333333333336,5000,R8_CASE_BOOTSTRAP_20261004/M1_U2/H0:H_REAL3_REPLAN_minus_H_POLICY,5284110038872927123
M1_U2,REFIT_103201:H_REAL3_REPLAN_minus_H_POLICY,100,0.12666666666666668,0.08666666666666668,0.1733333333333333,5000,R8_CASE_BOOTSTRAP_20261004/M1_U2/REFIT_103201:H_REAL3_REPLAN_minus_H_POLICY,6680834573255846700
M1_U2,REFIT_103202:H_REAL3_REPLAN_minus_H_POLICY,100,0.11666666666666671,0.07666666666666666,0.16000000000000003,5000,R8_CASE_BOOTSTRAP_20261004/M1_U2/REFIT_103202:H_REAL3_REPLAN_minus_H_POLICY,2027563035663331941
M1_U2,REFIT_103203:H_REAL3_REPLAN_minus_H_POLICY,100,0.08666666666666668,0.05333333333333334,0.12000000000000002,5000,R8_CASE_BOOTSTRAP_20261004/M1_U2/REFIT_103203:H_REAL3_REPLAN_minus_H_POLICY,13143969783880305253
M1_U2,R3_ORIGINAL:H_REAL3_REPLAN_minus_H_POLICY,100,0.1425,0.0925,0.1925,5000,R8_CASE_BOOTSTRAP_20261004/M1_U2/R3_ORIGINAL:H_REAL3_REPLAN_minus_H_POLICY,4240782445303694631
M1_U2,R4_ALT_CEM_1:H_REAL3_REPLAN_minus_H_POLICY,100,0.0975,0.0575,0.14,5000,R8_CASE_BOOTSTRAP_20261004/M1_U2/R4_ALT_CEM_1:H_REAL3_REPLAN_minus_H_POLICY,15256637362018748368
M1_U2,R4_ALT_CEM_2:H_REAL3_REPLAN_minus_H_POLICY,100,0.0925,0.055,0.135,5000,R8_CASE_BOOTSTRAP_20261004/M1_U2/R4_ALT_CEM_2:H_REAL3_REPLAN_minus_H_POLICY,17887690188320735724
M1_U2,REFIT_3mean_minus_H0:H_POLICY,100,0.01222222222222222,-0.03891666666666667,0.06333333333333332,5000,R8_CASE_BOOTSTRAP_20261004/M1_U2/REFIT_3mean_minus_H0:H_POLICY,8500124786686858385
M1_U2,REFIT_3mean_minus_H0:H_REAL3_REPLAN,100,0.008888888888888885,-0.03222222222222222,0.04555555555555555,5000,R8_CASE_BOOTSTRAP_20261004/M1_U2/REFIT_3mean_minus_H0:H_REAL3_REPLAN,7962950485781461668
M1_U2,H_POLICY_success_pooled,100,0.8391666666666666,0.8033333333333335,0.8716874999999998,5000,R8_CASE_BOOTSTRAP_20261004/M1_U2/H_POLICY_success_pooled,16968966434893014439
M1_U2,entered_replanning:H_REAL3_REPLAN,100,0.5358333333333334,0.4675,0.6041874999999997,5000,R8_CASE_BOOTSTRAP_20261004/M1_U2/entered_replanning:H_REAL3_REPLAN,15865829703110097479
