task,arm,history,rows,success_rate,entered_replanning_rate,replanning_episode_success_rate,replan_calls_distribution
reacher,H0,H_POLICY,300,0.9766666666666667,0.5566666666666666,0.9580838323353293,"{""1"": 133, ""2"": 116, ""3"": 37, ""4"": 14}"
reacher,H0,H_REAL3_REPLAN,300,0.9833333333333333,0.5566666666666666,0.9700598802395209,"{""1"": 133, ""2"": 150, ""3"": 11, ""4"": 6}"
reacher,REFIT_103201,H_POLICY,300,0.9633333333333334,0.5366666666666666,0.9316770186335404,"{""1"": 139, ""2"": 112, ""3"": 28, ""4"": 21}"
reacher,REFIT_103201,H_REAL3_REPLAN,300,0.97,0.5366666666666666,0.9440993788819876,"{""1"": 139, ""2"": 150, ""3"": 2, ""4"": 9}"
reacher,REFIT_103202,H_POLICY,300,0.96,0.54,0.9259259259259259,"{""1"": 138, ""2"": 108, ""3"": 35, ""4"": 19}"
reacher,REFIT_103202,H_REAL3_REPLAN,300,0.9733333333333334,0.54,0.9506172839506173,"{""1"": 138, ""2"": 143, ""3"": 11, ""4"": 8}"
reacher,REFIT_103203,H_POLICY,300,0.96,0.51,0.9215686274509803,"{""1"": 147, ""2"": 114, ""3"": 22, ""4"": 17}"
reacher,REFIT_103203,H_REAL3_REPLAN,300,0.9766666666666667,0.51,0.954248366013072,"{""1"": 147, ""2"": 140, ""3"": 6, ""4"": 7}"
pusht,H0,H_POLICY,300,0.43,0.6933333333333334,0.1778846153846154,"{""1"": 92, ""2"": 29, ""3"": 6, ""4"": 173}"
pusht,H0,H_REAL3_REPLAN,300,0.43333333333333335,0.6933333333333334,0.18269230769230768,"{""1"": 92, ""2"": 27, ""3"": 9, ""4"": 172}"
pusht,REFIT_103201,H_POLICY,300,0.43333333333333335,0.6866666666666666,0.17475728155339806,"{""1"": 94, ""2"": 26, ""3"": 10, ""4"": 170}"
pusht,REFIT_103201,H_REAL3_REPLAN,300,0.44666666666666666,0.6866666666666666,0.1941747572815534,"{""1"": 94, ""2"": 25, ""3"": 11, ""4"": 170}"
pusht,REFIT_103202,H_POLICY,300,0.43,0.6966666666666667,0.18181818181818182,"{""1"": 91, ""2"": 22, ""3"": 9, ""4"": 178}"
pusht,REFIT_103202,H_REAL3_REPLAN,300,0.41,0.6966666666666667,0.15311004784688995,"{""1"": 91, ""2"": 23, ""3"": 7, ""4"": 179}"
pusht,REFIT_103203,H_POLICY,300,0.44,0.6966666666666667,0.19617224880382775,"{""1"": 91, ""2"": 35, ""3"": 5, ""4"": 169}"
pusht,REFIT_103203,H_REAL3_REPLAN,300,0.43666666666666665,0.6966666666666667,0.19138755980861244,"{""1"": 91, ""2"": 34, ""3"": 6, ""4"": 169}"
