scope,stream,task,metric,arm,estimate,cases,universe_cases,conditional95_low,conditional95_high,paired_cases,reference_arm,difference_vs_reference,difference95_low,difference95_high,family_difference95_low,family_difference95_high,multiplicity,independent_unit
LEARNING_POLICIES_ALL100,R3_ORIGINAL,reacher,success_fraction,H0,0.86,100,100,0.79,0.92,100,H0,0.0,0.0,0.0,,,UNADJUSTED_POINTWISE,CASE
LEARNING_POLICIES_ALL100,R3_ORIGINAL,reacher,success_fraction,REFIT_103201,0.85,100,100,0.78,0.92,100,H0,-0.01,-0.09,0.07,,,UNADJUSTED_POINTWISE,CASE
LEARNING_POLICIES_ALL100,R3_ORIGINAL,reacher,success_fraction,REFIT_103202,0.86,100,100,0.79,0.92,100,H0,0.0,-0.09,0.09,,,UNADJUSTED_POINTWISE,CASE
LEARNING_POLICIES_ALL100,R3_ORIGINAL,reacher,success_fraction,REFIT_103203,0.82,100,100,0.74,0.89,100,H0,-0.04,-0.13,0.06,,,UNADJUSTED_POINTWISE,CASE
LEARNING_POLICIES_ALL100,R3_ORIGINAL,reacher,success_fraction,FIXED3_REFIT_MEAN_NOT_ENSEMBLE,0.8433333333333333,100,100,0.7933333333333333,0.8900000000000001,100,H0,-0.016666666666666684,-0.08341666666666668,0.05666666666666665,,,UNADJUSTED_POINTWISE,CASE
LEARNING_POLICIES_ALL100,R4_ALT_CEM_1,reacher,success_fraction,H0,0.68,100,100,0.59,0.77,100,H0,0.0,0.0,0.0,,,UNADJUSTED_POINTWISE,CASE
LEARNING_POLICIES_ALL100,R4_ALT_CEM_1,reacher,success_fraction,REFIT_103201,0.9,100,100,0.84,0.95,100,H0,0.22,0.13,0.32,,,UNADJUSTED_POINTWISE,CASE
LEARNING_POLICIES_ALL100,R4_ALT_CEM_1,reacher,success_fraction,REFIT_103202,0.76,100,100,0.67,0.84,100,H0,0.08,-0.02,0.18,,,UNADJUSTED_POINTWISE,CASE
LEARNING_POLICIES_ALL100,R4_ALT_CEM_1,reacher,success_fraction,REFIT_103203,0.83,100,100,0.76,0.9,100,H0,0.15,0.05,0.26,,,UNADJUSTED_POINTWISE,CASE
LEARNING_POLICIES_ALL100,R4_ALT_CEM_1,reacher,success_fraction,FIXED3_REFIT_MEAN_NOT_ENSEMBLE,0.83,100,100,0.7766666666666667,0.8766666666666667,100,H0,0.14999999999999997,0.06666666666666664,0.23999999999999996,,,UNADJUSTED_POINTWISE,CASE
LEARNING_POLICIES_ALL100,R4_ALT_CEM_2,reacher,success_fraction,H0,0.84,100,100,0.77,0.91,100,H0,0.0,0.0,0.0,,,UNADJUSTED_POINTWISE,CASE
LEARNING_POLICIES_ALL100,R4_ALT_CEM_2,reacher,success_fraction,REFIT_103201,0.8,100,100,0.72,0.88,100,H0,-0.04,-0.13,0.05,,,UNADJUSTED_POINTWISE,CASE
LEARNING_POLICIES_ALL100,R4_ALT_CEM_2,reacher,success_fraction,REFIT_103202,0.8,100,100,0.72,0.88,100,H0,-0.04,-0.14,0.06,,,UNADJUSTED_POINTWISE,CASE
LEARNING_POLICIES_ALL100,R4_ALT_CEM_2,reacher,success_fraction,REFIT_103203,0.85,100,100,0.78,0.92,100,H0,0.01,-0.09,0.11,,,UNADJUSTED_POINTWISE,CASE
LEARNING_POLICIES_ALL100,R4_ALT_CEM_2,reacher,success_fraction,FIXED3_REFIT_MEAN_NOT_ENSEMBLE,0.8166666666666668,100,100,0.7666666666666664,0.8699999999999999,100,H0,-0.023333333333333352,-0.10000000000000002,0.05999999999999997,,,UNADJUSTED_POINTWISE,CASE
