bootstrap,bootstrap_seed_rule,bootstrap_seed_uint64,ci95_high,ci95_low,comparison_cases,endpoint,evidence,indices_sha256,label,module,n_cases,point,task,unit
5000,"SHA256(""R8_CASE_BOOTSTRAP_20261004/M1_U1_E1"")[:8] big-endian",5519158498630179493,0.01416666666666667,0.003333333333333335,,E1_H_REAL3_minus_H_POLICY,,81eeb3d757a8e2b4c824f986705204c024ff3252035293ac7ce58598b4015238,PASS_INTERVAL_LOWER_GT_ZERO,M1,100,0.008333333333333337,,U1
5000,"SHA256(""R8_CASE_BOOTSTRAP_20261004/M1_U1_E3"")[:8] big-endian",15079036083268443462,-0.005555555555555557,-0.02666666666666667,,E3_refit_minus_H0,,a7767f9c7e7770fd9039f43e74c9c623a8d27728b3dbcdc48e0c2f1e4f297cbb,NEGATIVE,M1,100,-0.014444444444444447,,U1
5000,"SHA256(""R8_CASE_BOOTSTRAP_20261004/M1_U2_E1"")[:8] big-endian",14626859962860340897,0.1391666666666667,0.08414583333333334,,E1_H_REAL3_minus_H_POLICY,,8b4b24905e325adb3db7b340f77ca6a4a7908e810ca5685e11c4e1066d2afacd,PASS_INTERVAL_LOWER_GT_ZERO,M1,100,0.11083333333333333,,U2
5000,"SHA256(""R8_CASE_BOOTSTRAP_20261004/M1_U2_E3"")[:8] big-endian",10884192831745138869,0.06666666666666667,-0.04000000000000001,,E3_refit_minus_H0,,da4864390509bfcc93822083a95deadf6df76f4280549d4a405828b099352adc,未检出,M1,100,0.01222222222222222,,U2
5000,"SHA256(""R8_CASE_BOOTSTRAP_20261004/M1_OFFSET25_E2"")[:8] big-endian",12329422961079285741,-0.012500000000000004,-0.03333333333333333,,E2_budget50_minus_budget100,,dd0ffa53c8a94d444ad0e231f2dd4e3c60c58e907cc21150f4e461681a7c60f4,NEGATIVE,M1,100,-0.022500000000000006,,offset25_R6_minus_U1
5000,"SHA256(""R8_CASE_BOOTSTRAP_20261004/M1_OFFSET50_E2"")[:8] big-endian",10880059258607764511,-0.01416666666666667,-0.04,,E2_budget50_minus_budget100,,b105080a26f4bf24aac246a649597736c849bbd317c71183ebbceaeda986f5fc,NEGATIVE,M1,100,-0.025833333333333333,,offset50_U2_minus_R7
5000,"SHA256(""R8_CASE_BOOTSTRAP_20261004/M2_reacher_REFIT_MINUS_H0"")[:8] big-endian",2888616442436704523,0.09111111111111113,-0.005555555555555558,,fixed_three_refit_mean_minus_H0,R8_FRESH_CASE_REPLICATION,5988ebca7993459cab3830f2f73b17601ee74cd362dbb4c9afa27256eb41a28d,未检出,M2,100,0.041111111111111105,reacher,
5000,"SHA256(""R8_CASE_BOOTSTRAP_20261004/M2_pusht_REFIT_MINUS_H0"")[:8] big-endian",11893901652695914813,0.06666666666666667,-0.007777777777777775,,fixed_three_refit_mean_minus_H0,R8_FRESH_CASE_REPLICATION,61e3ca2be593c96a0cdf528550786560da0c03936fc9d14447ddbd5aeda32153,未检出,M2,100,0.028888888888888888,pusht,
5000,,,0.05333333333333334,-0.03333333333333333,,fixed_three_refit_mean_minus_H0,R8_FRESH_CASE_REPLICATION,,未检出,M2,100,0.010000000000000004,cube,
5000,,,0.037777777777777785,-0.062222222222222213,,fixed_three_refit_mean_minus_H0,R8_FRESH_CASE_REPLICATION,,未检出,M2,100,-0.011111111111111113,tworoom,
5000,"SHA256(""R8_CASE_BOOTSTRAP_20261004/M3_H_REAL3_MINUS_REPEAT3"")[:8] big-endian",13446128516631258099,0.17666666666666664,0.11166666666666668,100,H_REAL3_minus_REPEAT3,R8_HISTORY_MECHANISM,6e4c0e4532e4e8166eccecc4d31b4b268bd9df4c6fe1d8d4a55c32a85a4741be,PASS_INTERVAL_LOWER_GT_ZERO,M3,100,0.1433333333333333,,
5000,"SHA256(""R8_CASE_BOOTSTRAP_20261004/M3_H_REAL3_MINUS_PRED_PAST"")[:8] big-endian",13348898508186752825,0.0,0.0,100,H_REAL3_minus_PRED_PAST,R8_HISTORY_MECHANISM,134a0606e3f032e37b3cddbb692ac31aaac97fa9595b0ea1d93a81282e56c8d4,未检出,M3,100,0.0,,
