dataset,arm,stream,history,rows,cases,successes,success_rate,entered_replanning,entered_replanning_rate,mean_replan_calls,mean_executed_raw_steps,case_bootstrap_ci_low,case_bootstrap_ci_high,bootstrap_seed_uint64
M1_U2,H0,R3_ORIGINAL,H_POLICY,100,100,82,0.82,58,0.58,1.58,32.25,0.74,0.89,7584877105702460162
M1_U2,H0,R3_ORIGINAL,H_REAL3_REPLAN,100,100,93,0.93,58,0.58,1.58,32.71,0.88,0.98,1915025828832994747
M1_U2,H0,R4_ALT_CEM_1,H_POLICY,100,100,84,0.84,53,0.53,1.53,31.0,0.77,0.91,15975519777579052525
M1_U2,H0,R4_ALT_CEM_1,H_REAL3_REPLAN,100,100,95,0.95,53,0.53,1.53,31.68,0.9,0.99,11544222732199697196
M1_U2,H0,R4_ALT_CEM_2,H_POLICY,100,100,83,0.83,56,0.56,1.56,32.07,0.76,0.9,3496298788054771533
M1_U2,H0,R4_ALT_CEM_2,H_REAL3_REPLAN,100,100,95,0.95,56,0.56,1.56,30.79,0.9,0.99,6123332078134763094
M1_U2,REFIT_103201,R3_ORIGINAL,H_POLICY,100,100,83,0.83,54,0.54,1.54,32.03,0.75,0.9,13858600363148051956
M1_U2,REFIT_103201,R3_ORIGINAL,H_REAL3_REPLAN,100,100,98,0.98,54,0.54,1.54,32.3,0.95,1.0,10116608403334432758
M1_U2,REFIT_103201,R4_ALT_CEM_1,H_POLICY,100,100,85,0.85,52,0.52,1.52,31.45,0.78,0.92,2438607216646267455
M1_U2,REFIT_103201,R4_ALT_CEM_1,H_REAL3_REPLAN,100,100,96,0.96,52,0.52,1.52,32.08,0.92,0.99,1420160193158353933
M1_U2,REFIT_103201,R4_ALT_CEM_2,H_POLICY,100,100,83,0.83,55,0.55,1.55,32.16,0.7597500000000001,0.9,1452093666750859020
M1_U2,REFIT_103201,R4_ALT_CEM_2,H_REAL3_REPLAN,100,100,95,0.95,55,0.55,1.55,31.59,0.9,0.99,8135569211383010386
M1_U2,REFIT_103202,R3_ORIGINAL,H_POLICY,100,100,77,0.77,58,0.58,1.58,33.32,0.68,0.85,1084826680125401668
M1_U2,REFIT_103202,R3_ORIGINAL,H_REAL3_REPLAN,100,100,94,0.94,58,0.58,1.58,33.4,0.89,0.98,9390361880193035093
M1_U2,REFIT_103202,R4_ALT_CEM_1,H_POLICY,100,100,80,0.8,51,0.51,1.51,32.07,0.72,0.87,4697809797101730330
M1_U2,REFIT_103202,R4_ALT_CEM_1,H_REAL3_REPLAN,100,100,94,0.94,51,0.51,1.51,31.3,0.89,0.98,7655199484336501484
M1_U2,REFIT_103202,R4_ALT_CEM_2,H_POLICY,100,100,89,0.89,53,0.53,1.53,31.01,0.83,0.95,4910591245301783116
M1_U2,REFIT_103202,R4_ALT_CEM_2,H_REAL3_REPLAN,100,100,93,0.93,53,0.53,1.53,31.39,0.87,0.97,8873454073622835768
M1_U2,REFIT_103203,R3_ORIGINAL,H_POLICY,100,100,81,0.81,55,0.55,1.55,32.19,0.73,0.88,1952480816434463252
M1_U2,REFIT_103203,R3_ORIGINAL,H_REAL3_REPLAN,100,100,95,0.95,55,0.55,1.55,32.03,0.9097500000000002,0.99,17347882557435511298
M1_U2,REFIT_103203,R4_ALT_CEM_1,H_POLICY,100,100,93,0.93,46,0.46,1.46,29.74,0.88,0.98,5889434374463483245
M1_U2,REFIT_103203,R4_ALT_CEM_1,H_REAL3_REPLAN,100,100,96,0.96,46,0.46,1.46,30.18,0.92,0.99,7763633684044864652
M1_U2,REFIT_103203,R4_ALT_CEM_2,H_POLICY,100,100,87,0.87,52,0.52,1.52,31.72,0.8,0.93,177788109276251499
M1_U2,REFIT_103203,R4_ALT_CEM_2,H_REAL3_REPLAN,100,100,96,0.96,52,0.52,1.52,31.8,0.92,0.99,5511306995135119033
