unit,case_id,budget50_history_effect,budget100_history_effect,corrected_E2,descriptive_real3_success_rate_diff
offset25_R6_minus_U1,R6_reacher_004a2bdf27d8bfceafa73467,0.5,0.0,0.5,0.0
offset25_R6_minus_U1,R6_reacher_005a9d4fafe8239392288119,0.4166666666666667,0.0,0.4166666666666667,0.0
offset25_R6_minus_U1,R6_reacher_01140d82262ee0be1b888afa,0.4166666666666667,0.08333333333333333,0.33333333333333337,-0.08333333333333337
offset25_R6_minus_U1,R6_reacher_011ea9fb18f79bb320718d2e,0.08333333333333333,0.0,0.08333333333333333,0.0
offset25_R6_minus_U1,R6_reacher_012dddba11ae750296fdc988,0.08333333333333333,0.0,0.08333333333333333,0.0
offset25_R6_minus_U1,R6_reacher_01376a746a41e9e26d1e8b2e,0.16666666666666666,0.0,0.16666666666666666,0.0
offset25_R6_minus_U1,R6_reacher_0184346c125528018922c654,0.25,0.0,0.25,0.0
offset25_R6_minus_U1,R6_reacher_0192eda575e790d45853b4a8,0.08333333333333333,0.0,0.08333333333333333,0.0
offset25_R6_minus_U1,R6_reacher_01a317a7971dd8b32b9e544f,0.3333333333333333,0.0,0.3333333333333333,0.0
offset25_R6_minus_U1,R6_reacher_01a369b2316f5e495d770946,0.08333333333333333,0.0,0.08333333333333333,0.0
offset25_R6_minus_U1,R6_reacher_01a7354c1ecb23a787077139,0.0,0.0,0.0,0.0
offset25_R6_minus_U1,R6_reacher_01f4491b43897667d92d30bf,0.0,0.0,0.0,-0.25
offset25_R6_minus_U1,R6_reacher_01f5771f4bd3fe2f344b4afe,0.0,0.0,0.0,0.0
offset25_R6_minus_U1,R6_reacher_02363949abe1b34ce169a168,0.5,0.0,0.5,-0.16666666666666663
offset25_R6_minus_U1,R6_reacher_0236acda3799285bc7c01150,0.0,0.0,0.0,-0.08333333333333337
offset25_R6_minus_U1,R6_reacher_0240bbadbe9657118f04a00f,0.0,0.0,0.0,0.0
offset25_R6_minus_U1,R6_reacher_026d9ade4b09a32c4196f539,0.08333333333333333,0.0,0.08333333333333333,0.0
offset25_R6_minus_U1,R6_reacher_027fb56ab9bbb246ba323f0b,0.0,0.0,0.0,0.0
offset25_R6_minus_U1,R6_reacher_02b5a054bf782ce2a8682ef0,0.08333333333333333,0.0,0.08333333333333333,-0.08333333333333337
offset25_R6_minus_U1,R6_reacher_02bf9b5015a6d24cafbda1dd,0.08333333333333333,0.0,0.08333333333333333,0.0
offset25_R6_minus_U1,R6_reacher_02d110e309cbccb2d8a94c8b,0.0,0.0,0.0,0.0
offset25_R6_minus_U1,R6_reacher_02dc0f9a7b772ddf917ae2e2,0.3333333333333333,0.0,0.3333333333333333,0.0
offset25_R6_minus_U1,R6_reacher_0323e2a42cd2b4632da3af22,0.0,0.0,0.0,0.0
offset25_R6_minus_U1,R6_reacher_03354b4110fc726a53339d43,0.0,0.0,0.0,0.0
offset25_R6_minus_U1,R6_reacher_03576c27fc916ca37b9d6b1d,0.08333333333333333,0.0,0.08333333333333333,0.0
offset25_R6_minus_U1,R6_reacher_035bff63e5e604a5c077f9b3,0.0,0.0,0.0,0.0
offset25_R6_minus_U1,R6_reacher_0378e2d686e7ef985b91bf38,0.0,0.0,0.0,0.0
offset25_R6_minus_U1,R6_reacher_037aa4ee62015773e3d025c8,0.08333333333333333,0.0,0.08333333333333333,0.0
offset25_R6_minus_U1,R6_reacher_03c5dc1bff3c46c7e7066e86,0.25,0.0,0.25,-0.16666666666666663
offset25_R6_minus_U1,R6_reacher_03f079f0a6fc89393c99bd18,0.08333333333333333,0.0,0.08333333333333333,0.0
offset25_R6_minus_U1,R6_reacher_04010050b2406790c8247103,0.3333333333333333,0.0,0.3333333333333333,0.0
offset25_R6_minus_U1,R6_reacher_040a17920fc86c8a79997322,0.0,0.0,0.0,0.0
offset25_R6_minus_U1,R6_reacher_040d72a154c2687da092ebc8,0.25,0.0,0.25,-0.08333333333333337
offset25_R6_minus_U1,R6_reacher_0415eab85414f31fa3d57a99,0.0,0.0,0.0,0.0
offset25_R6_minus_U1,R6_reacher_042b78b7f94ed6c85b84ad7b,0.0,0.0,0.0,0.0
offset25_R6_minus_U1,R6_reacher_04323b4ed17bb5ed62619b74,0.08333333333333333,0.0,0.08333333333333333,0.0
offset25_R6_minus_U1,R6_reacher_0452de7446bee2d31c1997b9,0.08333333333333333,0.08333333333333333,0.0,0.0
offset25_R6_minus_U1,R6_reacher_04683ac84fb7627e60eba9af,0.0,0.0,0.0,0.0
offset25_R6_minus_U1,R6_reacher_04689ec072dab02039d86a47,0.5833333333333334,0.08333333333333333,0.5,0.0
offset25_R6_minus_U1,R6_reacher_046be47cf7ed9869cb27531c,0.3333333333333333,0.0,0.3333333333333333,0.0
offset25_R6_minus_U1,R6_reacher_048302dc4ec9c121421618eb,0.16666666666666666,0.0,0.16666666666666666,-0.08333333333333337
offset25_R6_minus_U1,R6_reacher_048aa37b1e1d985113bcef99,0.25,0.08333333333333333,0.16666666666666669,0.0
offset25_R6_minus_U1,R6_reacher_04bca313072e5fd5c88146b6,0.16666666666666666,0.0,0.16666666666666666,0.0
offset25_R6_minus_U1,R6_reacher_04d10f6b3e3067ae5a06d677,0.0,0.0,0.0,0.0
offset25_R6_minus_U1,R6_reacher_05227f26cb88c6f6d6a24c57,0.0,0.0,0.0,0.0
offset25_R6_minus_U1,R6_reacher_05609e0e97d87b35452f8ae7,0.0,0.0,0.0,0.0
offset25_R6_minus_U1,R6_reacher_05673647385df937e0c2da8e,0.16666666666666666,0.0,0.16666666666666666,0.0
offset25_R6_minus_U1,R6_reacher_0572fff5c1f8d2522d9fef3e,0.0,0.0,0.0,0.0
offset25_R6_minus_U1,R6_reacher_058fbdf2d7805234d86b62e9,0.08333333333333333,0.0,0.08333333333333333,0.0
offset25_R6_minus_U1,R6_reacher_05b7debf402e51340c75b891,0.25,0.0,0.25,0.0
offset25_R6_minus_U1,R6_reacher_05d9adfbb7fea330209f9d6e,0.25,0.0,0.25,0.0
offset25_R6_minus_U1,R6_reacher_0604aded9586b94217e9ae71,0.16666666666666666,0.0,0.16666666666666666,0.0
offset25_R6_minus_U1,R6_reacher_06104c870ec34e14878b4947,0.5,0.0,0.5,0.0
offset25_R6_minus_U1,R6_reacher_0642735d2daa02558c1d8737,0.0,0.0,0.0,-0.08333333333333337
offset25_R6_minus_U1,R6_reacher_0685d60e12fdbdbe63e5d232,0.25,0.0,0.25,-0.16666666666666663
offset25_R6_minus_U1,R6_reacher_069945d6d002522c9d5ef1d9,0.0,0.0,0.0,0.0
offset25_R6_minus_U1,R6_reacher_06cc3d0169c47775bf5c3654,0.0,0.0,0.0,-0.08333333333333337
offset25_R6_minus_U1,R6_reacher_06f31f0ed66595d668f795d6,0.0,0.0,0.0,0.0
offset25_R6_minus_U1,R6_reacher_070de37ab215162432f871dc,0.5,0.0,0.5,0.0
offset25_R6_minus_U1,R6_reacher_0744272edb1918e64a7d6dd8,0.16666666666666666,0.0,0.16666666666666666,0.0
offset25_R6_minus_U1,R6_reacher_0744863efce22b67c52bbf37,0.3333333333333333,0.0,0.3333333333333333,0.0
offset25_R6_minus_U1,R6_reacher_0754fb7426df7476a90bdba4,0.0,0.0,0.0,0.0
offset25_R6_minus_U1,R6_reacher_07a0ab05518d2f71e8a802de,0.16666666666666666,0.0,0.16666666666666666,0.0
offset25_R6_minus_U1,R6_reacher_07a6dc2136798f840125ba56,0.0,0.0,0.0,0.0
offset25_R6_minus_U1,R6_reacher_07bc032092b89db7cfeb780b,0.0,0.0,0.0,0.0
offset25_R6_minus_U1,R6_reacher_07d217105efcc8943612bd1b,0.0,0.0,0.0,0.0
offset25_R6_minus_U1,R6_reacher_07d8ede95622d173c866dc15,0.3333333333333333,0.0,0.3333333333333333,0.0
offset25_R6_minus_U1,R6_reacher_07f453cb26b9a6852312cfaf,0.0,0.0,0.0,0.0
offset25_R6_minus_U1,R6_reacher_080c40555038f25160de654a,0.08333333333333333,0.0,0.08333333333333333,0.0
offset25_R6_minus_U1,R6_reacher_0836c96bfa0e02e08d4dc536,0.0,0.0,0.0,0.0
offset25_R6_minus_U1,R6_reacher_0859eef19809752e9afbb84a,0.25,0.0,0.25,0.0
offset25_R6_minus_U1,R6_reacher_0877b94c4c4ad9e7428aeeea,0.16666666666666666,0.0,0.16666666666666666,0.0
offset25_R6_minus_U1,R6_reacher_088a094c8c8929ddd3a33d6b,0.0,0.0,0.0,0.0
offset25_R6_minus_U1,R6_reacher_08adec0f89aa2befc53c51f6,0.0,0.0,0.0,0.0
offset25_R6_minus_U1,R6_reacher_08e2de8457d9e13b5d9c4a01,0.16666666666666666,0.08333333333333333,0.08333333333333333,-0.08333333333333337
offset25_R6_minus_U1,R6_reacher_08e532e2e16e5aa68e92e603,0.0,0.0,0.0,0.0
offset25_R6_minus_U1,R6_reacher_08e583a8582de1c1b62e2f97,0.0,0.0,0.0,0.0
offset25_R6_minus_U1,R6_reacher_08ea3c55a7fb98416d5450bc,0.3333333333333333,0.0,0.3333333333333333,-0.08333333333333337
offset25_R6_minus_U1,R6_reacher_08edd6141fcf2cc487e96efd,-0.08333333333333333,0.0,-0.08333333333333333,-0.25
offset25_R6_minus_U1,R6_reacher_090e387544f3b641157cea56,0.3333333333333333,0.0,0.3333333333333333,-0.08333333333333337
offset25_R6_minus_U1,R6_reacher_09129778869b8933020399b8,0.08333333333333333,0.0,0.08333333333333333,0.0
offset25_R6_minus_U1,R6_reacher_0913f64b7826936e467d91e6,0.5,0.0,0.5,0.0
offset25_R6_minus_U1,R6_reacher_092eb479cf3e133d57041497,0.16666666666666666,0.08333333333333333,0.08333333333333333,0.0
offset25_R6_minus_U1,R6_reacher_0958072154ac56b71d457e80,0.0,0.0,0.0,0.0
offset25_R6_minus_U1,R6_reacher_0965dc9d288d1769d4d29d4a,0.16666666666666666,0.0,0.16666666666666666,0.0
offset25_R6_minus_U1,R6_reacher_096c43e05c7b22dbd8c24748,0.0,0.0,0.0,0.0
offset25_R6_minus_U1,R6_reacher_09a47a8bb70067f36643bc00,0.0,0.0,0.0,0.0
offset25_R6_minus_U1,R6_reacher_09b6d2b9f5e37ac12c42b2de,0.0,0.0,0.0,0.0
offset25_R6_minus_U1,R6_reacher_09cac336578dc22db2b55aa2,0.4166666666666667,0.16666666666666666,0.25,0.0
offset25_R6_minus_U1,R6_reacher_09cf773ec6c44d3a53bda2cc,0.3333333333333333,0.0,0.3333333333333333,0.0
offset25_R6_minus_U1,R6_reacher_0a1c76cdd10dec44fa26825d,0.0,0.0,0.0,-0.16666666666666663
offset25_R6_minus_U1,R6_reacher_0a3276eb5547ed96f16b50c5,0.0,0.0,0.0,0.0
offset25_R6_minus_U1,R6_reacher_0a34e5a0c99702c6891be14b,0.16666666666666666,0.08333333333333333,0.08333333333333333,0.0
offset25_R6_minus_U1,R6_reacher_0a592ca5f4b1f51d4a757a50,0.08333333333333333,0.0,0.08333333333333333,0.0
offset25_R6_minus_U1,R6_reacher_0a67eaaa889aba7173dd8b5e,0.08333333333333333,0.0,0.08333333333333333,0.0
offset25_R6_minus_U1,R6_reacher_0a74deb4b05592118d0fafd9,0.3333333333333333,0.0,0.3333333333333333,0.0
offset25_R6_minus_U1,R6_reacher_0a8ebf9f92e62de330d9759e,0.5,0.08333333333333333,0.4166666666666667,-0.16666666666666663
offset25_R6_minus_U1,R6_reacher_0ab0d3473481dc3b32839a68,0.16666666666666666,0.0,0.16666666666666666,0.0
offset25_R6_minus_U1,R6_reacher_0ab3257343137f1e2ae074cc,0.08333333333333333,0.0,0.08333333333333333,0.0
offset25_R6_minus_U1,R6_reacher_0abbe32b49558f890c57967a,-0.08333333333333333,0.0,-0.08333333333333333,-0.08333333333333337
offset50_U2_minus_R7,R7_reacher_008f95b1d93de778a42bc06d,-0.16666666666666666,0.0,-0.16666666666666666,-0.16666666666666663
offset50_U2_minus_R7,R7_reacher_00978606ef467b72992b6d55,0.0,0.0,0.0,-0.08333333333333337
offset50_U2_minus_R7,R7_reacher_00f305b4af31fc3e03fe530d,0.08333333333333333,0.0,0.08333333333333333,0.0
offset50_U2_minus_R7,R7_reacher_013cbf60956462066fdfc1af,0.0,0.0,0.0,0.0
offset50_U2_minus_R7,R7_reacher_014e68add07a685a9ce0ab2e,0.08333333333333333,0.0,0.08333333333333333,0.0
offset50_U2_minus_R7,R7_reacher_01c790ba2fdea50edb4b2a74,0.16666666666666666,0.0,0.16666666666666666,0.0
offset50_U2_minus_R7,R7_reacher_01cc5ff8b1d16bc9b6b96cf2,0.0,0.0,0.0,0.0
offset50_U2_minus_R7,R7_reacher_01d25c55458ab04e22aa2bf6,0.0,0.0,0.0,0.0
offset50_U2_minus_R7,R7_reacher_01ec1493e75ef3c5c63b6669,0.0,0.0,0.0,0.0
offset50_U2_minus_R7,R7_reacher_020a0a776f6f5e79819a3c41,0.08333333333333333,0.0,0.08333333333333333,0.0
offset50_U2_minus_R7,R7_reacher_021f9cd8e41133fd462e3638,0.25,0.16666666666666666,0.08333333333333334,0.0
offset50_U2_minus_R7,R7_reacher_021ff8567d6024f5963f0795,0.0,0.0,0.0,0.0
offset50_U2_minus_R7,R7_reacher_023527d5586a631ddd2cbb0e,0.0,0.0,0.0,0.0
offset50_U2_minus_R7,R7_reacher_023a7fd828db2fa2206ae22b,0.0,0.0,0.0,0.0
offset50_U2_minus_R7,R7_reacher_024715fb0f5dd4f7563d0093,0.3333333333333333,0.08333333333333333,0.25,0.0
offset50_U2_minus_R7,R7_reacher_0251414687209abdec0af3ac,0.08333333333333333,0.0,0.08333333333333333,-0.25
offset50_U2_minus_R7,R7_reacher_025955892be565d2fcb8a634,0.0,0.0,0.0,0.0
offset50_U2_minus_R7,R7_reacher_02c60c13cfde97ec24dd9ef2,0.08333333333333333,0.0,0.08333333333333333,0.0
offset50_U2_minus_R7,R7_reacher_02c7239ee67434d110ec03a2,0.16666666666666666,0.0,0.16666666666666666,0.0
offset50_U2_minus_R7,R7_reacher_02e9be49d4a6a295101ee83c,0.0,0.0,0.0,-0.33333333333333337
offset50_U2_minus_R7,R7_reacher_031195204e84c4c07afa09d5,0.16666666666666666,0.0,0.16666666666666666,0.0
offset50_U2_minus_R7,R7_reacher_03255417e1d4513d1108fd3a,0.3333333333333333,0.08333333333333333,0.25,0.0
offset50_U2_minus_R7,R7_reacher_033e36ba48b99505a70a2733,0.5,0.08333333333333333,0.4166666666666667,-0.08333333333333337
offset50_U2_minus_R7,R7_reacher_036589b3e0d4de80d1515bc8,0.0,0.0,0.0,-0.08333333333333337
offset50_U2_minus_R7,R7_reacher_037522941d964ab6ed37de34,0.08333333333333333,0.08333333333333333,0.0,0.0
offset50_U2_minus_R7,R7_reacher_0390b2a392a7b00a1f4afea6,0.0,0.0,0.0,0.0
offset50_U2_minus_R7,R7_reacher_03a9ed0809bf62bd07c16d19,0.0,0.0,0.0,0.0
offset50_U2_minus_R7,R7_reacher_03b4bef1b58913d750063fce,0.16666666666666666,0.0,0.16666666666666666,0.0
offset50_U2_minus_R7,R7_reacher_03ecda3a05e76a4f563cf671,0.0,0.0,0.0,0.0
offset50_U2_minus_R7,R7_reacher_040b25f9677d0e1ccdb0e4cc,0.08333333333333333,0.0,0.08333333333333333,0.0
offset50_U2_minus_R7,R7_reacher_0423a64d9591299c54983b67,0.16666666666666666,0.0,0.16666666666666666,0.0
offset50_U2_minus_R7,R7_reacher_0431130e729d007c61187420,0.0,0.0,0.0,0.0
offset50_U2_minus_R7,R7_reacher_043421bcb346e629cb2b6a82,0.3333333333333333,0.08333333333333333,0.25,0.0
offset50_U2_minus_R7,R7_reacher_0438f6bb2a68f4310ad18d5c,0.08333333333333333,0.0,0.08333333333333333,0.0
offset50_U2_minus_R7,R7_reacher_0462c1af8cf9ea9e8ecef06e,0.08333333333333333,0.0,0.08333333333333333,0.0
offset50_U2_minus_R7,R7_reacher_04681629d10145a11ceeee7c,0.0,0.0,0.0,0.0
offset50_U2_minus_R7,R7_reacher_046b890bfd78232068401303,0.0,0.0,0.0,0.0
offset50_U2_minus_R7,R7_reacher_04877d0344ffb1a50c07d287,0.16666666666666666,0.0,0.16666666666666666,0.0
offset50_U2_minus_R7,R7_reacher_049c7d5324e885cdbcd5e248,0.3333333333333333,0.0,0.3333333333333333,0.0
offset50_U2_minus_R7,R7_reacher_04e9a63134673481d7c3f891,0.25,0.0,0.25,0.0
offset50_U2_minus_R7,R7_reacher_04ff0c9a650582de1c4a6801,0.0,0.0,0.0,0.0
offset50_U2_minus_R7,R7_reacher_051f43b4892efc8bb1983dea,0.16666666666666666,0.0,0.16666666666666666,-0.08333333333333337
offset50_U2_minus_R7,R7_reacher_057827bb1d14ded81f53fc86,0.25,0.0,0.25,0.0
offset50_U2_minus_R7,R7_reacher_059bc657814769b65dced153,0.0,0.0,0.0,0.0
offset50_U2_minus_R7,R7_reacher_059ed10af59f11ac08a80827,0.0,0.0,0.0,0.0
offset50_U2_minus_R7,R7_reacher_05c134f2ffe1627d297d0c61,0.0,0.0,0.0,0.0
offset50_U2_minus_R7,R7_reacher_05c317a498c172704c19643b,0.08333333333333333,0.0,0.08333333333333333,0.0
offset50_U2_minus_R7,R7_reacher_05de9032849239e8bac0fafd,0.0,0.0,0.0,0.0
offset50_U2_minus_R7,R7_reacher_05df119fb6138625a0a37191,0.25,0.08333333333333333,0.16666666666666669,0.0
offset50_U2_minus_R7,R7_reacher_05e92b020fc50822c0c12f3b,0.0,0.0,0.0,0.0
offset50_U2_minus_R7,R7_reacher_05f022aec309dcba9454a525,0.25,0.08333333333333333,0.16666666666666669,0.0
offset50_U2_minus_R7,R7_reacher_0608e39229f7b074b4363cd4,0.25,0.0,0.25,0.0
offset50_U2_minus_R7,R7_reacher_06200874c5af9d79af2100be,0.08333333333333333,0.0,0.08333333333333333,-0.08333333333333337
offset50_U2_minus_R7,R7_reacher_063459913c0305ccd3f60afa,0.08333333333333333,0.0,0.08333333333333333,-0.08333333333333337
offset50_U2_minus_R7,R7_reacher_0674938c9fc1b380174d04fe,0.25,0.0,0.25,-0.08333333333333337
offset50_U2_minus_R7,R7_reacher_06774fd5fe12fc1973fe987c,0.25,0.0,0.25,0.0
offset50_U2_minus_R7,R7_reacher_06b144735881214d90095fd0,0.0,0.0,0.0,0.0
offset50_U2_minus_R7,R7_reacher_06b5d01da6ad1123e8a53b2c,0.16666666666666666,0.0,0.16666666666666666,0.0
offset50_U2_minus_R7,R7_reacher_06cc25fafe84bfd8e09d6e56,0.0,0.0,0.0,-0.16666666666666663
offset50_U2_minus_R7,R7_reacher_06dba88f07b7ee1091cf5829,0.5833333333333334,0.0,0.5833333333333334,0.0
offset50_U2_minus_R7,R7_reacher_06e1d84d51ee115d0d462044,0.0,0.0,0.0,0.0
offset50_U2_minus_R7,R7_reacher_06eb6fae1bc0e3eb4179fc5a,0.08333333333333333,0.0,0.08333333333333333,0.0
offset50_U2_minus_R7,R7_reacher_0700d42c34bd5b934ca4bb9f,0.08333333333333333,0.0,0.08333333333333333,0.0
offset50_U2_minus_R7,R7_reacher_07048d8eb1dd80dbb3b35586,0.08333333333333333,0.0,0.08333333333333333,0.0
offset50_U2_minus_R7,R7_reacher_072587bc998f92f0f7fb630f,0.08333333333333333,0.0,0.08333333333333333,-0.08333333333333337
offset50_U2_minus_R7,R7_reacher_073be01f1b2587a8da9a34ca,0.16666666666666666,0.0,0.16666666666666666,-0.16666666666666663
offset50_U2_minus_R7,R7_reacher_077732a8e0d0c587d1825f44,0.0,0.0,0.0,0.0
offset50_U2_minus_R7,R7_reacher_07905259134654234591eab4,0.25,0.0,0.25,0.0
offset50_U2_minus_R7,R7_reacher_07e921840cb9bd668708fcd1,0.08333333333333333,0.0,0.08333333333333333,0.0
offset50_U2_minus_R7,R7_reacher_07f68e2d5cb2f23fe923e07e,0.16666666666666666,0.0,0.16666666666666666,0.0
offset50_U2_minus_R7,R7_reacher_0831e45db3d8c9636a0030a8,0.0,0.0,0.0,0.0
offset50_U2_minus_R7,R7_reacher_085bbe99c2028f22c4b2f1f3,0.0,0.0,0.0,-0.08333333333333337
offset50_U2_minus_R7,R7_reacher_086c4c72d05daa815c90a325,0.16666666666666666,0.0,0.16666666666666666,-0.08333333333333337
offset50_U2_minus_R7,R7_reacher_08791dbc55a1c860a9fcba72,0.3333333333333333,0.0,0.3333333333333333,0.0
offset50_U2_minus_R7,R7_reacher_087fee4764439c4165778372,0.08333333333333333,0.0,0.08333333333333333,0.0
offset50_U2_minus_R7,R7_reacher_088b36543d147c4483ceca92,0.3333333333333333,0.0,0.3333333333333333,0.0
offset50_U2_minus_R7,R7_reacher_0898ef8542627f588c43c97e,0.08333333333333333,0.0,0.08333333333333333,0.0
offset50_U2_minus_R7,R7_reacher_089ca956064f6abdcc5b00c4,0.0,0.0,0.0,0.0
offset50_U2_minus_R7,R7_reacher_08b002f2f2231aebe40703c4,0.16666666666666666,0.0,0.16666666666666666,0.0
offset50_U2_minus_R7,R7_reacher_08b6bb3c0a0b1b10e1f1ed3a,0.4166666666666667,0.08333333333333333,0.33333333333333337,0.0
offset50_U2_minus_R7,R7_reacher_08bc83b318e508c81fca4627,0.0,0.0,0.0,0.0
offset50_U2_minus_R7,R7_reacher_08d1c4ab87ecc0d2ce5c0af5,0.0,0.0,0.0,0.0
offset50_U2_minus_R7,R7_reacher_08df79c04682c5e1c9699ea6,0.16666666666666666,0.0,0.16666666666666666,0.0
offset50_U2_minus_R7,R7_reacher_08fc09b71294c5eaa37fe053,0.6666666666666666,0.0,0.6666666666666666,0.0
offset50_U2_minus_R7,R7_reacher_091ccb5d4011f535188486f5,0.0,0.0,0.0,0.0
offset50_U2_minus_R7,R7_reacher_09259855026d6f58fbb4bfa3,0.0,0.0,0.0,0.0
offset50_U2_minus_R7,R7_reacher_09556a74785e2e4e22db9270,0.0,0.08333333333333333,-0.08333333333333333,-0.41666666666666663
offset50_U2_minus_R7,R7_reacher_09672a546ecc9cd8836e6f36,0.0,0.0,0.0,0.0
offset50_U2_minus_R7,R7_reacher_09a47861d324c4e18bb27656,0.08333333333333333,0.0,0.08333333333333333,0.0
offset50_U2_minus_R7,R7_reacher_09c5603a7991e4c9b46a1bef,0.08333333333333333,0.0,0.08333333333333333,0.0
offset50_U2_minus_R7,R7_reacher_09da30f4c789c1a93d39016e,-0.08333333333333333,0.0,-0.08333333333333333,-0.08333333333333337
offset50_U2_minus_R7,R7_reacher_09de8c6be6909b99d19eda26,0.08333333333333333,0.0,0.08333333333333333,0.0
offset50_U2_minus_R7,R7_reacher_09e0272740f157016da6f4c2,0.0,0.0,0.0,0.0
offset50_U2_minus_R7,R7_reacher_0a586d622d11a2001b814ccf,0.16666666666666666,0.16666666666666666,0.0,-0.08333333333333326
offset50_U2_minus_R7,R7_reacher_0a62a34ae820f9440c1f6773,0.08333333333333333,0.0,0.08333333333333333,0.0
offset50_U2_minus_R7,R7_reacher_0a7092c7dff7225532cf04b5,0.08333333333333333,0.0,0.08333333333333333,0.0
offset50_U2_minus_R7,R7_reacher_0a9eb0622d96e0949ad35106,0.0,0.0,0.0,0.0
offset50_U2_minus_R7,R7_reacher_0ad48b70d7fa4db6f6b5c8a3,0.0,0.0,0.0,0.0
offset50_U2_minus_R7,R7_reacher_0ae787fe84f6e2a36330fd57,0.16666666666666666,0.0,0.16666666666666666,0.0
offset50_U2_minus_R7,R7_reacher_0ae7ef175277c110c11348f6,0.4166666666666667,0.0,0.4166666666666667,-0.08333333333333337
