module,unit,task,endpoint,point,ci95_low,ci95_high,n_cases,bootstrap,evidence,label,source,validity,primary_eligible
M3,,,REAL2_minus_H_POLICY,0.1325,0.10166666666666666,0.165,100,5000,DESCRIPTIVE,,R8_SECONDARY_TABLE.csv,VALID_DESCRIPTIVE,0
M3,,,REPEAT3_minus_H_POLICY,-0.006666666666666663,-0.02583333333333333,0.013333333333333332,100,5000,DESCRIPTIVE,,R8_SECONDARY_TABLE.csv,VALID_DESCRIPTIVE,0
M3,,,H_REAL3_minus_REAL2,0.004166666666666668,-0.0041666666666666675,0.012500000000000004,100,5000,DESCRIPTIVE,,R8_SECONDARY_TABLE.csv,VALID_DESCRIPTIVE,0
M2,,reacher,random_descriptive_success,0.13999999999999999,0.09666666666666666,0.18999999999999997,100,5000,DESCRIPTIVE_REFERENCE,,R8_SECONDARY_TABLE.csv,VALID_DESCRIPTIVE,0
M2,,pusht,random_descriptive_success,0.04333333333333333,0.02,0.06666666666666667,100,5000,DESCRIPTIVE_REFERENCE,,R8_SECONDARY_TABLE.csv,VALID_DESCRIPTIVE,0
M2,,cube,random_descriptive_success,0.48,0.38666666666666666,0.5733333333333333,100,5000,DESCRIPTIVE_REFERENCE,,R8_SECONDARY_TABLE.csv,VALID_DESCRIPTIVE,0
M2,,tworoom,random_descriptive_success,0.2066666666666666,0.14666666666666667,0.27,100,5000,DESCRIPTIVE_REFERENCE,,R8_SECONDARY_TABLE.csv,VALID_DESCRIPTIVE,0
M4,R3_ORIGINAL,pusht,SIM_LAT_RERANK - H0_MENU_RERANK,0.11,0.05,0.18,100,5000,M4_PUSH_ORACLE,提高,m4/reports/M4_SECONDARY_TABLE.csv,VALID_DESCRIPTIVE,0
M4,R3_ORIGINAL,pusht,SIM_TASK_RERANK - H0_MENU_RERANK,0.1,0.05,0.16,100,5000,M4_PUSH_ORACLE,提高,m4/reports/M4_SECONDARY_TABLE.csv,VALID_DESCRIPTIVE,0
M4,R4_ALT_CEM_1,pusht,SIM_LAT_RERANK - H0_MENU_RERANK,0.07,0.03,0.12,100,5000,M4_PUSH_ORACLE,提高,m4/reports/M4_SECONDARY_TABLE.csv,VALID_DESCRIPTIVE,0
M4,R4_ALT_CEM_1,pusht,SIM_TASK_RERANK - H0_MENU_RERANK,0.07,0.03,0.12,100,5000,M4_PUSH_ORACLE,提高,m4/reports/M4_SECONDARY_TABLE.csv,VALID_DESCRIPTIVE,0
M4,R4_ALT_CEM_2,pusht,SIM_LAT_RERANK - H0_MENU_RERANK,0.07,0.02,0.12,100,5000,M4_PUSH_ORACLE,提高,m4/reports/M4_SECONDARY_TABLE.csv,VALID_DESCRIPTIVE,0
M4,R4_ALT_CEM_2,pusht,SIM_TASK_RERANK - H0_MENU_RERANK,0.07,0.02,0.13,100,5000,M4_PUSH_ORACLE,提高,m4/reports/M4_SECONDARY_TABLE.csv,VALID_DESCRIPTIVE,0
M4,POOLED_CASE_MEAN_3_STREAMS,pusht,SIM_LAT_RERANK - H0_MENU_RERANK,0.08333333333333331,0.04333333333333333,0.13,100,5000,M4_PUSH_ORACLE,提高,m4/reports/M4_SECONDARY_TABLE.csv,VALID_DESCRIPTIVE,0
M4,POOLED_CASE_MEAN_3_STREAMS,pusht,SIM_TASK_RERANK - H0_MENU_RERANK,0.07999999999999999,0.04,0.12666666666666665,100,5000,M4_PUSH_ORACLE,提高,m4/reports/M4_SECONDARY_TABLE.csv,VALID_DESCRIPTIVE,0
M6,R3_ORIGINAL,pusht,H0_CEM900_minus_H0_CEM300,0.0,-0.05,0.06,100,5000,DESCRIPTIVE_CEM_SEARCH_BUDGET_SENSITIVITY,未检出,m6/tables/M6_SECONDARY_TABLE.csv,VALID_DESCRIPTIVE,0
M6,R3_ORIGINAL,reacher,H0_CEM900_minus_H0_CEM300,0.05,-0.03,0.13,100,5000,DESCRIPTIVE_CEM_SEARCH_BUDGET_SENSITIVITY,未检出,m6/tables/M6_SECONDARY_TABLE.csv,VALID_DESCRIPTIVE,0
M1,offset25_R6_minus_U1,,H_REAL3_REPLAN_success_rate_budget50_minus_budget100_descriptive,-0.022500000000000006,-0.03333333333333333,-0.012500000000000004,100,5000,R8_FIX_F1_DESCRIPTIVE_ORIGINAL_E2,描述性次要结果（原 E2 数值保留）,fix/f1/R8_M1_E2_CORRECTED_TABLE.csv,VALID_DESCRIPTIVE,0
M1,offset50_U2_minus_R7,,H_REAL3_REPLAN_success_rate_budget50_minus_budget100_descriptive,-0.025833333333333333,-0.04,-0.01416666666666667,100,5000,R8_FIX_F1_DESCRIPTIVE_ORIGINAL_E2,描述性次要结果（原 E2 数值保留）,fix/f1/R8_M1_E2_CORRECTED_TABLE.csv,VALID_DESCRIPTIVE,0
M3,,reacher,PRED_PAST_minus_H_POLICY,0.12833333333333333,0.09833333333333333,0.16,100,5000,R8_FIX_F2_POSTHOC_AFTER_TECH_FAIL,技术不可评价（TECH_FAIL）,fix/f2/reports/M3_V3_MAIN_TABLE.json,INVALID_TECH_GATE,0
M3,,reacher,second_plan_different_vs_H_REAL3_rate,1.0,,,694,,R8_FIX_F2_POSTHOC_AFTER_TECH_FAIL,技术不可评价（TECH_FAIL）,fix/f2/reports/M3_V3_MAIN_TABLE.json,INVALID_TECH_GATE,0
M3,,,H_REAL3_minus_PRED_PAST_old_invalid_implementation,0.0,0.0,0.0,100,5000,INVALID_IMPLEMENTATION_PRESERVED,未检出,reports/R8_MAIN_TABLE_V2.csv,INVALID_IMPLEMENTATION,0
M3,,,PRED_PAST_minus_H_POLICY_old_invalid_implementation,0.13666666666666666,0.10747916666666665,0.1683541666666664,100,5000,INVALID_IMPLEMENTATION_PRESERVED,,reports/R8_SECONDARY_TABLE_V2.csv,INVALID_IMPLEMENTATION,0
