case_id,arm,stream,policy_success,real3_success,flip
R6_reacher_004a2bdf27d8bfceafa73467,H0,R4_ALT_CEM_1,0,1,POLICY_TO_REAL3_SUCCESS
R6_reacher_004a2bdf27d8bfceafa73467,H0,R4_ALT_CEM_2,0,1,POLICY_TO_REAL3_SUCCESS
R6_reacher_004a2bdf27d8bfceafa73467,REFIT_103201,R3_ORIGINAL,0,1,POLICY_TO_REAL3_SUCCESS
R6_reacher_004a2bdf27d8bfceafa73467,REFIT_103201,R4_ALT_CEM_1,0,1,POLICY_TO_REAL3_SUCCESS
R6_reacher_004a2bdf27d8bfceafa73467,REFIT_103202,R4_ALT_CEM_1,0,1,POLICY_TO_REAL3_SUCCESS
R6_reacher_004a2bdf27d8bfceafa73467,REFIT_103203,R4_ALT_CEM_1,0,1,POLICY_TO_REAL3_SUCCESS
R6_reacher_005a9d4fafe8239392288119,H0,R4_ALT_CEM_2,0,1,POLICY_TO_REAL3_SUCCESS
R6_reacher_005a9d4fafe8239392288119,REFIT_103201,R4_ALT_CEM_2,0,1,POLICY_TO_REAL3_SUCCESS
R6_reacher_005a9d4fafe8239392288119,REFIT_103202,R3_ORIGINAL,0,1,POLICY_TO_REAL3_SUCCESS
R6_reacher_005a9d4fafe8239392288119,REFIT_103203,R4_ALT_CEM_1,0,1,POLICY_TO_REAL3_SUCCESS
R6_reacher_005a9d4fafe8239392288119,REFIT_103203,R4_ALT_CEM_2,0,1,POLICY_TO_REAL3_SUCCESS
R6_reacher_01140d82262ee0be1b888afa,H0,R4_ALT_CEM_1,0,1,POLICY_TO_REAL3_SUCCESS
R6_reacher_01140d82262ee0be1b888afa,H0,R4_ALT_CEM_2,0,1,POLICY_TO_REAL3_SUCCESS
R6_reacher_01140d82262ee0be1b888afa,REFIT_103201,R3_ORIGINAL,0,1,POLICY_TO_REAL3_SUCCESS
R6_reacher_01140d82262ee0be1b888afa,REFIT_103201,R4_ALT_CEM_1,0,1,POLICY_TO_REAL3_SUCCESS
R6_reacher_01140d82262ee0be1b888afa,REFIT_103202,R4_ALT_CEM_2,0,1,POLICY_TO_REAL3_SUCCESS
R6_reacher_011ea9fb18f79bb320718d2e,REFIT_103201,R4_ALT_CEM_1,0,1,POLICY_TO_REAL3_SUCCESS
R6_reacher_012dddba11ae750296fdc988,REFIT_103203,R4_ALT_CEM_1,0,1,POLICY_TO_REAL3_SUCCESS
R6_reacher_01376a746a41e9e26d1e8b2e,H0,R4_ALT_CEM_1,0,1,POLICY_TO_REAL3_SUCCESS
R6_reacher_01376a746a41e9e26d1e8b2e,H0,R4_ALT_CEM_2,0,1,POLICY_TO_REAL3_SUCCESS
R6_reacher_0184346c125528018922c654,H0,R3_ORIGINAL,0,1,POLICY_TO_REAL3_SUCCESS
R6_reacher_0184346c125528018922c654,REFIT_103201,R4_ALT_CEM_1,0,1,POLICY_TO_REAL3_SUCCESS
R6_reacher_0184346c125528018922c654,REFIT_103203,R3_ORIGINAL,0,1,POLICY_TO_REAL3_SUCCESS
R6_reacher_0192eda575e790d45853b4a8,REFIT_103202,R3_ORIGINAL,0,1,POLICY_TO_REAL3_SUCCESS
R6_reacher_01a317a7971dd8b32b9e544f,H0,R3_ORIGINAL,0,1,POLICY_TO_REAL3_SUCCESS
R6_reacher_01a317a7971dd8b32b9e544f,H0,R4_ALT_CEM_2,0,1,POLICY_TO_REAL3_SUCCESS
R6_reacher_01a317a7971dd8b32b9e544f,REFIT_103202,R4_ALT_CEM_1,0,1,POLICY_TO_REAL3_SUCCESS
R6_reacher_01a317a7971dd8b32b9e544f,REFIT_103202,R4_ALT_CEM_2,0,1,POLICY_TO_REAL3_SUCCESS
R6_reacher_01a369b2316f5e495d770946,REFIT_103203,R3_ORIGINAL,0,1,POLICY_TO_REAL3_SUCCESS
R6_reacher_01f4491b43897667d92d30bf,H0,R4_ALT_CEM_1,0,1,POLICY_TO_REAL3_SUCCESS
R6_reacher_01f4491b43897667d92d30bf,H0,R4_ALT_CEM_2,0,1,POLICY_TO_REAL3_SUCCESS
R6_reacher_01f4491b43897667d92d30bf,REFIT_103201,R4_ALT_CEM_1,1,0,POLICY_TO_REAL3_FAILURE
R6_reacher_01f4491b43897667d92d30bf,REFIT_103201,R4_ALT_CEM_2,0,1,POLICY_TO_REAL3_SUCCESS
R6_reacher_01f4491b43897667d92d30bf,REFIT_103202,R4_ALT_CEM_2,1,0,POLICY_TO_REAL3_FAILURE
R6_reacher_01f4491b43897667d92d30bf,REFIT_103203,R4_ALT_CEM_2,1,0,POLICY_TO_REAL3_FAILURE
R6_reacher_02363949abe1b34ce169a168,H0,R3_ORIGINAL,0,1,POLICY_TO_REAL3_SUCCESS
R6_reacher_02363949abe1b34ce169a168,REFIT_103201,R3_ORIGINAL,0,1,POLICY_TO_REAL3_SUCCESS
R6_reacher_02363949abe1b34ce169a168,REFIT_103201,R4_ALT_CEM_1,0,1,POLICY_TO_REAL3_SUCCESS
R6_reacher_02363949abe1b34ce169a168,REFIT_103202,R3_ORIGINAL,0,1,POLICY_TO_REAL3_SUCCESS
R6_reacher_02363949abe1b34ce169a168,REFIT_103202,R4_ALT_CEM_1,0,1,POLICY_TO_REAL3_SUCCESS
R6_reacher_02363949abe1b34ce169a168,REFIT_103203,R4_ALT_CEM_2,0,1,POLICY_TO_REAL3_SUCCESS
R6_reacher_0236acda3799285bc7c01150,REFIT_103202,R4_ALT_CEM_2,0,1,POLICY_TO_REAL3_SUCCESS
R6_reacher_0236acda3799285bc7c01150,REFIT_103203,R3_ORIGINAL,1,0,POLICY_TO_REAL3_FAILURE
R6_reacher_026d9ade4b09a32c4196f539,H0,R4_ALT_CEM_2,0,1,POLICY_TO_REAL3_SUCCESS
R6_reacher_02b5a054bf782ce2a8682ef0,H0,R4_ALT_CEM_2,0,1,POLICY_TO_REAL3_SUCCESS
R6_reacher_02bf9b5015a6d24cafbda1dd,REFIT_103203,R3_ORIGINAL,0,1,POLICY_TO_REAL3_SUCCESS
R6_reacher_02dc0f9a7b772ddf917ae2e2,H0,R4_ALT_CEM_2,0,1,POLICY_TO_REAL3_SUCCESS
R6_reacher_02dc0f9a7b772ddf917ae2e2,REFIT_103201,R3_ORIGINAL,0,1,POLICY_TO_REAL3_SUCCESS
R6_reacher_02dc0f9a7b772ddf917ae2e2,REFIT_103201,R4_ALT_CEM_1,0,1,POLICY_TO_REAL3_SUCCESS
R6_reacher_02dc0f9a7b772ddf917ae2e2,REFIT_103203,R4_ALT_CEM_1,0,1,POLICY_TO_REAL3_SUCCESS
R6_reacher_03576c27fc916ca37b9d6b1d,REFIT_103203,R4_ALT_CEM_2,0,1,POLICY_TO_REAL3_SUCCESS
R6_reacher_037aa4ee62015773e3d025c8,REFIT_103202,R4_ALT_CEM_2,0,1,POLICY_TO_REAL3_SUCCESS
R6_reacher_03c5dc1bff3c46c7e7066e86,H0,R4_ALT_CEM_1,0,1,POLICY_TO_REAL3_SUCCESS
R6_reacher_03c5dc1bff3c46c7e7066e86,H0,R4_ALT_CEM_2,0,1,POLICY_TO_REAL3_SUCCESS
R6_reacher_03c5dc1bff3c46c7e7066e86,REFIT_103202,R4_ALT_CEM_2,0,1,POLICY_TO_REAL3_SUCCESS
R6_reacher_03f079f0a6fc89393c99bd18,H0,R4_ALT_CEM_2,0,1,POLICY_TO_REAL3_SUCCESS
R6_reacher_04010050b2406790c8247103,H0,R3_ORIGINAL,0,1,POLICY_TO_REAL3_SUCCESS
R6_reacher_04010050b2406790c8247103,H0,R4_ALT_CEM_2,0,1,POLICY_TO_REAL3_SUCCESS
R6_reacher_04010050b2406790c8247103,REFIT_103201,R3_ORIGINAL,0,1,POLICY_TO_REAL3_SUCCESS
R6_reacher_04010050b2406790c8247103,REFIT_103202,R4_ALT_CEM_2,0,1,POLICY_TO_REAL3_SUCCESS
R6_reacher_040d72a154c2687da092ebc8,H0,R3_ORIGINAL,0,1,POLICY_TO_REAL3_SUCCESS
R6_reacher_040d72a154c2687da092ebc8,REFIT_103202,R3_ORIGINAL,0,1,POLICY_TO_REAL3_SUCCESS
R6_reacher_040d72a154c2687da092ebc8,REFIT_103203,R3_ORIGINAL,0,1,POLICY_TO_REAL3_SUCCESS
R6_reacher_04323b4ed17bb5ed62619b74,H0,R3_ORIGINAL,0,1,POLICY_TO_REAL3_SUCCESS
R6_reacher_0452de7446bee2d31c1997b9,REFIT_103202,R4_ALT_CEM_1,0,1,POLICY_TO_REAL3_SUCCESS
R6_reacher_04689ec072dab02039d86a47,H0,R4_ALT_CEM_1,0,1,POLICY_TO_REAL3_SUCCESS
R6_reacher_04689ec072dab02039d86a47,H0,R4_ALT_CEM_2,0,1,POLICY_TO_REAL3_SUCCESS
R6_reacher_04689ec072dab02039d86a47,REFIT_103201,R4_ALT_CEM_1,0,1,POLICY_TO_REAL3_SUCCESS
R6_reacher_04689ec072dab02039d86a47,REFIT_103201,R4_ALT_CEM_2,0,1,POLICY_TO_REAL3_SUCCESS
R6_reacher_04689ec072dab02039d86a47,REFIT_103202,R4_ALT_CEM_1,0,1,POLICY_TO_REAL3_SUCCESS
R6_reacher_04689ec072dab02039d86a47,REFIT_103203,R4_ALT_CEM_1,0,1,POLICY_TO_REAL3_SUCCESS
R6_reacher_04689ec072dab02039d86a47,REFIT_103203,R4_ALT_CEM_2,0,1,POLICY_TO_REAL3_SUCCESS
R6_reacher_046be47cf7ed9869cb27531c,H0,R4_ALT_CEM_1,0,1,POLICY_TO_REAL3_SUCCESS
R6_reacher_046be47cf7ed9869cb27531c,H0,R4_ALT_CEM_2,0,1,POLICY_TO_REAL3_SUCCESS
R6_reacher_046be47cf7ed9869cb27531c,REFIT_103201,R4_ALT_CEM_1,0,1,POLICY_TO_REAL3_SUCCESS
R6_reacher_046be47cf7ed9869cb27531c,REFIT_103202,R4_ALT_CEM_1,0,1,POLICY_TO_REAL3_SUCCESS
R6_reacher_048302dc4ec9c121421618eb,H0,R3_ORIGINAL,1,0,POLICY_TO_REAL3_FAILURE
R6_reacher_048302dc4ec9c121421618eb,H0,R4_ALT_CEM_2,0,1,POLICY_TO_REAL3_SUCCESS
R6_reacher_048302dc4ec9c121421618eb,REFIT_103202,R4_ALT_CEM_1,0,1,POLICY_TO_REAL3_SUCCESS
R6_reacher_048302dc4ec9c121421618eb,REFIT_103203,R4_ALT_CEM_1,0,1,POLICY_TO_REAL3_SUCCESS
R6_reacher_048aa37b1e1d985113bcef99,REFIT_103201,R3_ORIGINAL,0,1,POLICY_TO_REAL3_SUCCESS
R6_reacher_048aa37b1e1d985113bcef99,REFIT_103202,R3_ORIGINAL,0,1,POLICY_TO_REAL3_SUCCESS
R6_reacher_048aa37b1e1d985113bcef99,REFIT_103203,R3_ORIGINAL,0,1,POLICY_TO_REAL3_SUCCESS
R6_reacher_04bca313072e5fd5c88146b6,H0,R3_ORIGINAL,0,1,POLICY_TO_REAL3_SUCCESS
R6_reacher_04bca313072e5fd5c88146b6,REFIT_103203,R3_ORIGINAL,0,1,POLICY_TO_REAL3_SUCCESS
R6_reacher_05673647385df937e0c2da8e,REFIT_103201,R4_ALT_CEM_2,0,1,POLICY_TO_REAL3_SUCCESS
R6_reacher_05673647385df937e0c2da8e,REFIT_103202,R4_ALT_CEM_2,0,1,POLICY_TO_REAL3_SUCCESS
R6_reacher_058fbdf2d7805234d86b62e9,REFIT_103202,R4_ALT_CEM_2,0,1,POLICY_TO_REAL3_SUCCESS
R6_reacher_05b7debf402e51340c75b891,H0,R4_ALT_CEM_1,0,1,POLICY_TO_REAL3_SUCCESS
R6_reacher_05b7debf402e51340c75b891,REFIT_103201,R4_ALT_CEM_2,0,1,POLICY_TO_REAL3_SUCCESS
R6_reacher_05b7debf402e51340c75b891,REFIT_103203,R4_ALT_CEM_2,0,1,POLICY_TO_REAL3_SUCCESS
R6_reacher_05d9adfbb7fea330209f9d6e,H0,R4_ALT_CEM_1,0,1,POLICY_TO_REAL3_SUCCESS
R6_reacher_05d9adfbb7fea330209f9d6e,REFIT_103201,R3_ORIGINAL,0,1,POLICY_TO_REAL3_SUCCESS
R6_reacher_05d9adfbb7fea330209f9d6e,REFIT_103203,R4_ALT_CEM_1,0,1,POLICY_TO_REAL3_SUCCESS
R6_reacher_0604aded9586b94217e9ae71,H0,R4_ALT_CEM_2,0,1,POLICY_TO_REAL3_SUCCESS
R6_reacher_0604aded9586b94217e9ae71,REFIT_103202,R3_ORIGINAL,0,1,POLICY_TO_REAL3_SUCCESS
R6_reacher_06104c870ec34e14878b4947,H0,R4_ALT_CEM_2,0,1,POLICY_TO_REAL3_SUCCESS
R6_reacher_06104c870ec34e14878b4947,REFIT_103201,R4_ALT_CEM_1,0,1,POLICY_TO_REAL3_SUCCESS
R6_reacher_06104c870ec34e14878b4947,REFIT_103202,R3_ORIGINAL,0,1,POLICY_TO_REAL3_SUCCESS
R6_reacher_06104c870ec34e14878b4947,REFIT_103202,R4_ALT_CEM_2,0,1,POLICY_TO_REAL3_SUCCESS
R6_reacher_06104c870ec34e14878b4947,REFIT_103203,R3_ORIGINAL,0,1,POLICY_TO_REAL3_SUCCESS
R6_reacher_06104c870ec34e14878b4947,REFIT_103203,R4_ALT_CEM_2,0,1,POLICY_TO_REAL3_SUCCESS
R6_reacher_0642735d2daa02558c1d8737,H0,R3_ORIGINAL,1,0,POLICY_TO_REAL3_FAILURE
R6_reacher_0642735d2daa02558c1d8737,REFIT_103203,R4_ALT_CEM_2,0,1,POLICY_TO_REAL3_SUCCESS
R6_reacher_0685d60e12fdbdbe63e5d232,H0,R4_ALT_CEM_2,1,0,POLICY_TO_REAL3_FAILURE
R6_reacher_0685d60e12fdbdbe63e5d232,REFIT_103201,R3_ORIGINAL,0,1,POLICY_TO_REAL3_SUCCESS
R6_reacher_0685d60e12fdbdbe63e5d232,REFIT_103201,R4_ALT_CEM_1,0,1,POLICY_TO_REAL3_SUCCESS
R6_reacher_0685d60e12fdbdbe63e5d232,REFIT_103202,R3_ORIGINAL,0,1,POLICY_TO_REAL3_SUCCESS
R6_reacher_0685d60e12fdbdbe63e5d232,REFIT_103203,R4_ALT_CEM_1,0,1,POLICY_TO_REAL3_SUCCESS
R6_reacher_06cc3d0169c47775bf5c3654,H0,R3_ORIGINAL,0,1,POLICY_TO_REAL3_SUCCESS
R6_reacher_06cc3d0169c47775bf5c3654,REFIT_103201,R4_ALT_CEM_1,1,0,POLICY_TO_REAL3_FAILURE
R6_reacher_070de37ab215162432f871dc,H0,R3_ORIGINAL,0,1,POLICY_TO_REAL3_SUCCESS
R6_reacher_070de37ab215162432f871dc,H0,R4_ALT_CEM_2,0,1,POLICY_TO_REAL3_SUCCESS
R6_reacher_070de37ab215162432f871dc,REFIT_103201,R4_ALT_CEM_2,0,1,POLICY_TO_REAL3_SUCCESS
R6_reacher_070de37ab215162432f871dc,REFIT_103202,R3_ORIGINAL,0,1,POLICY_TO_REAL3_SUCCESS
R6_reacher_070de37ab215162432f871dc,REFIT_103203,R4_ALT_CEM_1,0,1,POLICY_TO_REAL3_SUCCESS
R6_reacher_070de37ab215162432f871dc,REFIT_103203,R4_ALT_CEM_2,0,1,POLICY_TO_REAL3_SUCCESS
R6_reacher_0744272edb1918e64a7d6dd8,H0,R4_ALT_CEM_1,0,1,POLICY_TO_REAL3_SUCCESS
R6_reacher_0744272edb1918e64a7d6dd8,REFIT_103201,R3_ORIGINAL,0,1,POLICY_TO_REAL3_SUCCESS
R6_reacher_0744863efce22b67c52bbf37,REFIT_103201,R4_ALT_CEM_2,0,1,POLICY_TO_REAL3_SUCCESS
R6_reacher_0744863efce22b67c52bbf37,REFIT_103202,R4_ALT_CEM_2,0,1,POLICY_TO_REAL3_SUCCESS
R6_reacher_0744863efce22b67c52bbf37,REFIT_103203,R3_ORIGINAL,0,1,POLICY_TO_REAL3_SUCCESS
R6_reacher_0744863efce22b67c52bbf37,REFIT_103203,R4_ALT_CEM_2,0,1,POLICY_TO_REAL3_SUCCESS
R6_reacher_07a0ab05518d2f71e8a802de,REFIT_103202,R3_ORIGINAL,0,1,POLICY_TO_REAL3_SUCCESS
R6_reacher_07a0ab05518d2f71e8a802de,REFIT_103203,R4_ALT_CEM_1,0,1,POLICY_TO_REAL3_SUCCESS
R6_reacher_07d8ede95622d173c866dc15,H0,R4_ALT_CEM_2,0,1,POLICY_TO_REAL3_SUCCESS
R6_reacher_07d8ede95622d173c866dc15,REFIT_103201,R3_ORIGINAL,0,1,POLICY_TO_REAL3_SUCCESS
R6_reacher_07d8ede95622d173c866dc15,REFIT_103203,R3_ORIGINAL,0,1,POLICY_TO_REAL3_SUCCESS
R6_reacher_07d8ede95622d173c866dc15,REFIT_103203,R4_ALT_CEM_1,0,1,POLICY_TO_REAL3_SUCCESS
R6_reacher_080c40555038f25160de654a,H0,R4_ALT_CEM_2,0,1,POLICY_TO_REAL3_SUCCESS
R6_reacher_0859eef19809752e9afbb84a,REFIT_103201,R4_ALT_CEM_2,0,1,POLICY_TO_REAL3_SUCCESS
R6_reacher_0859eef19809752e9afbb84a,REFIT_103202,R4_ALT_CEM_1,0,1,POLICY_TO_REAL3_SUCCESS
R6_reacher_0859eef19809752e9afbb84a,REFIT_103203,R3_ORIGINAL,0,1,POLICY_TO_REAL3_SUCCESS
R6_reacher_0877b94c4c4ad9e7428aeeea,REFIT_103201,R3_ORIGINAL,0,1,POLICY_TO_REAL3_SUCCESS
R6_reacher_0877b94c4c4ad9e7428aeeea,REFIT_103202,R4_ALT_CEM_1,0,1,POLICY_TO_REAL3_SUCCESS
R6_reacher_08e2de8457d9e13b5d9c4a01,H0,R3_ORIGINAL,1,0,POLICY_TO_REAL3_FAILURE
R6_reacher_08e2de8457d9e13b5d9c4a01,H0,R4_ALT_CEM_2,0,1,POLICY_TO_REAL3_SUCCESS
R6_reacher_08e2de8457d9e13b5d9c4a01,REFIT_103201,R4_ALT_CEM_2,0,1,POLICY_TO_REAL3_SUCCESS
R6_reacher_08e2de8457d9e13b5d9c4a01,REFIT_103203,R3_ORIGINAL,0,1,POLICY_TO_REAL3_SUCCESS
R6_reacher_08ea3c55a7fb98416d5450bc,H0,R3_ORIGINAL,0,1,POLICY_TO_REAL3_SUCCESS
R6_reacher_08ea3c55a7fb98416d5450bc,H0,R4_ALT_CEM_1,0,1,POLICY_TO_REAL3_SUCCESS
R6_reacher_08ea3c55a7fb98416d5450bc,H0,R4_ALT_CEM_2,0,1,POLICY_TO_REAL3_SUCCESS
R6_reacher_08ea3c55a7fb98416d5450bc,REFIT_103201,R3_ORIGINAL,0,1,POLICY_TO_REAL3_SUCCESS
R6_reacher_08ea3c55a7fb98416d5450bc,REFIT_103202,R4_ALT_CEM_2,0,1,POLICY_TO_REAL3_SUCCESS
R6_reacher_08ea3c55a7fb98416d5450bc,REFIT_103203,R4_ALT_CEM_1,1,0,POLICY_TO_REAL3_FAILURE
R6_reacher_08edd6141fcf2cc487e96efd,H0,R3_ORIGINAL,0,1,POLICY_TO_REAL3_SUCCESS
R6_reacher_08edd6141fcf2cc487e96efd,H0,R4_ALT_CEM_2,1,0,POLICY_TO_REAL3_FAILURE
R6_reacher_08edd6141fcf2cc487e96efd,REFIT_103201,R3_ORIGINAL,1,0,POLICY_TO_REAL3_FAILURE
R6_reacher_08edd6141fcf2cc487e96efd,REFIT_103201,R4_ALT_CEM_2,0,1,POLICY_TO_REAL3_SUCCESS
R6_reacher_08edd6141fcf2cc487e96efd,REFIT_103202,R4_ALT_CEM_2,1,0,POLICY_TO_REAL3_FAILURE
R6_reacher_090e387544f3b641157cea56,H0,R4_ALT_CEM_1,0,1,POLICY_TO_REAL3_SUCCESS
R6_reacher_090e387544f3b641157cea56,H0,R4_ALT_CEM_2,0,1,POLICY_TO_REAL3_SUCCESS
R6_reacher_090e387544f3b641157cea56,REFIT_103201,R4_ALT_CEM_1,0,1,POLICY_TO_REAL3_SUCCESS
R6_reacher_090e387544f3b641157cea56,REFIT_103202,R4_ALT_CEM_1,0,1,POLICY_TO_REAL3_SUCCESS
R6_reacher_09129778869b8933020399b8,REFIT_103203,R4_ALT_CEM_2,0,1,POLICY_TO_REAL3_SUCCESS
R6_reacher_0913f64b7826936e467d91e6,H0,R3_ORIGINAL,0,1,POLICY_TO_REAL3_SUCCESS
R6_reacher_0913f64b7826936e467d91e6,REFIT_103201,R3_ORIGINAL,0,1,POLICY_TO_REAL3_SUCCESS
R6_reacher_0913f64b7826936e467d91e6,REFIT_103201,R4_ALT_CEM_1,0,1,POLICY_TO_REAL3_SUCCESS
R6_reacher_0913f64b7826936e467d91e6,REFIT_103201,R4_ALT_CEM_2,0,1,POLICY_TO_REAL3_SUCCESS
R6_reacher_0913f64b7826936e467d91e6,REFIT_103202,R3_ORIGINAL,0,1,POLICY_TO_REAL3_SUCCESS
R6_reacher_0913f64b7826936e467d91e6,REFIT_103203,R3_ORIGINAL,0,1,POLICY_TO_REAL3_SUCCESS
R6_reacher_092eb479cf3e133d57041497,REFIT_103201,R4_ALT_CEM_1,0,1,POLICY_TO_REAL3_SUCCESS
R6_reacher_092eb479cf3e133d57041497,REFIT_103202,R3_ORIGINAL,0,1,POLICY_TO_REAL3_SUCCESS
R6_reacher_0965dc9d288d1769d4d29d4a,REFIT_103201,R3_ORIGINAL,0,1,POLICY_TO_REAL3_SUCCESS
R6_reacher_0965dc9d288d1769d4d29d4a,REFIT_103201,R4_ALT_CEM_1,0,1,POLICY_TO_REAL3_SUCCESS
R6_reacher_09cac336578dc22db2b55aa2,H0,R3_ORIGINAL,0,1,POLICY_TO_REAL3_SUCCESS
R6_reacher_09cac336578dc22db2b55aa2,H0,R4_ALT_CEM_2,0,1,POLICY_TO_REAL3_SUCCESS
R6_reacher_09cac336578dc22db2b55aa2,REFIT_103201,R3_ORIGINAL,0,1,POLICY_TO_REAL3_SUCCESS
R6_reacher_09cac336578dc22db2b55aa2,REFIT_103202,R4_ALT_CEM_1,0,1,POLICY_TO_REAL3_SUCCESS
R6_reacher_09cac336578dc22db2b55aa2,REFIT_103203,R4_ALT_CEM_1,0,1,POLICY_TO_REAL3_SUCCESS
R6_reacher_09cf773ec6c44d3a53bda2cc,H0,R4_ALT_CEM_1,0,1,POLICY_TO_REAL3_SUCCESS
R6_reacher_09cf773ec6c44d3a53bda2cc,REFIT_103202,R3_ORIGINAL,0,1,POLICY_TO_REAL3_SUCCESS
R6_reacher_09cf773ec6c44d3a53bda2cc,REFIT_103202,R4_ALT_CEM_1,0,1,POLICY_TO_REAL3_SUCCESS
R6_reacher_09cf773ec6c44d3a53bda2cc,REFIT_103203,R3_ORIGINAL,0,1,POLICY_TO_REAL3_SUCCESS
R6_reacher_0a1c76cdd10dec44fa26825d,H0,R3_ORIGINAL,1,0,POLICY_TO_REAL3_FAILURE
R6_reacher_0a1c76cdd10dec44fa26825d,REFIT_103203,R4_ALT_CEM_2,0,1,POLICY_TO_REAL3_SUCCESS
R6_reacher_0a34e5a0c99702c6891be14b,REFIT_103202,R4_ALT_CEM_2,0,1,POLICY_TO_REAL3_SUCCESS
R6_reacher_0a34e5a0c99702c6891be14b,REFIT_103203,R4_ALT_CEM_2,0,1,POLICY_TO_REAL3_SUCCESS
R6_reacher_0a592ca5f4b1f51d4a757a50,H0,R4_ALT_CEM_1,0,1,POLICY_TO_REAL3_SUCCESS
R6_reacher_0a67eaaa889aba7173dd8b5e,REFIT_103201,R4_ALT_CEM_1,0,1,POLICY_TO_REAL3_SUCCESS
R6_reacher_0a74deb4b05592118d0fafd9,H0,R4_ALT_CEM_1,0,1,POLICY_TO_REAL3_SUCCESS
R6_reacher_0a74deb4b05592118d0fafd9,REFIT_103201,R3_ORIGINAL,0,1,POLICY_TO_REAL3_SUCCESS
R6_reacher_0a74deb4b05592118d0fafd9,REFIT_103201,R4_ALT_CEM_2,0,1,POLICY_TO_REAL3_SUCCESS
R6_reacher_0a74deb4b05592118d0fafd9,REFIT_103203,R4_ALT_CEM_1,0,1,POLICY_TO_REAL3_SUCCESS
R6_reacher_0a8ebf9f92e62de330d9759e,H0,R4_ALT_CEM_2,0,1,POLICY_TO_REAL3_SUCCESS
R6_reacher_0a8ebf9f92e62de330d9759e,REFIT_103201,R3_ORIGINAL,0,1,POLICY_TO_REAL3_SUCCESS
R6_reacher_0a8ebf9f92e62de330d9759e,REFIT_103201,R4_ALT_CEM_1,0,1,POLICY_TO_REAL3_SUCCESS
R6_reacher_0a8ebf9f92e62de330d9759e,REFIT_103201,R4_ALT_CEM_2,0,1,POLICY_TO_REAL3_SUCCESS
R6_reacher_0a8ebf9f92e62de330d9759e,REFIT_103202,R4_ALT_CEM_1,1,0,POLICY_TO_REAL3_FAILURE
R6_reacher_0a8ebf9f92e62de330d9759e,REFIT_103202,R4_ALT_CEM_2,0,1,POLICY_TO_REAL3_SUCCESS
R6_reacher_0a8ebf9f92e62de330d9759e,REFIT_103203,R4_ALT_CEM_1,0,1,POLICY_TO_REAL3_SUCCESS
R6_reacher_0a8ebf9f92e62de330d9759e,REFIT_103203,R4_ALT_CEM_2,0,1,POLICY_TO_REAL3_SUCCESS
R6_reacher_0ab0d3473481dc3b32839a68,H0,R3_ORIGINAL,0,1,POLICY_TO_REAL3_SUCCESS
R6_reacher_0ab0d3473481dc3b32839a68,H0,R4_ALT_CEM_1,0,1,POLICY_TO_REAL3_SUCCESS
R6_reacher_0ab3257343137f1e2ae074cc,H0,R4_ALT_CEM_2,0,1,POLICY_TO_REAL3_SUCCESS
R6_reacher_0abbe32b49558f890c57967a,H0,R4_ALT_CEM_1,1,0,POLICY_TO_REAL3_FAILURE
