arm,stream,history,cases,successes,success_rate,entered_replanning_rate,replanning_episode_success_rate
H0,R3_ORIGINAL,H_POLICY,100,85,0.85,0.65,0.7692307692307693
H0,R3_ORIGINAL,H_REAL3_REPLAN,100,95,0.95,0.65,0.9230769230769231
H0,R4_ALT_CEM_1,H_POLICY,100,82,0.82,0.59,0.6949152542372882
H0,R4_ALT_CEM_1,H_REAL3_REPLAN,100,97,0.97,0.59,0.9491525423728814
H0,R4_ALT_CEM_2,H_POLICY,100,74,0.74,0.64,0.59375
H0,R4_ALT_CEM_2,H_REAL3_REPLAN,100,98,0.98,0.64,0.96875
REFIT_103201,R3_ORIGINAL,H_POLICY,100,82,0.82,0.56,0.6785714285714286
REFIT_103201,R3_ORIGINAL,H_REAL3_REPLAN,100,98,0.98,0.56,0.9642857142857143
REFIT_103201,R4_ALT_CEM_1,H_POLICY,100,84,0.84,0.55,0.7090909090909091
REFIT_103201,R4_ALT_CEM_1,H_REAL3_REPLAN,100,98,0.98,0.55,0.9636363636363636
REFIT_103201,R4_ALT_CEM_2,H_POLICY,100,86,0.86,0.56,0.75
REFIT_103201,R4_ALT_CEM_2,H_REAL3_REPLAN,100,99,0.99,0.56,0.9821428571428571
REFIT_103202,R3_ORIGINAL,H_POLICY,100,87,0.87,0.55,0.7636363636363637
REFIT_103202,R3_ORIGINAL,H_REAL3_REPLAN,100,100,1.0,0.55,1.0
REFIT_103202,R4_ALT_CEM_1,H_POLICY,100,87,0.87,0.52,0.75
REFIT_103202,R4_ALT_CEM_1,H_REAL3_REPLAN,100,98,0.98,0.52,0.9615384615384616
REFIT_103202,R4_ALT_CEM_2,H_POLICY,100,85,0.85,0.62,0.7580645161290323
REFIT_103202,R4_ALT_CEM_2,H_REAL3_REPLAN,100,96,0.96,0.62,0.9354838709677419
REFIT_103203,R3_ORIGINAL,H_POLICY,100,86,0.86,0.59,0.7627118644067796
REFIT_103203,R3_ORIGINAL,H_REAL3_REPLAN,100,98,0.98,0.59,0.9661016949152542
REFIT_103203,R4_ALT_CEM_1,H_POLICY,100,83,0.83,0.53,0.6792452830188679
REFIT_103203,R4_ALT_CEM_1,H_REAL3_REPLAN,100,96,0.96,0.53,0.9245283018867925
REFIT_103203,R4_ALT_CEM_2,H_POLICY,100,85,0.85,0.58,0.7413793103448276
REFIT_103203,R4_ALT_CEM_2,H_REAL3_REPLAN,100,97,0.97,0.58,0.9482758620689655
