arm,difference,history,range,stream,type
H0,0.1,,,R3_ORIGINAL,MODEL_STREAM_DIFFERENCE
H0,0.15,,,R4_ALT_CEM_1,MODEL_STREAM_DIFFERENCE
H0,0.24,,,R4_ALT_CEM_2,MODEL_STREAM_DIFFERENCE
H0,,H_POLICY,0.10999999999999999,,MODEL_STREAM_SUCCESS_RANGE
H0,,H_REAL3_REPLAN,0.030000000000000027,,MODEL_STREAM_SUCCESS_RANGE
REFIT_103201,0.16,,,R3_ORIGINAL,MODEL_STREAM_DIFFERENCE
REFIT_103201,0.14,,,R4_ALT_CEM_1,MODEL_STREAM_DIFFERENCE
REFIT_103201,0.13,,,R4_ALT_CEM_2,MODEL_STREAM_DIFFERENCE
REFIT_103201,,H_POLICY,0.040000000000000036,,MODEL_STREAM_SUCCESS_RANGE
REFIT_103201,,H_REAL3_REPLAN,0.010000000000000009,,MODEL_STREAM_SUCCESS_RANGE
REFIT_103202,0.13,,,R3_ORIGINAL,MODEL_STREAM_DIFFERENCE
REFIT_103202,0.11,,,R4_ALT_CEM_1,MODEL_STREAM_DIFFERENCE
REFIT_103202,0.11,,,R4_ALT_CEM_2,MODEL_STREAM_DIFFERENCE
REFIT_103202,,H_POLICY,0.020000000000000018,,MODEL_STREAM_SUCCESS_RANGE
REFIT_103202,,H_REAL3_REPLAN,0.040000000000000036,,MODEL_STREAM_SUCCESS_RANGE
REFIT_103203,0.12,,,R3_ORIGINAL,MODEL_STREAM_DIFFERENCE
REFIT_103203,0.13,,,R4_ALT_CEM_1,MODEL_STREAM_DIFFERENCE
REFIT_103203,0.12,,,R4_ALT_CEM_2,MODEL_STREAM_DIFFERENCE
REFIT_103203,,H_POLICY,0.030000000000000027,,MODEL_STREAM_SUCCESS_RANGE
REFIT_103203,,H_REAL3_REPLAN,0.020000000000000018,,MODEL_STREAM_SUCCESS_RANGE
REFIT_103201,0.036666666666666625,H_POLICY,,,REFIT_VS_H0
REFIT_103202,0.05999999999999994,H_POLICY,,,REFIT_VS_H0
REFIT_103203,0.043333333333333335,H_POLICY,,,REFIT_VS_H0
REFIT_103201,0.016666666666666607,H_REAL3_REPLAN,,,REFIT_VS_H0
REFIT_103202,0.013333333333333308,H_REAL3_REPLAN,,,REFIT_VS_H0
REFIT_103203,0.0033333333333332993,H_REAL3_REPLAN,,,REFIT_VS_H0
,0.1275,,,R3_ORIGINAL,STREAM_DIFFERENCE_AVERAGE
,0.1325,,,R4_ALT_CEM_1,STREAM_DIFFERENCE_AVERAGE
,0.15,,,R4_ALT_CEM_2,STREAM_DIFFERENCE_AVERAGE
