sample,quantity,cases,estimate_pp,ci95_low_pp,ci95_high_pp,evidence
reacher_original,official_0,100,79.33,74.33,84.33,post hoc
reacher_original,refit_0,100,83.0,79.67,86.22,post hoc
reacher_original,contrast_0,100,3.67,-1.11,8.44,post hoc
reacher_original,official_1,100,95.33,92.0,98.0,post hoc
reacher_original,refit_1,100,97.44,96.22,98.56,post hoc
reacher_original,contrast_1,100,2.11,-0.44,5.0,post hoc
reacher_original,gain_official,100,16.0,11.0,21.0,post hoc
reacher_original,gain_refit,100,14.44,11.33,17.67,post hoc
reacher_original,interaction,100,-1.56,-6.67,3.67,post hoc
reacher_fresh_history_set,official_0,100,80.33,75.33,85.0,post hoc
reacher_fresh_history_set,refit_0,100,85.0,81.33,88.44,post hoc
reacher_fresh_history_set,contrast_0,100,4.67,0.44,9.11,post hoc
reacher_fresh_history_set,official_1,100,96.67,94.0,98.67,post hoc
reacher_fresh_history_set,refit_1,100,97.78,96.44,98.89,post hoc
reacher_fresh_history_set,contrast_1,100,1.11,-1.44,4.0,post hoc
reacher_fresh_history_set,gain_official,100,16.33,11.33,21.67,post hoc
reacher_fresh_history_set,gain_refit,100,12.78,9.56,16.11,post hoc
reacher_fresh_history_set,interaction,100,-3.56,-8.78,1.44,post hoc
pusht_original,official_0,100,92.0,87.67,95.67,post hoc
pusht_original,refit_0,100,93.89,89.67,97.33,post hoc
pusht_original,contrast_0,100,1.89,-2.33,5.89,post hoc
pusht_original,official_1,100,92.67,88.67,96.0,post hoc
pusht_original,refit_1,100,94.0,89.78,97.44,post hoc
pusht_original,contrast_1,100,1.33,-2.67,5.11,post hoc
pusht_original,gain_official,100,0.67,-1.33,2.67,post hoc
pusht_original,gain_refit,100,0.11,-0.44,0.78,post hoc
pusht_original,interaction,100,-0.56,-2.78,1.67,post hoc
reacher_fresh_refit_set,official_0,100,81.0,75.67,86.0,post hoc
reacher_fresh_refit_set,refit_0,100,85.11,81.22,88.78,post hoc
reacher_fresh_refit_set,contrast_0,100,4.11,-0.78,9.22,post hoc
pusht_fresh_refit_set,official_0,100,88.33,82.67,93.67,post hoc
pusht_fresh_refit_set,refit_0,100,91.22,86.22,95.67,post hoc
pusht_fresh_refit_set,contrast_0,100,2.89,-1.0,6.67,post hoc
reacher_pooled_reacher_original+reacher_fresh_history_set+reacher_fresh_refit_set,contrast_0,300,4.15,1.41,6.81,post hoc
pusht_pooled_pusht_original+pusht_fresh_refit_set,contrast_0,200,2.39,-0.33,5.06,post hoc
