claim_id,section,claim_text,value_seed,metric,aggregation,sample_unit,evidence_level,source_hint,verify_status
C01,4,Refit lowers offline one-step latent error (three-frame query),PushT -25.8%; Cube -57.5%; Reacher -86.3%; TwoRoom -97.7% (h=1),"relative change of latent raw MSE, refit seed mean vs official",case mean; seeds averaged within case,case,PRESPECIFIED (Cube via X1),r5_execution/tables/final_v2/FOUR_TASK_MAIN_TABLE_V2.csv (OPEN_LOOP rows),TO_VERIFY
C02,4,PushT offline gain at h=5 is small,-1.3% (h=5),same as C01,same as C01,case,PRESPECIFIED,r5_execution/tables/final_v2/FOUR_TASK_MAIN_TABLE_V2.csv,TO_VERIFY
C03,4,"Refit does not change closed-loop success (official condition, stream A)","PushT +3.0 [-2.3, 8.7]; Reacher -1.7 [-8.3, 5.7]; TwoRoom +0.3 [-5.7, 6.3]; Cube -3.7 [-9.3, 2.0]","success difference (pp), refit mean - official",seeds averaged within case; case bootstrap 5000,case,PRESPECIFIED; Cube POST_R4 symmetric reset,r5_execution/tables/final_v2/FOUR_TASK_MAIN_TABLE_V2.csv (CLOSED_LOOP rows),TO_VERIFY
C04,4,"Prediction gains reach visited states in Reacher (single-frame query, first-plan anchors)",refit - official latent MSE h=1/2/5: -0.00353/-0.00649/-0.01410; all paired CIs < 0,paired difference of latent MSE,case,case,POST_R4,r4_v23_execution/reports/CONTROL_ATTRIBUTION_FINAL_ZH.md row 1; R4_ATTRIBUTION_TABLE.csv,TO_VERIFY
C05,4/8,"No stable refit gain across planner streams (Reacher, TwoRoom)",Reacher refit-official: -1.7/+15/-2.3 pp (A/B/C); TwoRoom +0.3/-4/-0.3 pp,success difference per stream,per stream; case bootstrap,case,PRESPECIFIED (R4 S3 / TwoRoom second batch),r4_v23_execution/tables/main/PLANNING_RANDOMNESS_TABLE.csv; r4_v23_execution/tables/secondary/,TO_VERIFY
C06,5,Single- vs three-frame error gap is large only in Reacher,"Reacher h1 official 10.5x, refit 70x; h5 6.0x, 51x; PushT/Cube/TwoRoom about 1.0-1.1x",ratio latent MSE single-frame / three-frame,case mean,case,POST_R4,r5_execution/tables/final_v2/HISTORY_CONDITION_4TASK_TABLE.csv; r5_execution/h1b/reports/main/H1B_LEWM_COMPARISON.csv,TO_VERIFY
C07,5,Refit gain depends on query (Reacher),three-frame -86% to -90%; single-frame -8% (h1) to -13% (h5),relative change of latent MSE,case mean,case,POST_R4,r5_execution/tables/final_v2/HISTORY_CONDITION_4TASK_TABLE.csv,TO_VERIFY
C08,5,Context-matched refit does not lower single-frame error,vs refit: h1 +1.4%; h2 -2.1%; h5 -1.1%,relative change of latent MSE (seed means),case mean; seeds averaged,case,EXPLORATORY,r5_execution/tables/final_v2/H3X_CONTEXT_MATCHED_REFIT_EXPLORATORY_TABLE.csv,TO_VERIFY
C09,5,Velocity is not decodable from a single frame,"Reacher MLP R2 single -0.001/-0.003 vs three 0.50/0.19; PushT -0.06/0.30 vs 0.57/0.71; Cube single mostly <0.1, three up to 0.97","R2 on EVAL anchors, MLP three-seed mean (ridge also reported)",pooled over EVAL anchors,case,POST_R4 (probe = measurement),r5_execution/tables/final_v2/SINGLE_FRAME_INFORMATION_TABLE.csv,TO_VERIFY
C10,6,Real-history replanning raises Reacher success (evaluation cases),"refit mean +14.4 [11.2, 17.8]; official +16.0 [11.0, 21.3]; 4-model pooled +14.8 (CI to recompute in R6 aggregation)","success difference (pp), real-history - single-frame",models and streams averaged within case,case,POST_R4,r5_execution/tables/final_v2/REAL_HISTORY_REPLANNING_TABLE.csv; _RAW.csv,TO_VERIFY
C11,6,Failures removed,official 20.7% -> 4.7% (-77%); refit 17.0% -> 2.6% (-85%),failure rate,pooled over streams,case,POST_R4,r5_execution/tables/final_v2/REAL_HISTORY_REPLANNING_RAW.csv,TO_VERIFY
C12,6,Effect within replanning episodes,"entered replanning 52.4%; success among them 65.8% -> 94.1%; flips F->S 196, S->F 18; first plans bitwise equal 2400/2400",conditional success,episode-runs (descriptive),episode-run,POST_R4,r5_execution/tables/final_v2/REAL_HISTORY_REPLANNING_RAW.csv,TO_VERIFY
C13,6,Every model x stream cell positive,12/12 cells; lower bounds >= 3 pp,per-cell difference,case bootstrap per cell,case,POST_R4,r5_execution/tables/final_v2/REAL_HISTORY_REPLANNING_TABLE.csv,TO_VERIFY
C14,6/8,Stream spread collapses under real history,official 68-86% -> 94-97%; refits 3-10 pp -> 1-2 pp,range across streams,per model,case,POST_R4,r5_execution/tables/final_v2/REAL_HISTORY_REPLANNING_RAW.csv,TO_VERIFY
C15,6,PushT control shows no change,"+0.1 [-0.4, 0.8]; 12.2% entered replanning; success among them 45.9% -> 47.9%",success difference (pp),models and streams averaged within case,case,POST_R4,r5_execution/tables/final_v2/REAL_HISTORY_REPLANNING_TABLE.csv,TO_VERIFY
C16,6,Preregistered fresh-case replication,"+13.7 [10.6, 16.9], PASS; 100 new cases; 2400 trajectories; first plans 1200/1200 bitwise; flips 196 (direction to verify)",success difference (pp),models and streams averaged within case; case bootstrap 5000,case,PREREGISTERED,<R6 results directory>,TO_VERIFY
C17,6,Context-matched refit does not change success,"+0.2 [-3.1, 3.4] vs refit",success difference (pp),streams and seeds averaged within case,case,EXPLORATORY,r5_execution/tables/final_v2/H3X_CONTEXT_MATCHED_REFIT_EXPLORATORY_TABLE.csv,TO_VERIFY
C18,7,Refit ranks PushT candidates better on a fixed menu,"selection loss 0.502 -> 0.367 (-0.136 [-0.226, -0.050]); Spearman 0.716 -> 0.758 (+0.042 [0.005, 0.079]); 100 cases x 64 candidates",ANYTIME D_total; Spearman (definitions per R4-v1),case,case,POST_R3 (R4 S2),r4_v23_execution/tables/main/R4_ATTRIBUTION_TABLE.csv; R4_S2_ALL_CANDIDATE_RAW.csv,TO_VERIFY
C19,7,Same direction on mid-rollout forks (report separately),"D_total 0.744 -> 0.515 (-0.229 [-0.367, -0.101]); Spearman 0.664 -> 0.765; 20 cases",as C18,case,case,POST_R3 (R4 second batch),r4_v23_execution/reports/CONTROL_ATTRIBUTION_FINAL_ZH.md,TO_VERIFY
C20,7,Simulator rescoring of the same menu raises success (oracle with full simulator state),"88.3% -> 100% (+11.7 [1.7, 25]); 20 fixed cases; 7 F->S flips in 4 cases, 0 reverse",success difference (pp),streams averaged within case,case,POST_R3 (R4 S3),r4_v23_execution/tables/main/R4_S3_ALL_RAW_VALUES.csv,TO_VERIFY
C21,8,Planner randomness moves Reacher success,"official stream B vs A: -18 [-29, -7] pp; official 86/68/84%",success difference (pp),case,case,PRESPECIFIED (R4 S3),r4_v23_execution/tables/main/PLANNING_RANDOMNESS_TABLE.csv,TO_VERIFY
C22,App,Frozen-encoder study: closed-form heads beat neural refits,h8 Bayes excess risk mean over 324 encoders: closed-form (TRAIN-selected) 0.236; joint head 0.281; PRED_CONT 0.368; MLP_POST_H8 0.387,excess risk,mean over encoders,encoder,POST_R3 (R4 X2),r4_v23_execution/tables/main/X2_TABLE.csv; X2_ALL_HEADS_TABLE.csv,TO_VERIFY
C23,App,Latent probes are not floors,probe MSE > LeWM MSE in 12/12 task x horizon cells; all returned latent MLPs at the 2000-step cap,ratio probe / LeWM,case mean,case,EXPLORATORY,r5_execution/h1b/reports/main/H1B_LEWM_COMPARISON.csv; H1B_INTERPRETATION_ADDENDUM_ZH.txt,TO_VERIFY
C24,App,Cube planner randomness not evaluable,280/800 trajectories; render gate failure before CEM; estimates NA,coverage,-,-,POST_R4,r5_execution/tables/final_v2/C2_EXPECTED_CELL_STATUS.csv,TO_VERIFY
C25,App,Reacher fixed-menu attribution not evaluable,"1363/6400 candidates ended early (real DMC LAST), affecting 96/100 forks",coverage,-,-,POST_R3,r4_v23_execution/tables/main/R4_S2_COVERAGE.csv,TO_VERIFY
C26,App,"CPU/GPU numeric recovery exceedances (recorded, tolerance not relaxed)","H1a 12/1,536,000 coordinates; H2 Reacher 3/1200 candidate costs (max abs diff about 3e-4, tol 1e-5); R4 TwoRoom 4/384000 (Mac), 11/384000 (Linux)",count over tolerance,-,-,-,r5_execution/final/RELEASE_GATE.json; r4_v23_execution/reports/CONTROL_ATTRIBUTION_FINAL_ZH.md,TO_VERIFY
