task,case_id,seed,success,executed_raw_steps,error
tworoom,R3_tworoom_359c74218afc2aa7f949cd51,7001,0,50,
tworoom,R3_tworoom_359c74218afc2aa7f949cd51,7002,0,50,
tworoom,R3_tworoom_359c74218afc2aa7f949cd51,7003,0,50,
tworoom,R3_tworoom_58ba6b87dacd3580a009c927,7001,0,50,
tworoom,R3_tworoom_58ba6b87dacd3580a009c927,7002,1,50,
tworoom,R3_tworoom_58ba6b87dacd3580a009c927,7003,0,50,
tworoom,R3_tworoom_64110cd6e86a8681246e06b0,7001,0,50,
tworoom,R3_tworoom_64110cd6e86a8681246e06b0,7002,0,50,
tworoom,R3_tworoom_64110cd6e86a8681246e06b0,7003,0,50,
tworoom,R3_tworoom_b31309c05cb583b1b646a4b9,7001,0,50,
tworoom,R3_tworoom_b31309c05cb583b1b646a4b9,7002,0,50,
tworoom,R3_tworoom_b31309c05cb583b1b646a4b9,7003,0,50,
tworoom,R3_tworoom_11780f9eb5cd5da481c3c250,7001,0,50,
tworoom,R3_tworoom_11780f9eb5cd5da481c3c250,7002,0,50,
tworoom,R3_tworoom_11780f9eb5cd5da481c3c250,7003,0,50,
tworoom,R3_tworoom_22d06ff2c01f1ed9b726ba39,7001,0,50,
tworoom,R3_tworoom_22d06ff2c01f1ed9b726ba39,7002,0,50,
tworoom,R3_tworoom_22d06ff2c01f1ed9b726ba39,7003,0,50,
tworoom,R3_tworoom_041193c9c865f90775873cf1,7001,0,50,
tworoom,R3_tworoom_041193c9c865f90775873cf1,7002,0,50,
tworoom,R3_tworoom_041193c9c865f90775873cf1,7003,0,50,
tworoom,R3_tworoom_dd35fa76a07653e8752adddd,7001,1,50,
tworoom,R3_tworoom_dd35fa76a07653e8752adddd,7002,1,50,
tworoom,R3_tworoom_dd35fa76a07653e8752adddd,7003,1,50,
tworoom,R3_tworoom_a98e30ec05c9a612c9fa60eb,7001,0,50,
tworoom,R3_tworoom_a98e30ec05c9a612c9fa60eb,7002,0,50,
tworoom,R3_tworoom_a98e30ec05c9a612c9fa60eb,7003,0,50,
tworoom,R3_tworoom_f1171a9af196bce5f2291cdd,7001,0,50,
tworoom,R3_tworoom_f1171a9af196bce5f2291cdd,7002,0,50,
tworoom,R3_tworoom_f1171a9af196bce5f2291cdd,7003,0,50,
tworoom,R3_tworoom_e85d1a3bb00b5fc97fc7b039,7001,0,50,
tworoom,R3_tworoom_e85d1a3bb00b5fc97fc7b039,7002,0,50,
tworoom,R3_tworoom_e85d1a3bb00b5fc97fc7b039,7003,0,50,
tworoom,R3_tworoom_7a52f9139984cf59a4c41df7,7001,0,50,
tworoom,R3_tworoom_7a52f9139984cf59a4c41df7,7002,0,50,
tworoom,R3_tworoom_7a52f9139984cf59a4c41df7,7003,0,50,
tworoom,R3_tworoom_32c6528c35666eaa1f424c33,7001,0,50,
tworoom,R3_tworoom_32c6528c35666eaa1f424c33,7002,0,50,
tworoom,R3_tworoom_32c6528c35666eaa1f424c33,7003,0,50,
tworoom,R3_tworoom_da9679680016ca9ff9f140c4,7001,0,50,
tworoom,R3_tworoom_da9679680016ca9ff9f140c4,7002,0,50,
tworoom,R3_tworoom_da9679680016ca9ff9f140c4,7003,0,50,
tworoom,R3_tworoom_7df02f8b234e520f557ef4c0,7001,0,50,
tworoom,R3_tworoom_7df02f8b234e520f557ef4c0,7002,0,50,
tworoom,R3_tworoom_7df02f8b234e520f557ef4c0,7003,0,50,
tworoom,R3_tworoom_978bdd2c5061677b4201b4f3,7001,0,50,
tworoom,R3_tworoom_978bdd2c5061677b4201b4f3,7002,0,50,
tworoom,R3_tworoom_978bdd2c5061677b4201b4f3,7003,0,50,
tworoom,R3_tworoom_766df01870f8619f4de30351,7001,0,50,
tworoom,R3_tworoom_766df01870f8619f4de30351,7002,0,50,
tworoom,R3_tworoom_766df01870f8619f4de30351,7003,0,50,
tworoom,R3_tworoom_9d08fd1d1992c8ee501b86f9,7001,0,50,
tworoom,R3_tworoom_9d08fd1d1992c8ee501b86f9,7002,0,50,
tworoom,R3_tworoom_9d08fd1d1992c8ee501b86f9,7003,0,50,
tworoom,R3_tworoom_7aaf2a1bb62366421a5388be,7001,0,50,
tworoom,R3_tworoom_7aaf2a1bb62366421a5388be,7002,0,50,
tworoom,R3_tworoom_7aaf2a1bb62366421a5388be,7003,0,50,
tworoom,R3_tworoom_efd8d00069380fc6e74d9c5b,7001,0,50,
tworoom,R3_tworoom_efd8d00069380fc6e74d9c5b,7002,0,50,
tworoom,R3_tworoom_efd8d00069380fc6e74d9c5b,7003,0,50,
tworoom,R3_tworoom_57e58d6b3ddf9d50c0942ce6,7001,0,50,
tworoom,R3_tworoom_57e58d6b3ddf9d50c0942ce6,7002,0,50,
tworoom,R3_tworoom_57e58d6b3ddf9d50c0942ce6,7003,0,50,
tworoom,R3_tworoom_3b86107710b119d9191507b9,7001,0,50,
tworoom,R3_tworoom_3b86107710b119d9191507b9,7002,0,50,
tworoom,R3_tworoom_3b86107710b119d9191507b9,7003,0,50,
tworoom,R3_tworoom_e46af807f3b37ea03c773a29,7001,0,50,
tworoom,R3_tworoom_e46af807f3b37ea03c773a29,7002,0,50,
tworoom,R3_tworoom_e46af807f3b37ea03c773a29,7003,0,50,
tworoom,R3_tworoom_5ab0372c78b9aa4a6c83e349,7001,0,50,
tworoom,R3_tworoom_5ab0372c78b9aa4a6c83e349,7002,0,50,
tworoom,R3_tworoom_5ab0372c78b9aa4a6c83e349,7003,0,50,
tworoom,R3_tworoom_7beb1cb9c7cc97fad466d965,7001,0,50,
tworoom,R3_tworoom_7beb1cb9c7cc97fad466d965,7002,0,50,
tworoom,R3_tworoom_7beb1cb9c7cc97fad466d965,7003,0,50,
tworoom,R3_tworoom_d6b6c591b51cd0326e8b48a1,7001,0,50,
tworoom,R3_tworoom_d6b6c591b51cd0326e8b48a1,7002,0,50,
tworoom,R3_tworoom_d6b6c591b51cd0326e8b48a1,7003,0,50,
tworoom,R3_tworoom_139ee63373895fb234ecc43a,7001,1,50,
tworoom,R3_tworoom_139ee63373895fb234ecc43a,7002,1,50,
tworoom,R3_tworoom_139ee63373895fb234ecc43a,7003,1,50,
tworoom,R3_tworoom_4d8ec88a388fb9dc699aff5b,7001,0,50,
tworoom,R3_tworoom_4d8ec88a388fb9dc699aff5b,7002,0,50,
tworoom,R3_tworoom_4d8ec88a388fb9dc699aff5b,7003,0,50,
tworoom,R3_tworoom_17b8cbe9f45e0541272afdb2,7001,0,50,
tworoom,R3_tworoom_17b8cbe9f45e0541272afdb2,7002,0,50,
tworoom,R3_tworoom_17b8cbe9f45e0541272afdb2,7003,0,50,
tworoom,R3_tworoom_9ca20dc333beb60ed290da6a,7001,0,50,
tworoom,R3_tworoom_9ca20dc333beb60ed290da6a,7002,0,50,
tworoom,R3_tworoom_9ca20dc333beb60ed290da6a,7003,0,50,
tworoom,R3_tworoom_c51062bc49834e083d9a9c30,7001,0,50,
tworoom,R3_tworoom_c51062bc49834e083d9a9c30,7002,0,50,
tworoom,R3_tworoom_c51062bc49834e083d9a9c30,7003,0,50,
tworoom,R3_tworoom_dd25a3c4a21a9a2f3eb9c7fd,7001,1,50,
tworoom,R3_tworoom_dd25a3c4a21a9a2f3eb9c7fd,7002,1,50,
tworoom,R3_tworoom_dd25a3c4a21a9a2f3eb9c7fd,7003,1,50,
tworoom,R3_tworoom_1901768b9ba9e17701eec81f,7001,0,50,
tworoom,R3_tworoom_1901768b9ba9e17701eec81f,7002,1,50,
tworoom,R3_tworoom_1901768b9ba9e17701eec81f,7003,1,50,
tworoom,R3_tworoom_1819d223013edd5333e481dd,7001,0,50,
tworoom,R3_tworoom_1819d223013edd5333e481dd,7002,0,50,
tworoom,R3_tworoom_1819d223013edd5333e481dd,7003,0,50,
tworoom,R3_tworoom_36ddb3f89188606a1942d03e,7001,0,50,
tworoom,R3_tworoom_36ddb3f89188606a1942d03e,7002,0,50,
tworoom,R3_tworoom_36ddb3f89188606a1942d03e,7003,0,50,
tworoom,R3_tworoom_fc37bb6a45575c402c65a0e7,7001,0,50,
tworoom,R3_tworoom_fc37bb6a45575c402c65a0e7,7002,0,50,
tworoom,R3_tworoom_fc37bb6a45575c402c65a0e7,7003,0,50,
tworoom,R3_tworoom_c3d7f369cd2cf75b0cdf18c1,7001,0,50,
tworoom,R3_tworoom_c3d7f369cd2cf75b0cdf18c1,7002,0,50,
tworoom,R3_tworoom_c3d7f369cd2cf75b0cdf18c1,7003,1,50,
tworoom,R3_tworoom_3e3ee081c12126dbaf75fa79,7001,1,50,
tworoom,R3_tworoom_3e3ee081c12126dbaf75fa79,7002,1,50,
tworoom,R3_tworoom_3e3ee081c12126dbaf75fa79,7003,1,50,
tworoom,R3_tworoom_acd060432c3753baf55ac689,7001,0,50,
tworoom,R3_tworoom_acd060432c3753baf55ac689,7002,0,50,
tworoom,R3_tworoom_acd060432c3753baf55ac689,7003,0,50,
tworoom,R3_tworoom_b836b9259dede472d5f4a2d1,7001,1,50,
tworoom,R3_tworoom_b836b9259dede472d5f4a2d1,7002,0,50,
tworoom,R3_tworoom_b836b9259dede472d5f4a2d1,7003,1,50,
tworoom,R3_tworoom_4ab3a17fb65de19ebf6c65c0,7001,1,50,
tworoom,R3_tworoom_4ab3a17fb65de19ebf6c65c0,7002,1,50,
tworoom,R3_tworoom_4ab3a17fb65de19ebf6c65c0,7003,1,50,
tworoom,R3_tworoom_7c4bfb4cb2d511505657b4d1,7001,0,50,
tworoom,R3_tworoom_7c4bfb4cb2d511505657b4d1,7002,0,50,
tworoom,R3_tworoom_7c4bfb4cb2d511505657b4d1,7003,0,50,
tworoom,R3_tworoom_f0704cc8a65d11d79f6ebb6a,7001,0,50,
tworoom,R3_tworoom_f0704cc8a65d11d79f6ebb6a,7002,0,50,
tworoom,R3_tworoom_f0704cc8a65d11d79f6ebb6a,7003,0,50,
tworoom,R3_tworoom_ad754fdb5cb54e11b5785e5a,7001,0,50,
tworoom,R3_tworoom_ad754fdb5cb54e11b5785e5a,7002,0,50,
tworoom,R3_tworoom_ad754fdb5cb54e11b5785e5a,7003,1,50,
tworoom,R3_tworoom_5e7789ae99cf08ade2e618cd,7001,1,50,
tworoom,R3_tworoom_5e7789ae99cf08ade2e618cd,7002,1,50,
tworoom,R3_tworoom_5e7789ae99cf08ade2e618cd,7003,1,50,
tworoom,R3_tworoom_9bc32713c3fa5404f12d65cc,7001,0,50,
tworoom,R3_tworoom_9bc32713c3fa5404f12d65cc,7002,0,50,
tworoom,R3_tworoom_9bc32713c3fa5404f12d65cc,7003,0,50,
tworoom,R3_tworoom_5b61cf5a22ba896666d9c44c,7001,0,50,
tworoom,R3_tworoom_5b61cf5a22ba896666d9c44c,7002,0,50,
tworoom,R3_tworoom_5b61cf5a22ba896666d9c44c,7003,0,50,
tworoom,R3_tworoom_f8c9751ca3323c5397d8f2a3,7001,0,50,
tworoom,R3_tworoom_f8c9751ca3323c5397d8f2a3,7002,0,50,
tworoom,R3_tworoom_f8c9751ca3323c5397d8f2a3,7003,0,50,
tworoom,R3_tworoom_ffec4094bd27f7722d4a8b88,7001,0,50,
tworoom,R3_tworoom_ffec4094bd27f7722d4a8b88,7002,0,50,
tworoom,R3_tworoom_ffec4094bd27f7722d4a8b88,7003,0,50,
tworoom,R3_tworoom_b30f60591bc5fd208098396b,7001,0,50,
tworoom,R3_tworoom_b30f60591bc5fd208098396b,7002,0,50,
tworoom,R3_tworoom_b30f60591bc5fd208098396b,7003,0,50,
tworoom,R3_tworoom_90aeb71384c78b19f7884eb0,7001,0,50,
tworoom,R3_tworoom_90aeb71384c78b19f7884eb0,7002,0,50,
tworoom,R3_tworoom_90aeb71384c78b19f7884eb0,7003,0,50,
tworoom,R3_tworoom_27f11e4bfb148184c1c2304a,7001,1,50,
tworoom,R3_tworoom_27f11e4bfb148184c1c2304a,7002,1,50,
tworoom,R3_tworoom_27f11e4bfb148184c1c2304a,7003,0,50,
tworoom,R3_tworoom_af9898773c80d9dad536ec5d,7001,0,50,
tworoom,R3_tworoom_af9898773c80d9dad536ec5d,7002,0,50,
tworoom,R3_tworoom_af9898773c80d9dad536ec5d,7003,0,50,
tworoom,R3_tworoom_3177552c6b679aecb0c49b86,7001,1,50,
tworoom,R3_tworoom_3177552c6b679aecb0c49b86,7002,1,50,
tworoom,R3_tworoom_3177552c6b679aecb0c49b86,7003,1,50,
tworoom,R3_tworoom_c02ad7e471b06d955608729c,7001,1,50,
tworoom,R3_tworoom_c02ad7e471b06d955608729c,7002,0,50,
tworoom,R3_tworoom_c02ad7e471b06d955608729c,7003,1,50,
tworoom,R3_tworoom_9575cd4d8849ded5e1c1559e,7001,0,50,
tworoom,R3_tworoom_9575cd4d8849ded5e1c1559e,7002,0,50,
tworoom,R3_tworoom_9575cd4d8849ded5e1c1559e,7003,0,50,
tworoom,R3_tworoom_6bc2cb59f3f58f5f82792c18,7001,0,50,
tworoom,R3_tworoom_6bc2cb59f3f58f5f82792c18,7002,0,50,
tworoom,R3_tworoom_6bc2cb59f3f58f5f82792c18,7003,0,50,
tworoom,R3_tworoom_2d801c03d852267b1f7a35a3,7001,0,50,
tworoom,R3_tworoom_2d801c03d852267b1f7a35a3,7002,0,50,
tworoom,R3_tworoom_2d801c03d852267b1f7a35a3,7003,0,50,
tworoom,R3_tworoom_43f5b705f7b6181a096a8b94,7001,0,50,
tworoom,R3_tworoom_43f5b705f7b6181a096a8b94,7002,0,50,
tworoom,R3_tworoom_43f5b705f7b6181a096a8b94,7003,0,50,
tworoom,R3_tworoom_57533e9c779777894f4b5b32,7001,1,50,
tworoom,R3_tworoom_57533e9c779777894f4b5b32,7002,1,50,
tworoom,R3_tworoom_57533e9c779777894f4b5b32,7003,1,50,
tworoom,R3_tworoom_1f7974634102d2f0f6fa081e,7001,0,50,
tworoom,R3_tworoom_1f7974634102d2f0f6fa081e,7002,0,50,
tworoom,R3_tworoom_1f7974634102d2f0f6fa081e,7003,0,50,
tworoom,R3_tworoom_5da490b4f48fbe2ade52df8e,7001,1,50,
tworoom,R3_tworoom_5da490b4f48fbe2ade52df8e,7002,0,50,
tworoom,R3_tworoom_5da490b4f48fbe2ade52df8e,7003,0,50,
tworoom,R3_tworoom_302510dc106275865bb196ae,7001,0,50,
tworoom,R3_tworoom_302510dc106275865bb196ae,7002,0,50,
tworoom,R3_tworoom_302510dc106275865bb196ae,7003,0,50,
tworoom,R3_tworoom_112cdd106143bb9e0f061d60,7001,0,50,
tworoom,R3_tworoom_112cdd106143bb9e0f061d60,7002,0,50,
tworoom,R3_tworoom_112cdd106143bb9e0f061d60,7003,0,50,
tworoom,R3_tworoom_64d444e1515927a532e96e62,7001,0,50,
tworoom,R3_tworoom_64d444e1515927a532e96e62,7002,0,50,
tworoom,R3_tworoom_64d444e1515927a532e96e62,7003,0,50,
tworoom,R3_tworoom_42c60927e9c4d438828ac5ed,7001,0,50,
tworoom,R3_tworoom_42c60927e9c4d438828ac5ed,7002,0,50,
tworoom,R3_tworoom_42c60927e9c4d438828ac5ed,7003,0,50,
tworoom,R3_tworoom_06f6f5772706123dfda2b2b4,7001,0,50,
tworoom,R3_tworoom_06f6f5772706123dfda2b2b4,7002,1,50,
tworoom,R3_tworoom_06f6f5772706123dfda2b2b4,7003,0,50,
tworoom,R3_tworoom_f1433f3016c04c17783dd2a3,7001,0,50,
tworoom,R3_tworoom_f1433f3016c04c17783dd2a3,7002,0,50,
tworoom,R3_tworoom_f1433f3016c04c17783dd2a3,7003,0,50,
tworoom,R3_tworoom_a2e91bc5de07b8c88d0ac1ad,7001,0,50,
tworoom,R3_tworoom_a2e91bc5de07b8c88d0ac1ad,7002,0,50,
tworoom,R3_tworoom_a2e91bc5de07b8c88d0ac1ad,7003,0,50,
tworoom,R3_tworoom_a2148ba9180d06edc548725b,7001,0,50,
tworoom,R3_tworoom_a2148ba9180d06edc548725b,7002,0,50,
tworoom,R3_tworoom_a2148ba9180d06edc548725b,7003,0,50,
tworoom,R3_tworoom_7c11ed0e528f6dc528cc6757,7001,0,50,
tworoom,R3_tworoom_7c11ed0e528f6dc528cc6757,7002,1,50,
tworoom,R3_tworoom_7c11ed0e528f6dc528cc6757,7003,1,50,
tworoom,R3_tworoom_dcaef6fc7494e5f9874ee23e,7001,0,50,
tworoom,R3_tworoom_dcaef6fc7494e5f9874ee23e,7002,0,50,
tworoom,R3_tworoom_dcaef6fc7494e5f9874ee23e,7003,0,50,
tworoom,R3_tworoom_0bace825fb8594c1ba49dafc,7001,0,50,
tworoom,R3_tworoom_0bace825fb8594c1ba49dafc,7002,1,50,
tworoom,R3_tworoom_0bace825fb8594c1ba49dafc,7003,0,50,
tworoom,R3_tworoom_0367729168c829b4f3294cf3,7001,0,50,
tworoom,R3_tworoom_0367729168c829b4f3294cf3,7002,0,50,
tworoom,R3_tworoom_0367729168c829b4f3294cf3,7003,0,50,
tworoom,R3_tworoom_6a0dfc7fc3833242ce67b193,7001,0,50,
tworoom,R3_tworoom_6a0dfc7fc3833242ce67b193,7002,1,50,
tworoom,R3_tworoom_6a0dfc7fc3833242ce67b193,7003,1,50,
tworoom,R3_tworoom_b633260ff0039361cfa72743,7001,0,50,
tworoom,R3_tworoom_b633260ff0039361cfa72743,7002,0,50,
tworoom,R3_tworoom_b633260ff0039361cfa72743,7003,0,50,
tworoom,R3_tworoom_12453e5e98267b45fe29e349,7001,0,50,
tworoom,R3_tworoom_12453e5e98267b45fe29e349,7002,0,50,
tworoom,R3_tworoom_12453e5e98267b45fe29e349,7003,0,50,
tworoom,R3_tworoom_1c718eb029d9dc25c7998595,7001,0,50,
tworoom,R3_tworoom_1c718eb029d9dc25c7998595,7002,0,50,
tworoom,R3_tworoom_1c718eb029d9dc25c7998595,7003,0,50,
tworoom,R3_tworoom_8ac26b4aeb81afea82056fed,7001,0,50,
tworoom,R3_tworoom_8ac26b4aeb81afea82056fed,7002,0,50,
tworoom,R3_tworoom_8ac26b4aeb81afea82056fed,7003,0,50,
tworoom,R3_tworoom_6497d29efcd134214285cea7,7001,0,50,
tworoom,R3_tworoom_6497d29efcd134214285cea7,7002,0,50,
tworoom,R3_tworoom_6497d29efcd134214285cea7,7003,0,50,
tworoom,R3_tworoom_1c5e61ff2e8ffdfd698b10e5,7001,0,50,
tworoom,R3_tworoom_1c5e61ff2e8ffdfd698b10e5,7002,0,50,
tworoom,R3_tworoom_1c5e61ff2e8ffdfd698b10e5,7003,0,50,
tworoom,R3_tworoom_b14adba4b2256042da76959f,7001,0,50,
tworoom,R3_tworoom_b14adba4b2256042da76959f,7002,0,50,
tworoom,R3_tworoom_b14adba4b2256042da76959f,7003,0,50,
tworoom,R3_tworoom_e48039a8f52820bff4880667,7001,1,50,
tworoom,R3_tworoom_e48039a8f52820bff4880667,7002,0,50,
tworoom,R3_tworoom_e48039a8f52820bff4880667,7003,0,50,
tworoom,R3_tworoom_4a207f0b8535a54a7087729f,7001,0,50,
tworoom,R3_tworoom_4a207f0b8535a54a7087729f,7002,0,50,
tworoom,R3_tworoom_4a207f0b8535a54a7087729f,7003,0,50,
tworoom,R3_tworoom_e8c957039236403f98563684,7001,0,50,
tworoom,R3_tworoom_e8c957039236403f98563684,7002,0,50,
tworoom,R3_tworoom_e8c957039236403f98563684,7003,0,50,
tworoom,R3_tworoom_79a308d4f028050abb32a436,7001,0,50,
tworoom,R3_tworoom_79a308d4f028050abb32a436,7002,0,50,
tworoom,R3_tworoom_79a308d4f028050abb32a436,7003,0,50,
tworoom,R3_tworoom_c30cdaf6e4b051673145e5ba,7001,0,50,
tworoom,R3_tworoom_c30cdaf6e4b051673145e5ba,7002,1,50,
tworoom,R3_tworoom_c30cdaf6e4b051673145e5ba,7003,0,50,
tworoom,R3_tworoom_2a31c1969bf72111986348f4,7001,0,50,
tworoom,R3_tworoom_2a31c1969bf72111986348f4,7002,0,50,
tworoom,R3_tworoom_2a31c1969bf72111986348f4,7003,0,50,
tworoom,R3_tworoom_817a06e4368c8cebc1630952,7001,0,50,
tworoom,R3_tworoom_817a06e4368c8cebc1630952,7002,0,50,
tworoom,R3_tworoom_817a06e4368c8cebc1630952,7003,0,50,
tworoom,R3_tworoom_8c1bbe643579fe08da8d65e1,7001,0,50,
tworoom,R3_tworoom_8c1bbe643579fe08da8d65e1,7002,0,50,
tworoom,R3_tworoom_8c1bbe643579fe08da8d65e1,7003,0,50,
tworoom,R3_tworoom_1f4dbb4aa3f39e02931382fc,7001,0,50,
tworoom,R3_tworoom_1f4dbb4aa3f39e02931382fc,7002,0,50,
tworoom,R3_tworoom_1f4dbb4aa3f39e02931382fc,7003,0,50,
tworoom,R3_tworoom_73f3dfb75f3002d5a5b4bf6d,7001,0,50,
tworoom,R3_tworoom_73f3dfb75f3002d5a5b4bf6d,7002,1,50,
tworoom,R3_tworoom_73f3dfb75f3002d5a5b4bf6d,7003,1,50,
tworoom,R3_tworoom_b4d117c9a6d4b379195de8ca,7001,0,50,
tworoom,R3_tworoom_b4d117c9a6d4b379195de8ca,7002,0,50,
tworoom,R3_tworoom_b4d117c9a6d4b379195de8ca,7003,0,50,
tworoom,R3_tworoom_eb023c810e6ec5a79bf4c888,7001,0,50,
tworoom,R3_tworoom_eb023c810e6ec5a79bf4c888,7002,0,50,
tworoom,R3_tworoom_eb023c810e6ec5a79bf4c888,7003,0,50,
tworoom,R3_tworoom_5493cc7a4964d1c74cf5671e,7001,0,50,
tworoom,R3_tworoom_5493cc7a4964d1c74cf5671e,7002,1,50,
tworoom,R3_tworoom_5493cc7a4964d1c74cf5671e,7003,1,50,
tworoom,R3_tworoom_b29b18e03b0d079a7028cff9,7001,1,50,
tworoom,R3_tworoom_b29b18e03b0d079a7028cff9,7002,1,50,
tworoom,R3_tworoom_b29b18e03b0d079a7028cff9,7003,1,50,
tworoom,R3_tworoom_f06313efe90be2fdedc12980,7001,0,50,
tworoom,R3_tworoom_f06313efe90be2fdedc12980,7002,1,50,
tworoom,R3_tworoom_f06313efe90be2fdedc12980,7003,1,50,
tworoom,R3_tworoom_9ad23a6af5c52781ce8d5db8,7001,0,50,
tworoom,R3_tworoom_9ad23a6af5c52781ce8d5db8,7002,0,50,
tworoom,R3_tworoom_9ad23a6af5c52781ce8d5db8,7003,0,50,
tworoom,R3_tworoom_4aec29025e0af42194505554,7001,1,50,
tworoom,R3_tworoom_4aec29025e0af42194505554,7002,1,50,
tworoom,R3_tworoom_4aec29025e0af42194505554,7003,1,50,
tworoom,R3_tworoom_be3465abd890885514d6e27b,7001,0,50,
tworoom,R3_tworoom_be3465abd890885514d6e27b,7002,0,50,
tworoom,R3_tworoom_be3465abd890885514d6e27b,7003,0,50,
