scope,history_kind,horizon_raw,task,metric,arm,estimate,cases,universe_cases,conditional95_low,conditional95_high,paired_cases,reference_arm,difference_vs_reference,difference95_low,difference95_high,family_difference95_low,family_difference95_high,multiplicity,independent_unit
PRIMARY,H_POLICY,10,pusht,latent_mse,H0,0.018743416527286172,100,100,0.014287194573553279,0.024506497067515735,100,H0,0.0,0.0,0.0,0.0,0.0,UNADJUSTED_POINTWISE,CASE
PRIMARY,H_POLICY,10,pusht,latent_mse,REFIT_103201,0.019346747437957675,100,100,0.010903716945031193,0.03367055850720498,100,H0,0.0006033309106715023,-0.007730831672728527,0.013068571976386003,-0.007686645711339011,0.012566932692425325,UNADJUSTED_POINTWISE,CASE
PRIMARY,H_POLICY,10,pusht,latent_mse,REFIT_103202,0.01717190461116843,100,100,0.010891300913208397,0.026573310067586127,100,H0,-0.0015715119161177427,-0.007822165896883233,0.006151137895823917,-0.007817605994860652,0.005861409104975872,UNADJUSTED_POINTWISE,CASE
PRIMARY,H_POLICY,10,pusht,latent_mse,REFIT_103203,0.01691375198541209,100,100,0.010772311732522213,0.02617393680743407,100,H0,-0.001829664541874081,-0.008090790773450863,0.005703497186943418,-0.008000615069793767,0.0054292894827670975,UNADJUSTED_POINTWISE,CASE
PRIMARY,H_POLICY,10,pusht,latent_mse,FIXED3_REFIT_MEAN_NOT_ENSEMBLE,0.017810801344846066,100,100,0.01087935518096007,0.02878662238010049,100,H0,-0.0009326151824401073,-0.007841386376656979,0.008248333245826266,-0.007823571194722344,0.007894470388694346,UNADJUSTED_POINTWISE,CASE
PRIMARY,H_POLICY,25,pusht,latent_mse,H0,0.06172028503380716,100,100,0.04123008244065568,0.08912758148473221,100,H0,0.0,0.0,0.0,0.0,0.0,UNADJUSTED_POINTWISE,CASE
PRIMARY,H_POLICY,25,pusht,latent_mse,REFIT_103201,0.060060673262923955,100,100,0.03628642002237029,0.09485666324914199,100,H0,-0.0016596117708832026,-0.02544590068468824,0.021305057410208973,-0.02622776785934325,0.02063797944178516,UNADJUSTED_POINTWISE,CASE
PRIMARY,H_POLICY,25,pusht,latent_mse,REFIT_103202,0.057478964822366835,100,100,0.03429397698282264,0.0925269771462772,100,H0,-0.004241320211440325,-0.028175840797950515,0.01867039150546769,-0.026435763978482317,0.016958405298245816,UNADJUSTED_POINTWISE,CASE
PRIMARY,H_POLICY,25,pusht,latent_mse,REFIT_103203,0.059791509120259434,100,100,0.03643665075144963,0.09319756817305458,100,H0,-0.0019287759135477244,-0.02609457221091725,0.02106778618355747,-0.027847878942143738,0.02033605908920221,UNADJUSTED_POINTWISE,CASE
PRIMARY,H_POLICY,25,pusht,latent_mse,FIXED3_REFIT_MEAN_NOT_ENSEMBLE,0.059110382401850084,100,100,0.03600893694366096,0.0930514309171121,100,H0,-0.0026099026319570846,-0.02638375457310273,0.019638379453894832,-0.026788814647540377,0.018973579719922647,UNADJUSTED_POINTWISE,CASE
PRIMARY,H_POLICY,5,pusht,latent_mse,H0,0.008788446520920843,100,100,0.006132567625289085,0.013172340440039986,100,H0,0.0,0.0,0.0,0.0,0.0,UNADJUSTED_POINTWISE,CASE
PRIMARY,H_POLICY,5,pusht,latent_mse,REFIT_103201,0.0073573072347790005,100,100,0.005050159771664766,0.01108037382530165,100,H0,-0.0014311392861418425,-0.005357094046747079,0.001988265508873155,-0.0053783029850941,0.002041010197075129,UNADJUSTED_POINTWISE,CASE
PRIMARY,H_POLICY,5,pusht,latent_mse,REFIT_103202,0.006640173299238086,100,100,0.004997801635123324,0.008955077755264938,100,H0,-0.0021482732216827572,-0.0057475126302742865,0.00016862591981771258,-0.005665944761274856,0.0001892314622368127,UNADJUSTED_POINTWISE,CASE
PRIMARY,H_POLICY,5,pusht,latent_mse,REFIT_103203,0.006670928843086585,100,100,0.004985695184383076,0.009177456654288107,100,H0,-0.0021175176778342577,-0.005888983816170366,0.0003745986535795962,-0.005826400428959164,0.0004016581269892271,UNADJUSTED_POINTWISE,CASE
PRIMARY,H_POLICY,5,pusht,latent_mse,FIXED3_REFIT_MEAN_NOT_ENSEMBLE,0.00688946979236789,100,100,0.005014349677483551,0.009745966393044604,100,H0,-0.0018989767285529527,-0.005623171066845923,0.0007921262954478141,-0.005603253499052531,0.0008286823196394837,UNADJUSTED_POINTWISE,CASE
PRIMARY,H_REAL3,10,pusht,latent_mse,H0,0.016971468781121074,100,100,0.012767860032152386,0.02279245748394168,100,H0,0.0,0.0,0.0,0.0,0.0,UNADJUSTED_POINTWISE,CASE
PRIMARY,H_REAL3,10,pusht,latent_mse,REFIT_103201,0.017407510889461263,100,100,0.01045164987182943,0.02850815493284607,100,H0,0.00043604210834018885,-0.007243145747459493,0.010744284423068165,-0.007182587897816867,0.010321237729695194,UNADJUSTED_POINTWISE,CASE
PRIMARY,H_REAL3,10,pusht,latent_mse,REFIT_103202,0.0152917560050264,100,100,0.010453017227089731,0.021938854072795944,100,H0,-0.0016797127760946752,-0.007484886255173478,0.004527165717096066,-0.0076258990084379814,0.0040982574958326615,UNADJUSTED_POINTWISE,CASE
PRIMARY,H_REAL3,10,pusht,latent_mse,REFIT_103203,0.014945311211049557,100,100,0.01041710175407934,0.02101910104876151,100,H0,-0.0020261575700715184,-0.007678651325171813,0.003631652474490692,-0.007820607846367685,0.0032888652359751983,UNADJUSTED_POINTWISE,CASE
PRIMARY,H_REAL3,10,pusht,latent_mse,FIXED3_REFIT_MEAN_NOT_ENSEMBLE,0.015881526035179075,100,100,0.01042583479138557,0.023767542530316856,100,H0,-0.0010899427459420017,-0.007349146390789733,0.006104762820536657,-0.007441085683209826,0.005812182896901069,UNADJUSTED_POINTWISE,CASE
PRIMARY,H_REAL3,25,pusht,latent_mse,H0,0.05831168442033231,100,100,0.03657578802248463,0.08797968132258392,100,H0,0.0,0.0,0.0,0.0,0.0,UNADJUSTED_POINTWISE,CASE
PRIMARY,H_REAL3,25,pusht,latent_mse,REFIT_103201,0.05881644344655797,100,100,0.03503123165277066,0.0936714191380306,100,H0,0.0005047590262256562,-0.025081205180787946,0.02365249875973677,-0.025404900101616723,0.02306437282927186,UNADJUSTED_POINTWISE,CASE
PRIMARY,H_REAL3,25,pusht,latent_mse,REFIT_103202,0.05525292263482697,100,100,0.032317011064005786,0.08999426230721291,100,H0,-0.0030587617855053397,-0.02824915745764156,0.01930922578909666,-0.026627099402551778,0.017861639467647426,UNADJUSTED_POINTWISE,CASE
PRIMARY,H_REAL3,25,pusht,latent_mse,REFIT_103203,0.05856171598425135,100,100,0.03530338821781334,0.09167770940478656,100,H0,0.00025003156391903756,-0.025821733340329955,0.022734435725898946,-0.027331093272982134,0.022641560491024604,UNADJUSTED_POINTWISE,CASE
PRIMARY,H_REAL3,25,pusht,latent_mse,FIXED3_REFIT_MEAN_NOT_ENSEMBLE,0.05754369402187876,100,100,0.034463215959161374,0.0917104799110481,100,H0,-0.0007679903984535504,-0.026454254001282006,0.02168021935856084,-0.026450225468556222,0.020493096104240976,UNADJUSTED_POINTWISE,CASE
PRIMARY,H_REAL3,5,pusht,latent_mse,H0,0.008431567454244941,100,100,0.005728722749161534,0.013262695228972003,100,H0,0.0,0.0,0.0,0.0,0.0,UNADJUSTED_POINTWISE,CASE
PRIMARY,H_REAL3,5,pusht,latent_mse,REFIT_103201,0.006658591856248677,100,100,0.004838567217608215,0.009358976958843409,100,H0,-0.0017729755979962647,-0.006129160917480476,0.0014731319578422692,-0.006082270323995651,0.0014998820169023713,UNADJUSTED_POINTWISE,CASE
PRIMARY,H_REAL3,5,pusht,latent_mse,REFIT_103202,0.0060653452400583775,100,100,0.004751603809185326,0.007748313329415395,100,H0,-0.002366222214186564,-0.0063942876604560295,9.077925505698511e-05,-0.006307370645010285,8.77596234885071e-05,UNADJUSTED_POINTWISE,CASE
PRIMARY,H_REAL3,5,pusht,latent_mse,REFIT_103203,0.006047517550759949,100,100,0.004792332329408964,0.007645405386312632,100,H0,-0.0023840499034849926,-0.006439236923892167,6.02851336443556e-05,-0.006385988214041929,4.432055431303011e-05,UNADJUSTED_POINTWISE,CASE
PRIMARY,H_REAL3,5,pusht,latent_mse,FIXED3_REFIT_MEAN_NOT_ENSEMBLE,0.0062571515490223335,100,100,0.004795225501812335,0.008219408858426803,100,H0,-0.002174415905222607,-0.006344826790329535,0.0004772092040948334,-0.006251039661557842,0.0005170694049528941,UNADJUSTED_POINTWISE,CASE
