task,horizon_macro,history_kind,probe,lewm_model,probe_mse,lewm_mse,probe_minus_lewm,ratio_probe_over_lewm,conditional95_low,conditional95_high,family95_low,family95_high,case_count,lewm_merged_source_sha256,probe_source_table_shas
pusht,1,H_POLICY,RIDGE,H0,0.14245365345850586,0.008788446520920843,0.13366520693758502,16.20919614398242,0.10995957717814599,0.16353383270680205,0.10990449352504497,0.1622523284123607,100,1ff8f0396ccdf1ab0abb679087895e71998c969a769510b17097bfa483d47281,5c49c399e5d94eabc90b300a85d2fff86947b0a1578b8663f1d4499e98dc76b7
pusht,1,H_POLICY,RIDGE,REFIT_103201,0.14245365345850586,0.0073573072347790005,0.13509634622372688,19.362199907203536,0.11194114523017197,0.1635335113822075,0.1120916259787088,0.16245105861570353,100,1ff8f0396ccdf1ab0abb679087895e71998c969a769510b17097bfa483d47281,5c49c399e5d94eabc90b300a85d2fff86947b0a1578b8663f1d4499e98dc76b7
pusht,1,H_POLICY,RIDGE,REFIT_103202,0.14245365345850586,0.006640173299238086,0.13581348015926778,21.45330355682907,0.1121812879272329,0.16501510507822967,0.11226810897174118,0.16419298929292903,100,1ff8f0396ccdf1ab0abb679087895e71998c969a769510b17097bfa483d47281,5c49c399e5d94eabc90b300a85d2fff86947b0a1578b8663f1d4499e98dc76b7
pusht,1,H_POLICY,RIDGE,REFIT_103203,0.14245365345850586,0.006670928843086585,0.1357827246154193,21.35439558857499,0.11219461373763626,0.16490322260564427,0.11235590173479174,0.16399407778025013,100,1ff8f0396ccdf1ab0abb679087895e71998c969a769510b17097bfa483d47281,5c49c399e5d94eabc90b300a85d2fff86947b0a1578b8663f1d4499e98dc76b7
pusht,1,H_POLICY,RIDGE,FIXED3_REFIT_MEAN_NOT_ENSEMBLE,0.14245365345850586,0.00688946979236789,0.13556418366613798,20.677012564350758,0.11207618867537046,0.16443665563542162,0.11230103463351418,0.16357322273778754,100,1ff8f0396ccdf1ab0abb679087895e71998c969a769510b17097bfa483d47281,5c49c399e5d94eabc90b300a85d2fff86947b0a1578b8663f1d4499e98dc76b7
pusht,1,H_POLICY,MLP_3SEED_MEAN_NOT_ENSEMBLE,H0,0.07886126156741133,0.008788446520920843,0.07007281504649049,8.973287984364765,0.05504686413557889,0.0890123695973889,0.05506068269214791,0.0892478716241409,100,1ff8f0396ccdf1ab0abb679087895e71998c969a769510b17097bfa483d47281,640ee0b8033e0f04d0794f7d261ce31dbd9718f89ce1a7bb639d1321d2f5a145;6ad2bef55fae399b7ad4d6390750fbe317d2b5afc2e11a5266e8ba1e17d8964a;b8a45f68da863f022173272de006db7fbbd6425fcdeaa7102d442bfc277ab8c1
pusht,1,H_POLICY,MLP_3SEED_MEAN_NOT_ENSEMBLE,REFIT_103201,0.07886126156741133,0.0073573072347790005,0.07150395433263233,10.718766941609198,0.057067163460790944,0.08910012444108727,0.05727931912291741,0.08885714904510557,100,1ff8f0396ccdf1ab0abb679087895e71998c969a769510b17097bfa483d47281,640ee0b8033e0f04d0794f7d261ce31dbd9718f89ce1a7bb639d1321d2f5a145;6ad2bef55fae399b7ad4d6390750fbe317d2b5afc2e11a5266e8ba1e17d8964a;b8a45f68da863f022173272de006db7fbbd6425fcdeaa7102d442bfc277ab8c1
pusht,1,H_POLICY,MLP_3SEED_MEAN_NOT_ENSEMBLE,REFIT_103202,0.07886126156741133,0.006640173299238086,0.07222108826817325,11.87638605402966,0.057274993234498354,0.09033748576232264,0.057575292383718134,0.09066009411433221,100,1ff8f0396ccdf1ab0abb679087895e71998c969a769510b17097bfa483d47281,640ee0b8033e0f04d0794f7d261ce31dbd9718f89ce1a7bb639d1321d2f5a145;6ad2bef55fae399b7ad4d6390750fbe317d2b5afc2e11a5266e8ba1e17d8964a;b8a45f68da863f022173272de006db7fbbd6425fcdeaa7102d442bfc277ab8c1
pusht,1,H_POLICY,MLP_3SEED_MEAN_NOT_ENSEMBLE,REFIT_103203,0.07886126156741133,0.006670928843086585,0.07219033272432475,11.821631353351815,0.05734377619284593,0.09024154465044072,0.057572353896392,0.09044234589544545,100,1ff8f0396ccdf1ab0abb679087895e71998c969a769510b17097bfa483d47281,640ee0b8033e0f04d0794f7d261ce31dbd9718f89ce1a7bb639d1321d2f5a145;6ad2bef55fae399b7ad4d6390750fbe317d2b5afc2e11a5266e8ba1e17d8964a;b8a45f68da863f022173272de006db7fbbd6425fcdeaa7102d442bfc277ab8c1
pusht,1,H_POLICY,MLP_3SEED_MEAN_NOT_ENSEMBLE,FIXED3_REFIT_MEAN_NOT_ENSEMBLE,0.07886126156741133,0.00688946979236789,0.07197179177504344,11.446637251356167,0.05725556334443778,0.08969200715852396,0.057502952906029504,0.09000490769346665,100,1ff8f0396ccdf1ab0abb679087895e71998c969a769510b17097bfa483d47281,640ee0b8033e0f04d0794f7d261ce31dbd9718f89ce1a7bb639d1321d2f5a145;6ad2bef55fae399b7ad4d6390750fbe317d2b5afc2e11a5266e8ba1e17d8964a;b8a45f68da863f022173272de006db7fbbd6425fcdeaa7102d442bfc277ab8c1
pusht,1,H_REAL3,RIDGE,H0,0.1177901816740632,0.008431567454244941,0.10935861421981827,13.970140464779272,0.08671134196070489,0.13741047058685216,0.08708449158838998,0.1365149911075173,100,1ff8f0396ccdf1ab0abb679087895e71998c969a769510b17097bfa483d47281,71033f9cea18a9368c7edc10bff4c6c18b00fc29e8b30f5ae3ae2d07cc3d928a
pusht,1,H_REAL3,RIDGE,REFIT_103201,0.1177901816740632,0.006658591856248677,0.11113158981781453,17.689953704479482,0.0889379099078069,0.13812719256622946,0.089174209993995,0.13755343294783498,100,1ff8f0396ccdf1ab0abb679087895e71998c969a769510b17097bfa483d47281,71033f9cea18a9368c7edc10bff4c6c18b00fc29e8b30f5ae3ae2d07cc3d928a
pusht,1,H_REAL3,RIDGE,REFIT_103202,0.1177901816740632,0.0060653452400583775,0.11172483643400483,19.420194071744135,0.08915172793329111,0.13927810410273378,0.08954303677643351,0.13836687440541154,100,1ff8f0396ccdf1ab0abb679087895e71998c969a769510b17097bfa483d47281,71033f9cea18a9368c7edc10bff4c6c18b00fc29e8b30f5ae3ae2d07cc3d928a
pusht,1,H_REAL3,RIDGE,REFIT_103203,0.1177901816740632,0.006047517550759949,0.11174266412330326,19.477443543634088,0.08919450972469349,0.13931612711174238,0.08942654463564827,0.1384165862678259,100,1ff8f0396ccdf1ab0abb679087895e71998c969a769510b17097bfa483d47281,71033f9cea18a9368c7edc10bff4c6c18b00fc29e8b30f5ae3ae2d07cc3d928a
pusht,1,H_REAL3,RIDGE,FIXED3_REFIT_MEAN_NOT_ENSEMBLE,0.1177901816740632,0.0062571515490223335,0.11153303012504086,18.824888729515855,0.08910232098918155,0.13886193428139082,0.08935052916004749,0.13807938236477016,100,1ff8f0396ccdf1ab0abb679087895e71998c969a769510b17097bfa483d47281,71033f9cea18a9368c7edc10bff4c6c18b00fc29e8b30f5ae3ae2d07cc3d928a
pusht,1,H_REAL3,MLP_3SEED_MEAN_NOT_ENSEMBLE,H0,0.0838089251688992,0.008431567454244941,0.07537735771465426,9.939898556668123,0.05864009279321181,0.09638689616751307,0.05866169502746178,0.09707629651420942,100,1ff8f0396ccdf1ab0abb679087895e71998c969a769510b17097bfa483d47281,58543750297dcb9e134197fb4229acb49edbe5e77ed4df4ffaf5714818e8ccf9;e9b02b13091ec3bac245b5317bfff9f13301c15123660a3086057ab81a6b9820;ed7a63151750f092463568d7d3231ed20d2a0b10b4c655ab1ef9ca9cd2d91654
pusht,1,H_REAL3,MLP_3SEED_MEAN_NOT_ENSEMBLE,REFIT_103201,0.0838089251688992,0.006658591856248677,0.07715033331265053,12.586583917176078,0.060827820253878596,0.09696376682950841,0.06098265830968125,0.09744871006726019,100,1ff8f0396ccdf1ab0abb679087895e71998c969a769510b17097bfa483d47281,58543750297dcb9e134197fb4229acb49edbe5e77ed4df4ffaf5714818e8ccf9;e9b02b13091ec3bac245b5317bfff9f13301c15123660a3086057ab81a6b9820;ed7a63151750f092463568d7d3231ed20d2a0b10b4c655ab1ef9ca9cd2d91654
pusht,1,H_REAL3,MLP_3SEED_MEAN_NOT_ENSEMBLE,REFIT_103202,0.0838089251688992,0.0060653452400583775,0.07774357992884083,13.817667725719199,0.06094870776089374,0.09851806943921838,0.06107636102437023,0.09908546490673326,100,1ff8f0396ccdf1ab0abb679087895e71998c969a769510b17097bfa483d47281,58543750297dcb9e134197fb4229acb49edbe5e77ed4df4ffaf5714818e8ccf9;e9b02b13091ec3bac245b5317bfff9f13301c15123660a3086057ab81a6b9820;ed7a63151750f092463568d7d3231ed20d2a0b10b4c655ab1ef9ca9cd2d91654
pusht,1,H_REAL3,MLP_3SEED_MEAN_NOT_ENSEMBLE,REFIT_103203,0.0838089251688992,0.006047517550759949,0.07776140761813925,13.858401313505496,0.06094830174844538,0.09856864595154183,0.06111479751234859,0.09910404348325348,100,1ff8f0396ccdf1ab0abb679087895e71998c969a769510b17097bfa483d47281,58543750297dcb9e134197fb4229acb49edbe5e77ed4df4ffaf5714818e8ccf9;e9b02b13091ec3bac245b5317bfff9f13301c15123660a3086057ab81a6b9820;ed7a63151750f092463568d7d3231ed20d2a0b10b4c655ab1ef9ca9cd2d91654
pusht,1,H_REAL3,MLP_3SEED_MEAN_NOT_ENSEMBLE,FIXED3_REFIT_MEAN_NOT_ENSEMBLE,0.0838089251688992,0.0062571515490223335,0.07755177361987686,13.394101854859848,0.06094350882407161,0.09796648481338828,0.0610746416769564,0.09866059268122099,100,1ff8f0396ccdf1ab0abb679087895e71998c969a769510b17097bfa483d47281,58543750297dcb9e134197fb4229acb49edbe5e77ed4df4ffaf5714818e8ccf9;e9b02b13091ec3bac245b5317bfff9f13301c15123660a3086057ab81a6b9820;ed7a63151750f092463568d7d3231ed20d2a0b10b4c655ab1ef9ca9cd2d91654
pusht,2,H_POLICY,RIDGE,H0,0.3448970987647772,0.018743416527286172,0.326153682237491,18.400972856932732,0.2910448599630035,0.3666962566174333,0.2923019338529694,0.36453995885512963,100,1ff8f0396ccdf1ab0abb679087895e71998c969a769510b17097bfa483d47281,be043e644de154045b4282806d10d8ea0e81426ba6f59c787adae91f7dd03d55
pusht,2,H_POLICY,RIDGE,REFIT_103201,0.3448970987647772,0.019346747437957675,0.32555035132681953,17.827136053272735,0.2933184390409151,0.36194668541982533,0.2944546509148497,0.35785312178945794,100,1ff8f0396ccdf1ab0abb679087895e71998c969a769510b17097bfa483d47281,be043e644de154045b4282806d10d8ea0e81426ba6f59c787adae91f7dd03d55
pusht,2,H_POLICY,RIDGE,REFIT_103202,0.3448970987647772,0.01717190461116843,0.32772519415360873,20.084964747618017,0.2943038924579451,0.36531250207233823,0.29576814848290345,0.36226483966257383,100,1ff8f0396ccdf1ab0abb679087895e71998c969a769510b17097bfa483d47281,be043e644de154045b4282806d10d8ea0e81426ba6f59c787adae91f7dd03d55
pusht,2,H_POLICY,RIDGE,REFIT_103203,0.3448970987647772,0.01691375198541209,0.3279833467793651,20.391519224252953,0.2944785922038136,0.36561334102088583,0.2958277637549272,0.36262001043221953,100,1ff8f0396ccdf1ab0abb679087895e71998c969a769510b17097bfa483d47281,be043e644de154045b4282806d10d8ea0e81426ba6f59c787adae91f7dd03d55
pusht,2,H_POLICY,RIDGE,FIXED3_REFIT_MEAN_NOT_ENSEMBLE,0.3448970987647772,0.017810801344846066,0.32708629741993106,19.364490798982523,0.2942120361421354,0.3642593807850693,0.29521907168105516,0.36065027287087975,100,1ff8f0396ccdf1ab0abb679087895e71998c969a769510b17097bfa483d47281,be043e644de154045b4282806d10d8ea0e81426ba6f59c787adae91f7dd03d55
pusht,2,H_POLICY,MLP_3SEED_MEAN_NOT_ENSEMBLE,H0,0.21750434426280357,0.018743416527286172,0.1987609277355174,11.604306181115192,0.1694691944347384,0.23214460664789655,0.17048500841896375,0.22996430797490833,100,1ff8f0396ccdf1ab0abb679087895e71998c969a769510b17097bfa483d47281,389145b77a1a476c23a52e92a60dce72db9b08d327b425b33c0dfd33a236358d;7a0f1022c0bd60086bfaf6b8202a65f9cc477872f36b03be34daab983ecef670;b046dd431799b55060b2b2ee74318aed01953f9adcf1ba3c9acbd802262c139f
pusht,2,H_POLICY,MLP_3SEED_MEAN_NOT_ENSEMBLE,REFIT_103201,0.21750434426280357,0.019346747437957675,0.1981575968248459,11.24242433826718,0.17159585383130863,0.22763977916253497,0.17249297783925,0.22533944503040854,100,1ff8f0396ccdf1ab0abb679087895e71998c969a769510b17097bfa483d47281,389145b77a1a476c23a52e92a60dce72db9b08d327b425b33c0dfd33a236358d;7a0f1022c0bd60086bfaf6b8202a65f9cc477872f36b03be34daab983ecef670;b046dd431799b55060b2b2ee74318aed01953f9adcf1ba3c9acbd802262c139f
pusht,2,H_POLICY,MLP_3SEED_MEAN_NOT_ENSEMBLE,REFIT_103202,0.21750434426280357,0.01717190461116843,0.20033243965163514,12.666291199948839,0.17241606667777526,0.2308310394242192,0.17350196925603473,0.22905044983120643,100,1ff8f0396ccdf1ab0abb679087895e71998c969a769510b17097bfa483d47281,389145b77a1a476c23a52e92a60dce72db9b08d327b425b33c0dfd33a236358d;7a0f1022c0bd60086bfaf6b8202a65f9cc477872f36b03be34daab983ecef670;b046dd431799b55060b2b2ee74318aed01953f9adcf1ba3c9acbd802262c139f
pusht,2,H_POLICY,MLP_3SEED_MEAN_NOT_ENSEMBLE,REFIT_103203,0.21750434426280357,0.01691375198541209,0.20059059227739148,12.859615326652447,0.17264816041855371,0.2314099065813546,0.1736129681251466,0.2293102203571216,100,1ff8f0396ccdf1ab0abb679087895e71998c969a769510b17097bfa483d47281,389145b77a1a476c23a52e92a60dce72db9b08d327b425b33c0dfd33a236358d;7a0f1022c0bd60086bfaf6b8202a65f9cc477872f36b03be34daab983ecef670;b046dd431799b55060b2b2ee74318aed01953f9adcf1ba3c9acbd802262c139f
pusht,2,H_POLICY,MLP_3SEED_MEAN_NOT_ENSEMBLE,FIXED3_REFIT_MEAN_NOT_ENSEMBLE,0.21750434426280357,0.017810801344846066,0.19969354291795752,12.211934772140001,0.1722244884545701,0.23009795662722898,0.1733655090703381,0.22811285137779583,100,1ff8f0396ccdf1ab0abb679087895e71998c969a769510b17097bfa483d47281,389145b77a1a476c23a52e92a60dce72db9b08d327b425b33c0dfd33a236358d;7a0f1022c0bd60086bfaf6b8202a65f9cc477872f36b03be34daab983ecef670;b046dd431799b55060b2b2ee74318aed01953f9adcf1ba3c9acbd802262c139f
pusht,2,H_REAL3,RIDGE,H0,0.3249697645753622,0.016971468781121074,0.30799829579424115,19.148004734678942,0.2718968052103882,0.3493368168206652,0.2745515208518255,0.34595265513102197,100,1ff8f0396ccdf1ab0abb679087895e71998c969a769510b17097bfa483d47281,7d6e36370e15eed1fa2b7a90b79abda0c789d93ca682488c7298732e305b6d57
pusht,2,H_REAL3,RIDGE,REFIT_103201,0.3249697645753622,0.017407510889461263,0.30756225368590095,18.668364859223107,0.27415363177983093,0.3449253542622901,0.27605380129877344,0.3422501348326991,100,1ff8f0396ccdf1ab0abb679087895e71998c969a769510b17097bfa483d47281,7d6e36370e15eed1fa2b7a90b79abda0c789d93ca682488c7298732e305b6d57
pusht,2,H_REAL3,RIDGE,REFIT_103202,0.3249697645753622,0.0152917560050264,0.3096780085703358,21.25130458977665,0.27505633210239466,0.3488428685184917,0.2769892230560871,0.3459577766879876,100,1ff8f0396ccdf1ab0abb679087895e71998c969a769510b17097bfa483d47281,7d6e36370e15eed1fa2b7a90b79abda0c789d93ca682488c7298732e305b6d57
pusht,2,H_REAL3,RIDGE,REFIT_103203,0.3249697645753622,0.014945311211049557,0.31002445336431267,21.74392757610169,0.2750851039622794,0.3497346999285801,0.2770756482007438,0.3465393365150697,100,1ff8f0396ccdf1ab0abb679087895e71998c969a769510b17097bfa483d47281,7d6e36370e15eed1fa2b7a90b79abda0c789d93ca682488c7298732e305b6d57
pusht,2,H_REAL3,RIDGE,FIXED3_REFIT_MEAN_NOT_ENSEMBLE,0.3249697645753622,0.015881526035179075,0.30908823854018314,20.46212460033901,0.2748065756821985,0.3477534245554901,0.2766567701833904,0.34499868042578824,100,1ff8f0396ccdf1ab0abb679087895e71998c969a769510b17097bfa483d47281,7d6e36370e15eed1fa2b7a90b79abda0c789d93ca682488c7298732e305b6d57
pusht,2,H_REAL3,MLP_3SEED_MEAN_NOT_ENSEMBLE,H0,0.24196112221106886,0.016971468781121074,0.22498965342994778,14.256934702093933,0.19461085201570918,0.25973688580464416,0.196309627756215,0.2563603783406192,100,1ff8f0396ccdf1ab0abb679087895e71998c969a769510b17097bfa483d47281,52caccae746101d0f8fb6789f528aeba835510303e24741d57b65ecd11180bcd;e022a4dc23f496b7bcf9a615186dae7e240703e79f132cd70fd9e51e8f1487c1;f13022497c40dbca804f42ac25ba69601fcec12d72e60c3a7ed337915b416510
pusht,2,H_REAL3,MLP_3SEED_MEAN_NOT_ENSEMBLE,REFIT_103201,0.24196112221106886,0.017407510889461263,0.22455361132160762,13.899811624277387,0.19623249367168558,0.2558357725738508,0.19848460503584694,0.25186087024324755,100,1ff8f0396ccdf1ab0abb679087895e71998c969a769510b17097bfa483d47281,52caccae746101d0f8fb6789f528aeba835510303e24741d57b65ecd11180bcd;e022a4dc23f496b7bcf9a615186dae7e240703e79f132cd70fd9e51e8f1487c1;f13022497c40dbca804f42ac25ba69601fcec12d72e60c3a7ed337915b416510
pusht,2,H_REAL3,MLP_3SEED_MEAN_NOT_ENSEMBLE,REFIT_103202,0.24196112221106886,0.0152917560050264,0.22666936620604247,15.822978219868029,0.1975046192792846,0.2601849575225593,0.1992016382393766,0.2569125783008641,100,1ff8f0396ccdf1ab0abb679087895e71998c969a769510b17097bfa483d47281,52caccae746101d0f8fb6789f528aeba835510303e24741d57b65ecd11180bcd;e022a4dc23f496b7bcf9a615186dae7e240703e79f132cd70fd9e51e8f1487c1;f13022497c40dbca804f42ac25ba69601fcec12d72e60c3a7ed337915b416510
pusht,2,H_REAL3,MLP_3SEED_MEAN_NOT_ENSEMBLE,REFIT_103203,0.24196112221106886,0.014945311211049557,0.2270158110000193,16.189768068006444,0.19751835371312335,0.2607211090086591,0.19915884556329824,0.2574585550537282,100,1ff8f0396ccdf1ab0abb679087895e71998c969a769510b17097bfa483d47281,52caccae746101d0f8fb6789f528aeba835510303e24741d57b65ecd11180bcd;e022a4dc23f496b7bcf9a615186dae7e240703e79f132cd70fd9e51e8f1487c1;f13022497c40dbca804f42ac25ba69601fcec12d72e60c3a7ed337915b416510
pusht,2,H_REAL3,MLP_3SEED_MEAN_NOT_ENSEMBLE,FIXED3_REFIT_MEAN_NOT_ENSEMBLE,0.24196112221106886,0.015881526035179075,0.2260795961758898,15.235382398083296,0.1972046360340804,0.25860949541093814,0.19895204331927333,0.25529605277049755,100,1ff8f0396ccdf1ab0abb679087895e71998c969a769510b17097bfa483d47281,52caccae746101d0f8fb6789f528aeba835510303e24741d57b65ecd11180bcd;e022a4dc23f496b7bcf9a615186dae7e240703e79f132cd70fd9e51e8f1487c1;f13022497c40dbca804f42ac25ba69601fcec12d72e60c3a7ed337915b416510
pusht,5,H_POLICY,RIDGE,H0,0.7624942879378795,0.06172028503380716,0.7007740029040724,12.354030567425683,0.6509138073212235,0.7512218135775766,0.6496946965281919,0.7532954358026583,100,1ff8f0396ccdf1ab0abb679087895e71998c969a769510b17097bfa483d47281,db1e6b09d98ced00e983fa46ad59b6e0edf489af7cb8355ffbbef1391e2d9e55
pusht,5,H_POLICY,RIDGE,REFIT_103201,0.7624942879378795,0.060060673262923955,0.7024336146749556,12.695400276316496,0.6565318758962093,0.7481070435809669,0.651782376048532,0.7522135055365446,100,1ff8f0396ccdf1ab0abb679087895e71998c969a769510b17097bfa483d47281,db1e6b09d98ced00e983fa46ad59b6e0edf489af7cb8355ffbbef1391e2d9e55
pusht,5,H_POLICY,RIDGE,REFIT_103202,0.7624942879378795,0.057478964822366835,0.7050153231155127,13.265623177005608,0.6593751644706354,0.7512440895487088,0.6550141382365304,0.7537817457467736,100,1ff8f0396ccdf1ab0abb679087895e71998c969a769510b17097bfa483d47281,db1e6b09d98ced00e983fa46ad59b6e0edf489af7cb8355ffbbef1391e2d9e55
pusht,5,H_POLICY,RIDGE,REFIT_103203,0.7624942879378795,0.059791509120259434,0.7027027788176201,12.752551309656107,0.6569332834447269,0.748569552839559,0.6521699100712685,0.75236830995587,100,1ff8f0396ccdf1ab0abb679087895e71998c969a769510b17097bfa483d47281,db1e6b09d98ced00e983fa46ad59b6e0edf489af7cb8355ffbbef1391e2d9e55
pusht,5,H_POLICY,RIDGE,FIXED3_REFIT_MEAN_NOT_ENSEMBLE,0.7624942879378795,0.059110382401850084,0.7033839055360295,12.899498479881503,0.6575432069518332,0.7490813057876852,0.6529114228088376,0.7523671026319015,100,1ff8f0396ccdf1ab0abb679087895e71998c969a769510b17097bfa483d47281,db1e6b09d98ced00e983fa46ad59b6e0edf489af7cb8355ffbbef1391e2d9e55
pusht,5,H_POLICY,MLP_3SEED_MEAN_NOT_ENSEMBLE,H0,0.7000449312229953,0.06172028503380716,0.6383246461891879,11.342218054235282,0.5813050133303816,0.6987476719099796,0.5759174260153487,0.702006304356097,100,1ff8f0396ccdf1ab0abb679087895e71998c969a769510b17097bfa483d47281,0e2fe3279886cd2b436fac914b2d3476330940351cf7f6b329b3c9da8aae0f98;c19cea0aaee51656c542f4f4bb00afd0da57085aac0e212f1e6ceba3ff3b5d2c;d7d9679b4a16bb3a1d5653488870f16f68dea296ca027c0536f91eb6c038cfb7
pusht,5,H_POLICY,MLP_3SEED_MEAN_NOT_ENSEMBLE,REFIT_103201,0.7000449312229953,0.060060673262923955,0.6399842579600711,11.655629102898184,0.5865678827033455,0.6958670982262894,0.5803293169347853,0.7001924970998087,100,1ff8f0396ccdf1ab0abb679087895e71998c969a769510b17097bfa483d47281,0e2fe3279886cd2b436fac914b2d3476330940351cf7f6b329b3c9da8aae0f98;c19cea0aaee51656c542f4f4bb00afd0da57085aac0e212f1e6ceba3ff3b5d2c;d7d9679b4a16bb3a1d5653488870f16f68dea296ca027c0536f91eb6c038cfb7
pusht,5,H_POLICY,MLP_3SEED_MEAN_NOT_ENSEMBLE,REFIT_103202,0.7000449312229953,0.057478964822366835,0.6425659664006282,12.179149944443436,0.5889373913066617,0.6983153368907515,0.5820226283008126,0.7039731006377895,100,1ff8f0396ccdf1ab0abb679087895e71998c969a769510b17097bfa483d47281,0e2fe3279886cd2b436fac914b2d3476330940351cf7f6b329b3c9da8aae0f98;c19cea0aaee51656c542f4f4bb00afd0da57085aac0e212f1e6ceba3ff3b5d2c;d7d9679b4a16bb3a1d5653488870f16f68dea296ca027c0536f91eb6c038cfb7
pusht,5,H_POLICY,MLP_3SEED_MEAN_NOT_ENSEMBLE,REFIT_103203,0.7000449312229953,0.059791509120259434,0.6402534221027356,11.70809938606811,0.5868198602818885,0.6961168757330934,0.5802890087956976,0.7019017822480887,100,1ff8f0396ccdf1ab0abb679087895e71998c969a769510b17097bfa483d47281,0e2fe3279886cd2b436fac914b2d3476330940351cf7f6b329b3c9da8aae0f98;c19cea0aaee51656c542f4f4bb00afd0da57085aac0e212f1e6ceba3ff3b5d2c;d7d9679b4a16bb3a1d5653488870f16f68dea296ca027c0536f91eb6c038cfb7
pusht,5,H_POLICY,MLP_3SEED_MEAN_NOT_ENSEMBLE,FIXED3_REFIT_MEAN_NOT_ENSEMBLE,0.7000449312229953,0.059110382401850084,0.640934548821145,11.843011375969118,0.5874493077880858,0.6967360806216603,0.581088452533522,0.7016609467872499,100,1ff8f0396ccdf1ab0abb679087895e71998c969a769510b17097bfa483d47281,0e2fe3279886cd2b436fac914b2d3476330940351cf7f6b329b3c9da8aae0f98;c19cea0aaee51656c542f4f4bb00afd0da57085aac0e212f1e6ceba3ff3b5d2c;d7d9679b4a16bb3a1d5653488870f16f68dea296ca027c0536f91eb6c038cfb7
pusht,5,H_REAL3,RIDGE,H0,0.7986713942885398,0.05831168442033231,0.7403597098682075,13.696592753716722,0.6861501007563201,0.7951643915928434,0.6886591956105573,0.7931203641635411,100,1ff8f0396ccdf1ab0abb679087895e71998c969a769510b17097bfa483d47281,b24066943d065b7cef84c702f03d3ed69404bd76cbb54d69b02a47a212c10cc5
pusht,5,H_REAL3,RIDGE,REFIT_103201,0.7986713942885398,0.05881644344655797,0.7398549508419819,13.579049454328734,0.6924720690005924,0.7888774072205414,0.6883392000961296,0.7897480003687907,100,1ff8f0396ccdf1ab0abb679087895e71998c969a769510b17097bfa483d47281,b24066943d065b7cef84c702f03d3ed69404bd76cbb54d69b02a47a212c10cc5
pusht,5,H_REAL3,RIDGE,REFIT_103202,0.7986713942885398,0.05525292263482697,0.7434184716537129,14.454826210136476,0.6960748307648755,0.7933176790275902,0.6917277463766268,0.7929766122503095,100,1ff8f0396ccdf1ab0abb679087895e71998c969a769510b17097bfa483d47281,b24066943d065b7cef84c702f03d3ed69404bd76cbb54d69b02a47a212c10cc5
pusht,5,H_REAL3,RIDGE,REFIT_103203,0.7986713942885398,0.05856171598425135,0.7401096783042885,13.638114608925083,0.6932046174542047,0.7890128889047774,0.6893597039675158,0.7900342061766862,100,1ff8f0396ccdf1ab0abb679087895e71998c969a769510b17097bfa483d47281,b24066943d065b7cef84c702f03d3ed69404bd76cbb54d69b02a47a212c10cc5
pusht,5,H_REAL3,RIDGE,FIXED3_REFIT_MEAN_NOT_ENSEMBLE,0.7986713942885398,0.05754369402187876,0.7411277002666611,13.87939039827502,0.6938526384775177,0.7903921509339609,0.6898894757020844,0.790903345661907,100,1ff8f0396ccdf1ab0abb679087895e71998c969a769510b17097bfa483d47281,b24066943d065b7cef84c702f03d3ed69404bd76cbb54d69b02a47a212c10cc5
pusht,5,H_REAL3,MLP_3SEED_MEAN_NOT_ENSEMBLE,H0,0.7715174763401349,0.05831168442033231,0.7132057919198026,13.230924196576966,0.6477474495446076,0.780317887929928,0.6482271002246476,0.7812589928694553,100,1ff8f0396ccdf1ab0abb679087895e71998c969a769510b17097bfa483d47281,47b1ba7da8c33a8dedb47f5c8711ab991e2aa94afa6145c52ac7e390ae252c43;d87918f2dff68f5489f51b36e42ecb0f927d923d5462e912760417cf12fb8a5e;dcccc2f4d23414773f03ebefa5ff7eceb67b9b72d051a518251cbaf0067581dc
pusht,5,H_REAL3,MLP_3SEED_MEAN_NOT_ENSEMBLE,REFIT_103201,0.7715174763401349,0.05881644344655797,0.7127010328935769,13.1173772355201,0.6524749184691853,0.7753261250875463,0.6469885775086817,0.7798385791809875,100,1ff8f0396ccdf1ab0abb679087895e71998c969a769510b17097bfa483d47281,47b1ba7da8c33a8dedb47f5c8711ab991e2aa94afa6145c52ac7e390ae252c43;d87918f2dff68f5489f51b36e42ecb0f927d923d5462e912760417cf12fb8a5e;dcccc2f4d23414773f03ebefa5ff7eceb67b9b72d051a518251cbaf0067581dc
pusht,5,H_REAL3,MLP_3SEED_MEAN_NOT_ENSEMBLE,REFIT_103202,0.7715174763401349,0.05525292263482697,0.716264553705308,13.963378578888653,0.6566719294003753,0.7773731480299513,0.6497820546263068,0.7841869135102211,100,1ff8f0396ccdf1ab0abb679087895e71998c969a769510b17097bfa483d47281,47b1ba7da8c33a8dedb47f5c8711ab991e2aa94afa6145c52ac7e390ae252c43;d87918f2dff68f5489f51b36e42ecb0f927d923d5462e912760417cf12fb8a5e;dcccc2f4d23414773f03ebefa5ff7eceb67b9b72d051a518251cbaf0067581dc
pusht,5,H_REAL3,MLP_3SEED_MEAN_NOT_ENSEMBLE,REFIT_103203,0.7715174763401349,0.05856171598425135,0.7129557603558836,13.174434242118426,0.652771778453646,0.7752566297493759,0.6472596245289892,0.779962706589478,100,1ff8f0396ccdf1ab0abb679087895e71998c969a769510b17097bfa483d47281,47b1ba7da8c33a8dedb47f5c8711ab991e2aa94afa6145c52ac7e390ae252c43;d87918f2dff68f5489f51b36e42ecb0f927d923d5462e912760417cf12fb8a5e;dcccc2f4d23414773f03ebefa5ff7eceb67b9b72d051a518251cbaf0067581dc
pusht,5,H_REAL3,MLP_3SEED_MEAN_NOT_ENSEMBLE,FIXED3_REFIT_MEAN_NOT_ENSEMBLE,0.7715174763401349,0.05754369402187876,0.7139737823182563,13.407506929374316,0.6541140522523784,0.7759148799194275,0.648340071433193,0.7807863634195664,100,1ff8f0396ccdf1ab0abb679087895e71998c969a769510b17097bfa483d47281,47b1ba7da8c33a8dedb47f5c8711ab991e2aa94afa6145c52ac7e390ae252c43;d87918f2dff68f5489f51b36e42ecb0f927d923d5462e912760417cf12fb8a5e;dcccc2f4d23414773f03ebefa5ff7eceb67b9b72d051a518251cbaf0067581dc
reacher,1,H_POLICY,RIDGE,H0,0.4262620403617621,0.07098522661719471,0.3552768137445673,6.004940192140048,0.30855495576572134,0.40438245761173314,,,100,1ff8f0396ccdf1ab0abb679087895e71998c969a769510b17097bfa483d47281,8419a7570a6a2add15990537d34b7568c565215c8904f869ff4dc712b63b9d2d
reacher,1,H_POLICY,RIDGE,REFIT_103201,0.4262620403617621,0.06508420951198786,0.3611778308497742,6.549392603182019,0.31483542055130237,0.4101348724165,,,100,1ff8f0396ccdf1ab0abb679087895e71998c969a769510b17097bfa483d47281,8419a7570a6a2add15990537d34b7568c565215c8904f869ff4dc712b63b9d2d
reacher,1,H_POLICY,RIDGE,REFIT_103202,0.4262620403617621,0.06546967102913186,0.3607923693326302,6.510832171007694,0.31439489636197687,0.4095977075459668,,,100,1ff8f0396ccdf1ab0abb679087895e71998c969a769510b17097bfa483d47281,8419a7570a6a2add15990537d34b7568c565215c8904f869ff4dc712b63b9d2d
reacher,1,H_POLICY,RIDGE,REFIT_103203,0.4262620403617621,0.06588760346639902,0.360374436895363,6.469533234414039,0.31367223627655766,0.409130291963811,,,100,1ff8f0396ccdf1ab0abb679087895e71998c969a769510b17097bfa483d47281,8419a7570a6a2add15990537d34b7568c565215c8904f869ff4dc712b63b9d2d
reacher,1,H_POLICY,RIDGE,FIXED3_REFIT_MEAN_NOT_ENSEMBLE,0.4262620403617621,0.06548049466917291,0.36078154569258913,6.509755958860202,0.3141542409640582,0.40971106600266644,,,100,1ff8f0396ccdf1ab0abb679087895e71998c969a769510b17097bfa483d47281,8419a7570a6a2add15990537d34b7568c565215c8904f869ff4dc712b63b9d2d
reacher,1,H_POLICY,MLP_3SEED_MEAN_NOT_ENSEMBLE,H0,0.12253096108635267,0.07098522661719471,0.05154573446915795,1.7261473538308332,0.03770097096671816,0.06679329266158553,,,100,1ff8f0396ccdf1ab0abb679087895e71998c969a769510b17097bfa483d47281,7ca338fc3338abdd92638be714e8d07f9cb85bc6335f5d3e0ac77fbcc0c5fead;c35e789549f0cb231d57496b282ee5ab9423b2c7ff6b736e91e6d55f8e389623;df44e8b94db1e74c09211f46c8502de4d2c39cb18f019b62a7823c0bfc242e42
reacher,1,H_POLICY,MLP_3SEED_MEAN_NOT_ENSEMBLE,REFIT_103201,0.12253096108635267,0.06508420951198786,0.057446751574364796,1.8826526742063863,0.04408493780525168,0.07235606120517088,,,100,1ff8f0396ccdf1ab0abb679087895e71998c969a769510b17097bfa483d47281,7ca338fc3338abdd92638be714e8d07f9cb85bc6335f5d3e0ac77fbcc0c5fead;c35e789549f0cb231d57496b282ee5ab9423b2c7ff6b736e91e6d55f8e389623;df44e8b94db1e74c09211f46c8502de4d2c39cb18f019b62a7823c0bfc242e42
reacher,1,H_POLICY,MLP_3SEED_MEAN_NOT_ENSEMBLE,REFIT_103202,0.12253096108635267,0.06546967102913186,0.057061290057220805,1.8715683027005041,0.043981525612781604,0.07184534865949534,,,100,1ff8f0396ccdf1ab0abb679087895e71998c969a769510b17097bfa483d47281,7ca338fc3338abdd92638be714e8d07f9cb85bc6335f5d3e0ac77fbcc0c5fead;c35e789549f0cb231d57496b282ee5ab9423b2c7ff6b736e91e6d55f8e389623;df44e8b94db1e74c09211f46c8502de4d2c39cb18f019b62a7823c0bfc242e42
reacher,1,H_POLICY,MLP_3SEED_MEAN_NOT_ENSEMBLE,REFIT_103203,0.12253096108635267,0.06588760346639902,0.05664335761995365,1.8596967356513476,0.04350782165664714,0.07154664799699093,,,100,1ff8f0396ccdf1ab0abb679087895e71998c969a769510b17097bfa483d47281,7ca338fc3338abdd92638be714e8d07f9cb85bc6335f5d3e0ac77fbcc0c5fead;c35e789549f0cb231d57496b282ee5ab9423b2c7ff6b736e91e6d55f8e389623;df44e8b94db1e74c09211f46c8502de4d2c39cb18f019b62a7823c0bfc242e42
reacher,1,H_POLICY,MLP_3SEED_MEAN_NOT_ENSEMBLE,FIXED3_REFIT_MEAN_NOT_ENSEMBLE,0.12253096108635267,0.06548049466917291,0.05705046641717976,1.8712589406267595,0.043888907731821136,0.07186466853070306,,,100,1ff8f0396ccdf1ab0abb679087895e71998c969a769510b17097bfa483d47281,7ca338fc3338abdd92638be714e8d07f9cb85bc6335f5d3e0ac77fbcc0c5fead;c35e789549f0cb231d57496b282ee5ab9423b2c7ff6b736e91e6d55f8e389623;df44e8b94db1e74c09211f46c8502de4d2c39cb18f019b62a7823c0bfc242e42
reacher,1,H_REAL3,RIDGE,H0,0.4178936105966568,0.006784568335860968,0.4111090422607958,61.59472348267323,0.3636096400384558,0.46121858615160455,,,100,1ff8f0396ccdf1ab0abb679087895e71998c969a769510b17097bfa483d47281,eb9dc7f2d13b59e575e65c5025738bcde01255cc73f3fa651ffff7ec92ac1146
reacher,1,H_REAL3,RIDGE,REFIT_103201,0.4178936105966568,0.0009278431780694518,0.4169657674185874,450.3925021749486,0.3690898822216222,0.4671210086138017,,,100,1ff8f0396ccdf1ab0abb679087895e71998c969a769510b17097bfa483d47281,eb9dc7f2d13b59e575e65c5025738bcde01255cc73f3fa651ffff7ec92ac1146
reacher,1,H_REAL3,RIDGE,REFIT_103202,0.4178936105966568,0.0009290837292792275,0.41696452686737756,449.7911193868973,0.36904439694324537,0.46713350944685955,,,100,1ff8f0396ccdf1ab0abb679087895e71998c969a769510b17097bfa483d47281,eb9dc7f2d13b59e575e65c5025738bcde01255cc73f3fa651ffff7ec92ac1146
reacher,1,H_REAL3,RIDGE,REFIT_103203,0.4178936105966568,0.0009385532443411649,0.41695505735231564,445.2529604647045,0.36905367818591917,0.4671187700700757,,,100,1ff8f0396ccdf1ab0abb679087895e71998c969a769510b17097bfa483d47281,eb9dc7f2d13b59e575e65c5025738bcde01255cc73f3fa651ffff7ec92ac1146
reacher,1,H_REAL3,RIDGE,FIXED3_REFIT_MEAN_NOT_ENSEMBLE,0.4178936105966568,0.0009318267172299479,0.4169617838794268,448.467083921927,0.36907254028048186,0.4671294726453755,,,100,1ff8f0396ccdf1ab0abb679087895e71998c969a769510b17097bfa483d47281,eb9dc7f2d13b59e575e65c5025738bcde01255cc73f3fa651ffff7ec92ac1146
reacher,1,H_REAL3,MLP_3SEED_MEAN_NOT_ENSEMBLE,H0,0.11127262604112424,0.006784568335860968,0.10448805770526327,16.400840927929668,0.08822728537678874,0.12264272457262268,,,100,1ff8f0396ccdf1ab0abb679087895e71998c969a769510b17097bfa483d47281,57e732ddc427c32ec1edf0828050c06ed44070e16e9b4438b4f2b36384baa488;ccd232483df797c39b2ca3151c0f4e013626ee37e90895522f4ef666c0a6d5a5;f3e21c8d371fcf179229824ae6241e9184b139f654c3a571c3bd4baee994647f
reacher,1,H_REAL3,MLP_3SEED_MEAN_NOT_ENSEMBLE,REFIT_103201,0.11127262604112424,0.0009278431780694518,0.11034478286305478,119.92611323892835,0.09388160115424278,0.1286624227724266,,,100,1ff8f0396ccdf1ab0abb679087895e71998c969a769510b17097bfa483d47281,57e732ddc427c32ec1edf0828050c06ed44070e16e9b4438b4f2b36384baa488;ccd232483df797c39b2ca3151c0f4e013626ee37e90895522f4ef666c0a6d5a5;f3e21c8d371fcf179229824ae6241e9184b139f654c3a571c3bd4baee994647f
reacher,1,H_REAL3,MLP_3SEED_MEAN_NOT_ENSEMBLE,REFIT_103202,0.11127262604112424,0.0009290837292792275,0.11034354231184501,119.76598290818015,0.09392392416040336,0.1286937394822768,,,100,1ff8f0396ccdf1ab0abb679087895e71998c969a769510b17097bfa483d47281,57e732ddc427c32ec1edf0828050c06ed44070e16e9b4438b4f2b36384baa488;ccd232483df797c39b2ca3151c0f4e013626ee37e90895522f4ef666c0a6d5a5;f3e21c8d371fcf179229824ae6241e9184b139f654c3a571c3bd4baee994647f
reacher,1,H_REAL3,MLP_3SEED_MEAN_NOT_ENSEMBLE,REFIT_103203,0.11127262604112424,0.0009385532443411649,0.11033407279678308,118.55760630739086,0.09391063740428825,0.1286650273871043,,,100,1ff8f0396ccdf1ab0abb679087895e71998c969a769510b17097bfa483d47281,57e732ddc427c32ec1edf0828050c06ed44070e16e9b4438b4f2b36384baa488;ccd232483df797c39b2ca3151c0f4e013626ee37e90895522f4ef666c0a6d5a5;f3e21c8d371fcf179229824ae6241e9184b139f654c3a571c3bd4baee994647f
reacher,1,H_REAL3,MLP_3SEED_MEAN_NOT_ENSEMBLE,FIXED3_REFIT_MEAN_NOT_ENSEMBLE,0.11127262604112424,0.0009318267172299479,0.11034079932389433,119.41343168599595,0.09390538757297812,0.12867003453813716,,,100,1ff8f0396ccdf1ab0abb679087895e71998c969a769510b17097bfa483d47281,57e732ddc427c32ec1edf0828050c06ed44070e16e9b4438b4f2b36384baa488;ccd232483df797c39b2ca3151c0f4e013626ee37e90895522f4ef666c0a6d5a5;f3e21c8d371fcf179229824ae6241e9184b139f654c3a571c3bd4baee994647f
reacher,2,H_POLICY,RIDGE,H0,0.6753485211730004,0.09794826551806182,0.5774002556549385,6.894951305171045,0.521006450360408,0.6323211140059866,,,100,1ff8f0396ccdf1ab0abb679087895e71998c969a769510b17097bfa483d47281,d6f07a6f2c370568932ef6bf2a4277cf0f58e0f55fcf9ba63aed99d0ce6744fe
reacher,2,H_POLICY,RIDGE,REFIT_103201,0.6753485211730004,0.08858161731273867,0.5867669038602616,7.624025634897507,0.5295324707378458,0.6422075076145701,,,100,1ff8f0396ccdf1ab0abb679087895e71998c969a769510b17097bfa483d47281,d6f07a6f2c370568932ef6bf2a4277cf0f58e0f55fcf9ba63aed99d0ce6744fe
reacher,2,H_POLICY,RIDGE,REFIT_103202,0.6753485211730004,0.08840253695612774,0.5869459842168726,7.639469911459229,0.5305041579491226,0.6415853369984543,,,100,1ff8f0396ccdf1ab0abb679087895e71998c969a769510b17097bfa483d47281,d6f07a6f2c370568932ef6bf2a4277cf0f58e0f55fcf9ba63aed99d0ce6744fe
reacher,2,H_POLICY,RIDGE,REFIT_103203,0.6753485211730004,0.08957573263207451,0.5857727885409258,7.539413871689366,0.5296521793053834,0.6405806100293412,,,100,1ff8f0396ccdf1ab0abb679087895e71998c969a769510b17097bfa483d47281,d6f07a6f2c370568932ef6bf2a4277cf0f58e0f55fcf9ba63aed99d0ce6744fe
reacher,2,H_POLICY,RIDGE,FIXED3_REFIT_MEAN_NOT_ENSEMBLE,0.6753485211730004,0.08885329563364698,0.5864952255393533,7.6007143725714466,0.5294847121574567,0.6413904841153222,,,100,1ff8f0396ccdf1ab0abb679087895e71998c969a769510b17097bfa483d47281,d6f07a6f2c370568932ef6bf2a4277cf0f58e0f55fcf9ba63aed99d0ce6744fe
reacher,2,H_POLICY,MLP_3SEED_MEAN_NOT_ENSEMBLE,H0,0.2771511259054144,0.09794826551806182,0.17920286038735264,2.8295664495897306,0.1469543220490838,0.21286142682237552,,,100,1ff8f0396ccdf1ab0abb679087895e71998c969a769510b17097bfa483d47281,bec8311a057e5cb33e84f69fed10a7aabac515742db032dc5aad320cbe7a882a;bfcccd2baaa1043a01b4919b9053a17f53107be682d031277d0372df1f694485;d74f20e08a973ce5d749280611b309804b2cfbf9f4053afed2cb6f3e0df2ccaa
reacher,2,H_POLICY,MLP_3SEED_MEAN_NOT_ENSEMBLE,REFIT_103201,0.2771511259054144,0.08858161731273867,0.18856950859267577,3.128765700076669,0.15712262566260568,0.22169057687552413,,,100,1ff8f0396ccdf1ab0abb679087895e71998c969a769510b17097bfa483d47281,bec8311a057e5cb33e84f69fed10a7aabac515742db032dc5aad320cbe7a882a;bfcccd2baaa1043a01b4919b9053a17f53107be682d031277d0372df1f694485;d74f20e08a973ce5d749280611b309804b2cfbf9f4053afed2cb6f3e0df2ccaa
reacher,2,H_POLICY,MLP_3SEED_MEAN_NOT_ENSEMBLE,REFIT_103202,0.2771511259054144,0.08840253695612774,0.1887485889492867,3.1351037588769484,0.15826276144808318,0.22115278522470422,,,100,1ff8f0396ccdf1ab0abb679087895e71998c969a769510b17097bfa483d47281,bec8311a057e5cb33e84f69fed10a7aabac515742db032dc5aad320cbe7a882a;bfcccd2baaa1043a01b4919b9053a17f53107be682d031277d0372df1f694485;d74f20e08a973ce5d749280611b309804b2cfbf9f4053afed2cb6f3e0df2ccaa
reacher,2,H_POLICY,MLP_3SEED_MEAN_NOT_ENSEMBLE,REFIT_103203,0.2771511259054144,0.08957573263207451,0.18757539327333994,3.094042524260354,0.15692110436423293,0.219744837377298,,,100,1ff8f0396ccdf1ab0abb679087895e71998c969a769510b17097bfa483d47281,bec8311a057e5cb33e84f69fed10a7aabac515742db032dc5aad320cbe7a882a;bfcccd2baaa1043a01b4919b9053a17f53107be682d031277d0372df1f694485;d74f20e08a973ce5d749280611b309804b2cfbf9f4053afed2cb6f3e0df2ccaa
reacher,2,H_POLICY,MLP_3SEED_MEAN_NOT_ENSEMBLE,FIXED3_REFIT_MEAN_NOT_ENSEMBLE,0.2771511259054144,0.08885329563364698,0.1882978302717674,3.1191991690228624,0.15745563465995172,0.22080787341217117,,,100,1ff8f0396ccdf1ab0abb679087895e71998c969a769510b17097bfa483d47281,bec8311a057e5cb33e84f69fed10a7aabac515742db032dc5aad320cbe7a882a;bfcccd2baaa1043a01b4919b9053a17f53107be682d031277d0372df1f694485;d74f20e08a973ce5d749280611b309804b2cfbf9f4053afed2cb6f3e0df2ccaa
reacher,2,H_REAL3,RIDGE,H0,0.6671881249547005,0.01108217476401478,0.6561059501906857,60.20371805732071,0.6003782486155396,0.7116606633029878,,,100,1ff8f0396ccdf1ab0abb679087895e71998c969a769510b17097bfa483d47281,f45d3a8bb4626cb4aecc51f77f2d64c4104f7ecb043e58e0d25f614e1841c547
reacher,2,H_REAL3,RIDGE,REFIT_103201,0.6671881249547005,0.0012027151112852152,0.6659854098434153,554.7349648261645,0.6102940311112034,0.7219387834110057,,,100,1ff8f0396ccdf1ab0abb679087895e71998c969a769510b17097bfa483d47281,f45d3a8bb4626cb4aecc51f77f2d64c4104f7ecb043e58e0d25f614e1841c547
reacher,2,H_REAL3,RIDGE,REFIT_103202,0.6671881249547005,0.0012813396721321625,0.6659067852825683,520.6957526293496,0.6102054825792257,0.7218385915785148,,,100,1ff8f0396ccdf1ab0abb679087895e71998c969a769510b17097bfa483d47281,f45d3a8bb4626cb4aecc51f77f2d64c4104f7ecb043e58e0d25f614e1841c547
reacher,2,H_REAL3,RIDGE,REFIT_103203,0.6671881249547005,0.0011367981178045739,0.6660513268368959,586.9011520209046,0.6103024116896631,0.7220587325337001,,,100,1ff8f0396ccdf1ab0abb679087895e71998c969a769510b17097bfa483d47281,f45d3a8bb4626cb4aecc51f77f2d64c4104f7ecb043e58e0d25f614e1841c547
reacher,2,H_REAL3,RIDGE,FIXED3_REFIT_MEAN_NOT_ENSEMBLE,0.6671881249547005,0.0012069509670739839,0.6659811739876266,552.7880942605045,0.610273632409781,0.7219524590052618,,,100,1ff8f0396ccdf1ab0abb679087895e71998c969a769510b17097bfa483d47281,f45d3a8bb4626cb4aecc51f77f2d64c4104f7ecb043e58e0d25f614e1841c547
reacher,2,H_REAL3,MLP_3SEED_MEAN_NOT_ENSEMBLE,H0,0.2628946509833137,0.01108217476401478,0.251812476219299,23.722297886599463,0.2193490420344751,0.2867928186264665,,,100,1ff8f0396ccdf1ab0abb679087895e71998c969a769510b17097bfa483d47281,670407a3e674e8a83c0ad19923a0e8459d4133898e8a16d6af20342ccfd8b5a9;84dd33b9696d3e801760cca6168736bb94223c6f9f9335679102a9c5e7aa6541;b6d763b2e19199d530f9da6f80376b940b205a3c297c708d2e9929453d57505d
reacher,2,H_REAL3,MLP_3SEED_MEAN_NOT_ENSEMBLE,REFIT_103201,0.2628946509833137,0.0012027151112852152,0.2616919358720285,218.58430855033146,0.22875753017785488,0.2969935160457183,,,100,1ff8f0396ccdf1ab0abb679087895e71998c969a769510b17097bfa483d47281,670407a3e674e8a83c0ad19923a0e8459d4133898e8a16d6af20342ccfd8b5a9;84dd33b9696d3e801760cca6168736bb94223c6f9f9335679102a9c5e7aa6541;b6d763b2e19199d530f9da6f80376b940b205a3c297c708d2e9929453d57505d
reacher,2,H_REAL3,MLP_3SEED_MEAN_NOT_ENSEMBLE,REFIT_103202,0.2628946509833137,0.0012813396721321625,0.2616133113111816,205.17170950139575,0.22864805900135496,0.2969559771330447,,,100,1ff8f0396ccdf1ab0abb679087895e71998c969a769510b17097bfa483d47281,670407a3e674e8a83c0ad19923a0e8459d4133898e8a16d6af20342ccfd8b5a9;84dd33b9696d3e801760cca6168736bb94223c6f9f9335679102a9c5e7aa6541;b6d763b2e19199d530f9da6f80376b940b205a3c297c708d2e9929453d57505d
reacher,2,H_REAL3,MLP_3SEED_MEAN_NOT_ENSEMBLE,REFIT_103203,0.2628946509833137,0.0011367981178045739,0.2617578528655092,231.2588724997412,0.22881419296040864,0.29707739645675724,,,100,1ff8f0396ccdf1ab0abb679087895e71998c969a769510b17097bfa483d47281,670407a3e674e8a83c0ad19923a0e8459d4133898e8a16d6af20342ccfd8b5a9;84dd33b9696d3e801760cca6168736bb94223c6f9f9335679102a9c5e7aa6541;b6d763b2e19199d530f9da6f80376b940b205a3c297c708d2e9929453d57505d
reacher,2,H_REAL3,MLP_3SEED_MEAN_NOT_ENSEMBLE,FIXED3_REFIT_MEAN_NOT_ENSEMBLE,0.2628946509833137,0.0012069509670739839,0.2616877000162397,217.81717580512014,0.2287522704873833,0.2970302090873823,,,100,1ff8f0396ccdf1ab0abb679087895e71998c969a769510b17097bfa483d47281,670407a3e674e8a83c0ad19923a0e8459d4133898e8a16d6af20342ccfd8b5a9;84dd33b9696d3e801760cca6168736bb94223c6f9f9335679102a9c5e7aa6541;b6d763b2e19199d530f9da6f80376b940b205a3c297c708d2e9929453d57505d
reacher,5,H_POLICY,RIDGE,H0,0.8571788042783737,0.11806012281682342,0.7391186814615502,7.260527804196276,0.6970327286734246,0.7784727537027792,,,100,1ff8f0396ccdf1ab0abb679087895e71998c969a769510b17097bfa483d47281,7ca3a194b09494c7e0adda12870490733bc2d9426dd46555da370773eb9291a2
reacher,5,H_POLICY,RIDGE,REFIT_103201,0.8571788042783737,0.1024842522724066,0.7546945520059671,8.364005057088805,0.7136303808637312,0.793097547861369,,,100,1ff8f0396ccdf1ab0abb679087895e71998c969a769510b17097bfa483d47281,7ca3a194b09494c7e0adda12870490733bc2d9426dd46555da370773eb9291a2
reacher,5,H_POLICY,RIDGE,REFIT_103202,0.8571788042783737,0.10302555574802681,0.7541532485303469,8.320059989531197,0.7124843675952871,0.7925453143425985,,,100,1ff8f0396ccdf1ab0abb679087895e71998c969a769510b17097bfa483d47281,7ca3a194b09494c7e0adda12870490733bc2d9426dd46555da370773eb9291a2
reacher,5,H_POLICY,RIDGE,REFIT_103203,0.8571788042783737,0.10343735985225067,0.753741444426123,8.286936224037069,0.7125152183518512,0.7923282911285642,,,100,1ff8f0396ccdf1ab0abb679087895e71998c969a769510b17097bfa483d47281,7ca3a194b09494c7e0adda12870490733bc2d9426dd46555da370773eb9291a2
reacher,5,H_POLICY,RIDGE,FIXED3_REFIT_MEAN_NOT_ENSEMBLE,0.8571788042783737,0.10298238929089472,0.754196414987479,8.323547454867237,0.7128728477472325,0.7925752383213549,,,100,1ff8f0396ccdf1ab0abb679087895e71998c969a769510b17097bfa483d47281,7ca3a194b09494c7e0adda12870490733bc2d9426dd46555da370773eb9291a2
reacher,5,H_POLICY,MLP_3SEED_MEAN_NOT_ENSEMBLE,H0,0.5783597341179847,0.11806012281682342,0.46029961130116126,4.898857635573874,0.41438342775660564,0.5073513361586955,,,100,1ff8f0396ccdf1ab0abb679087895e71998c969a769510b17097bfa483d47281,240ea52e25419b33e85b2fe64647209752b4c7a7c52e59768e44e77ce3bd2c4e;9bebbd5d12a10af7d2e2589cae43b817f2b1aa7f858bd550f1d0a898095614c4;f63e3d4a518463c22b8a11a391c7f912ccb2e285c76c6a77a3252a1b4634c52d
reacher,5,H_POLICY,MLP_3SEED_MEAN_NOT_ENSEMBLE,REFIT_103201,0.5783597341179847,0.1024842522724066,0.4758754818455781,5.643401023024348,0.4286077449658382,0.5229885295532974,,,100,1ff8f0396ccdf1ab0abb679087895e71998c969a769510b17097bfa483d47281,240ea52e25419b33e85b2fe64647209752b4c7a7c52e59768e44e77ce3bd2c4e;9bebbd5d12a10af7d2e2589cae43b817f2b1aa7f858bd550f1d0a898095614c4;f63e3d4a518463c22b8a11a391c7f912ccb2e285c76c6a77a3252a1b4634c52d
reacher,5,H_POLICY,MLP_3SEED_MEAN_NOT_ENSEMBLE,REFIT_103202,0.5783597341179847,0.10302555574802681,0.4753341783699579,5.613750199343736,0.42763752515233744,0.5230074724010774,,,100,1ff8f0396ccdf1ab0abb679087895e71998c969a769510b17097bfa483d47281,240ea52e25419b33e85b2fe64647209752b4c7a7c52e59768e44e77ce3bd2c4e;9bebbd5d12a10af7d2e2589cae43b817f2b1aa7f858bd550f1d0a898095614c4;f63e3d4a518463c22b8a11a391c7f912ccb2e285c76c6a77a3252a1b4634c52d
reacher,5,H_POLICY,MLP_3SEED_MEAN_NOT_ENSEMBLE,REFIT_103203,0.5783597341179847,0.10343735985225067,0.474922374265734,5.591400775736257,0.4274618717101791,0.5220063471261721,,,100,1ff8f0396ccdf1ab0abb679087895e71998c969a769510b17097bfa483d47281,240ea52e25419b33e85b2fe64647209752b4c7a7c52e59768e44e77ce3bd2c4e;9bebbd5d12a10af7d2e2589cae43b817f2b1aa7f858bd550f1d0a898095614c4;f63e3d4a518463c22b8a11a391c7f912ccb2e285c76c6a77a3252a1b4634c52d
reacher,5,H_POLICY,MLP_3SEED_MEAN_NOT_ENSEMBLE,FIXED3_REFIT_MEAN_NOT_ENSEMBLE,0.5783597341179847,0.10298238929089472,0.47537734482709004,5.616103278438121,0.4280017582624763,0.522540209582774,,,100,1ff8f0396ccdf1ab0abb679087895e71998c969a769510b17097bfa483d47281,240ea52e25419b33e85b2fe64647209752b4c7a7c52e59768e44e77ce3bd2c4e;9bebbd5d12a10af7d2e2589cae43b817f2b1aa7f858bd550f1d0a898095614c4;f63e3d4a518463c22b8a11a391c7f912ccb2e285c76c6a77a3252a1b4634c52d
reacher,5,H_REAL3,RIDGE,H0,0.8558794331550598,0.01976001632399857,0.8361194168310613,43.3137007136777,0.8035663864837261,0.8682996046447661,,,100,1ff8f0396ccdf1ab0abb679087895e71998c969a769510b17097bfa483d47281,f1c1b68e904531594613c292cf9dddc3e8efdc234b29ff0113ee3a7b3607174f
reacher,5,H_REAL3,RIDGE,REFIT_103201,0.8558794331550598,0.0019027620230917819,0.8539766711319681,449.80897388541973,0.8212650438302662,0.8863566850174901,,,100,1ff8f0396ccdf1ab0abb679087895e71998c969a769510b17097bfa483d47281,f1c1b68e904531594613c292cf9dddc3e8efdc234b29ff0113ee3a7b3607174f
reacher,5,H_REAL3,RIDGE,REFIT_103202,0.8558794331550598,0.0022497243169345895,0.8536297088381253,380.4374725883111,0.8208943072812835,0.8861469746534422,,,100,1ff8f0396ccdf1ab0abb679087895e71998c969a769510b17097bfa483d47281,f1c1b68e904531594613c292cf9dddc3e8efdc234b29ff0113ee3a7b3607174f
reacher,5,H_REAL3,RIDGE,REFIT_103203,0.8558794331550598,0.0019322885687870438,0.8539471445862727,442.9356189237932,0.8211891123083187,0.886404960570013,,,100,1ff8f0396ccdf1ab0abb679087895e71998c969a769510b17097bfa483d47281,f1c1b68e904531594613c292cf9dddc3e8efdc234b29ff0113ee3a7b3607174f
reacher,5,H_REAL3,RIDGE,FIXED3_REFIT_MEAN_NOT_ENSEMBLE,0.8558794331550598,0.0020282583029378053,0.853851174852122,421.9775321098757,0.8211119495533447,0.8863064894006941,,,100,1ff8f0396ccdf1ab0abb679087895e71998c969a769510b17097bfa483d47281,f1c1b68e904531594613c292cf9dddc3e8efdc234b29ff0113ee3a7b3607174f
reacher,5,H_REAL3,MLP_3SEED_MEAN_NOT_ENSEMBLE,H0,0.5741841207444668,0.01976001632399857,0.5544241044204682,29.057876842293865,0.5153640784538197,0.5956820236188357,,,100,1ff8f0396ccdf1ab0abb679087895e71998c969a769510b17097bfa483d47281,14335137ca29e67f11a45739aba1c1a44fffc8875737ebbbd014bee4e3b279dc;c5b7bf0f1a8fc9601280bb3528498e254bedb5e53bc4b22850212471111acc9d;edb45a2aaea24e0a74f53244a2e3e723a881a2acde019261bde8b015e35a0668
reacher,5,H_REAL3,MLP_3SEED_MEAN_NOT_ENSEMBLE,REFIT_103201,0.5741841207444668,0.0019027620230917819,0.572281358721375,301.7634963154666,0.5326199522277774,0.6141912988963789,,,100,1ff8f0396ccdf1ab0abb679087895e71998c969a769510b17097bfa483d47281,14335137ca29e67f11a45739aba1c1a44fffc8875737ebbbd014bee4e3b279dc;c5b7bf0f1a8fc9601280bb3528498e254bedb5e53bc4b22850212471111acc9d;edb45a2aaea24e0a74f53244a2e3e723a881a2acde019261bde8b015e35a0668
reacher,5,H_REAL3,MLP_3SEED_MEAN_NOT_ENSEMBLE,REFIT_103202,0.5741841207444668,0.0022497243169345895,0.5719343964275322,255.2242141058571,0.5322227145222449,0.6138499327464353,,,100,1ff8f0396ccdf1ab0abb679087895e71998c969a769510b17097bfa483d47281,14335137ca29e67f11a45739aba1c1a44fffc8875737ebbbd014bee4e3b279dc;c5b7bf0f1a8fc9601280bb3528498e254bedb5e53bc4b22850212471111acc9d;edb45a2aaea24e0a74f53244a2e3e723a881a2acde019261bde8b015e35a0668
reacher,5,H_REAL3,MLP_3SEED_MEAN_NOT_ENSEMBLE,REFIT_103203,0.5741841207444668,0.0019322885687870438,0.5722518321756798,297.1523663801932,0.5325659208410229,0.6142737936050628,,,100,1ff8f0396ccdf1ab0abb679087895e71998c969a769510b17097bfa483d47281,14335137ca29e67f11a45739aba1c1a44fffc8875737ebbbd014bee4e3b279dc;c5b7bf0f1a8fc9601280bb3528498e254bedb5e53bc4b22850212471111acc9d;edb45a2aaea24e0a74f53244a2e3e723a881a2acde019261bde8b015e35a0668
reacher,5,H_REAL3,MLP_3SEED_MEAN_NOT_ENSEMBLE,FIXED3_REFIT_MEAN_NOT_ENSEMBLE,0.5741841207444668,0.0020282583029378053,0.5721558624415288,283.09220769011375,0.5324022651608429,0.6141043415934643,,,100,1ff8f0396ccdf1ab0abb679087895e71998c969a769510b17097bfa483d47281,14335137ca29e67f11a45739aba1c1a44fffc8875737ebbbd014bee4e3b279dc;c5b7bf0f1a8fc9601280bb3528498e254bedb5e53bc4b22850212471111acc9d;edb45a2aaea24e0a74f53244a2e3e723a881a2acde019261bde8b015e35a0668
tworoom,1,H_POLICY,RIDGE,H0,0.8473815160989762,0.0649427155405283,0.7824388005584478,13.048138025120883,0.7416741551226005,0.8229084873697721,,,100,1ff8f0396ccdf1ab0abb679087895e71998c969a769510b17097bfa483d47281,d6aa5b17e28075b724bcfa56d7045c7e304c0932a7d4740f1993389520d9b589
tworoom,1,H_POLICY,RIDGE,REFIT_103201,0.8473815160989762,0.001386264284956269,0.8459952518140199,611.2698172309241,0.8028239875364525,0.8888950451890051,,,100,1ff8f0396ccdf1ab0abb679087895e71998c969a769510b17097bfa483d47281,d6aa5b17e28075b724bcfa56d7045c7e304c0932a7d4740f1993389520d9b589
tworoom,1,H_POLICY,RIDGE,REFIT_103202,0.8473815160989762,0.0013326792942825706,0.8460488368046936,635.8480391602034,0.8028749628602746,0.8890060178791246,,,100,1ff8f0396ccdf1ab0abb679087895e71998c969a769510b17097bfa483d47281,d6aa5b17e28075b724bcfa56d7045c7e304c0932a7d4740f1993389520d9b589
tworoom,1,H_POLICY,RIDGE,REFIT_103203,0.8473815160989762,0.0014399323094403372,0.8459415837895358,588.4870493865997,0.8027890316576232,0.8887734358695598,,,100,1ff8f0396ccdf1ab0abb679087895e71998c969a769510b17097bfa483d47281,d6aa5b17e28075b724bcfa56d7045c7e304c0932a7d4740f1993389520d9b589
tworoom,1,H_POLICY,RIDGE,FIXED3_REFIT_MEAN_NOT_ENSEMBLE,0.8473815160989762,0.0013862919628930587,0.8459952241360831,611.2576129566329,0.8027871800674838,0.8889243960870953,,,100,1ff8f0396ccdf1ab0abb679087895e71998c969a769510b17097bfa483d47281,d6aa5b17e28075b724bcfa56d7045c7e304c0932a7d4740f1993389520d9b589
tworoom,1,H_POLICY,MLP_3SEED_MEAN_NOT_ENSEMBLE,H0,0.6762447119255861,0.0649427155405283,0.6113019963850578,10.412941717898557,0.5697331863665023,0.6534115632028938,,,100,1ff8f0396ccdf1ab0abb679087895e71998c969a769510b17097bfa483d47281,12afa62c3015c731dbf286d16a187e44e9235c1020969f2666b3152eedee51b2;5605241ba72469b685c42cb532a1d35df495268a732a7ca2f42d6e0a2aeebc6d;d431aa0fe1b0f7f70cafbdf8f1bdde72ad241e2d84e48f88b1aea46809a32bf2
tworoom,1,H_POLICY,MLP_3SEED_MEAN_NOT_ENSEMBLE,REFIT_103201,0.6762447119255861,0.001386264284956269,0.6748584476406299,487.81802955193274,0.6316212666225135,0.7189781319402367,,,100,1ff8f0396ccdf1ab0abb679087895e71998c969a769510b17097bfa483d47281,12afa62c3015c731dbf286d16a187e44e9235c1020969f2666b3152eedee51b2;5605241ba72469b685c42cb532a1d35df495268a732a7ca2f42d6e0a2aeebc6d;d431aa0fe1b0f7f70cafbdf8f1bdde72ad241e2d84e48f88b1aea46809a32bf2
tworoom,1,H_POLICY,MLP_3SEED_MEAN_NOT_ENSEMBLE,REFIT_103202,0.6762447119255861,0.0013326792942825706,0.6749120326313036,507.43244441989555,0.6317778572502138,0.7190391533953057,,,100,1ff8f0396ccdf1ab0abb679087895e71998c969a769510b17097bfa483d47281,12afa62c3015c731dbf286d16a187e44e9235c1020969f2666b3152eedee51b2;5605241ba72469b685c42cb532a1d35df495268a732a7ca2f42d6e0a2aeebc6d;d431aa0fe1b0f7f70cafbdf8f1bdde72ad241e2d84e48f88b1aea46809a32bf2
tworoom,1,H_POLICY,MLP_3SEED_MEAN_NOT_ENSEMBLE,REFIT_103203,0.6762447119255861,0.0014399323094403372,0.6748047796161458,469.6364596391508,0.631651833307517,0.7189835483137844,,,100,1ff8f0396ccdf1ab0abb679087895e71998c969a769510b17097bfa483d47281,12afa62c3015c731dbf286d16a187e44e9235c1020969f2666b3152eedee51b2;5605241ba72469b685c42cb532a1d35df495268a732a7ca2f42d6e0a2aeebc6d;d431aa0fe1b0f7f70cafbdf8f1bdde72ad241e2d84e48f88b1aea46809a32bf2
tworoom,1,H_POLICY,MLP_3SEED_MEAN_NOT_ENSEMBLE,FIXED3_REFIT_MEAN_NOT_ENSEMBLE,0.6762447119255861,0.0013862919628930587,0.6748584199626931,487.80829004759437,0.6316829047801802,0.7190039893258606,,,100,1ff8f0396ccdf1ab0abb679087895e71998c969a769510b17097bfa483d47281,12afa62c3015c731dbf286d16a187e44e9235c1020969f2666b3152eedee51b2;5605241ba72469b685c42cb532a1d35df495268a732a7ca2f42d6e0a2aeebc6d;d431aa0fe1b0f7f70cafbdf8f1bdde72ad241e2d84e48f88b1aea46809a32bf2
tworoom,1,H_REAL3,RIDGE,H0,0.8490653164684773,0.06477128835394978,0.7842940281145274,13.108668023224535,0.7430957701317965,0.8248466644375585,,,100,1ff8f0396ccdf1ab0abb679087895e71998c969a769510b17097bfa483d47281,b1d0c4d998e592ca7f062a2b67064d2b83980d23fc997ab0848a2bd90aabc210
tworoom,1,H_REAL3,RIDGE,REFIT_103201,0.8490653164684773,0.001444248225307092,0.8476210682431702,587.8943117883629,0.8043269857898704,0.890981759748618,,,100,1ff8f0396ccdf1ab0abb679087895e71998c969a769510b17097bfa483d47281,b1d0c4d998e592ca7f062a2b67064d2b83980d23fc997ab0848a2bd90aabc210
tworoom,1,H_REAL3,RIDGE,REFIT_103202,0.8490653164684773,0.001427680636115838,0.8476376358323614,594.7165598452416,0.8044159663358296,0.8909148144311402,,,100,1ff8f0396ccdf1ab0abb679087895e71998c969a769510b17097bfa483d47281,b1d0c4d998e592ca7f062a2b67064d2b83980d23fc997ab0848a2bd90aabc210
tworoom,1,H_REAL3,RIDGE,REFIT_103203,0.8490653164684773,0.001514798409480136,0.8475505180589971,560.5137364514848,0.8042387679476524,0.8908561371352043,,,100,1ff8f0396ccdf1ab0abb679087895e71998c969a769510b17097bfa483d47281,b1d0c4d998e592ca7f062a2b67064d2b83980d23fc997ab0848a2bd90aabc210
tworoom,1,H_REAL3,RIDGE,FIXED3_REFIT_MEAN_NOT_ENSEMBLE,0.8490653164684773,0.0014622424236343553,0.8476030740448429,580.6597474843832,0.8042888751365416,0.8909129616172624,,,100,1ff8f0396ccdf1ab0abb679087895e71998c969a769510b17097bfa483d47281,b1d0c4d998e592ca7f062a2b67064d2b83980d23fc997ab0848a2bd90aabc210
tworoom,1,H_REAL3,MLP_3SEED_MEAN_NOT_ENSEMBLE,H0,0.684598543047905,0.06477128835394978,0.6198272546939553,10.56947546429587,0.5789729133487369,0.6607514436667163,,,100,1ff8f0396ccdf1ab0abb679087895e71998c969a769510b17097bfa483d47281,00215e8141fa23a6613dc76e46b086aef8fe4bfe41a4367fd0b199575141eb36;26b8504ede9591d240d312c7e0da19526cde44de6db4730e51a73bdabc9007da;b58172a09c95f5179068ac3ab35c57d55cf1a976177c56167828d310337bac2a
tworoom,1,H_REAL3,MLP_3SEED_MEAN_NOT_ENSEMBLE,REFIT_103201,0.684598543047905,0.001444248225307092,0.6831542948225979,474.0172298998935,0.641129453271933,0.7259621764088151,,,100,1ff8f0396ccdf1ab0abb679087895e71998c969a769510b17097bfa483d47281,00215e8141fa23a6613dc76e46b086aef8fe4bfe41a4367fd0b199575141eb36;26b8504ede9591d240d312c7e0da19526cde44de6db4730e51a73bdabc9007da;b58172a09c95f5179068ac3ab35c57d55cf1a976177c56167828d310337bac2a
tworoom,1,H_REAL3,MLP_3SEED_MEAN_NOT_ENSEMBLE,REFIT_103202,0.684598543047905,0.001427680636115838,0.6831708624117891,479.51798583640567,0.6411343255382308,0.7259787464241867,,,100,1ff8f0396ccdf1ab0abb679087895e71998c969a769510b17097bfa483d47281,00215e8141fa23a6613dc76e46b086aef8fe4bfe41a4367fd0b199575141eb36;26b8504ede9591d240d312c7e0da19526cde44de6db4730e51a73bdabc9007da;b58172a09c95f5179068ac3ab35c57d55cf1a976177c56167828d310337bac2a
tworoom,1,H_REAL3,MLP_3SEED_MEAN_NOT_ENSEMBLE,REFIT_103203,0.684598543047905,0.001514798409480136,0.6830837446384248,451.94036299711496,0.6410104622965372,0.7258729253252386,,,100,1ff8f0396ccdf1ab0abb679087895e71998c969a769510b17097bfa483d47281,00215e8141fa23a6613dc76e46b086aef8fe4bfe41a4367fd0b199575141eb36;26b8504ede9591d240d312c7e0da19526cde44de6db4730e51a73bdabc9007da;b58172a09c95f5179068ac3ab35c57d55cf1a976177c56167828d310337bac2a
tworoom,1,H_REAL3,MLP_3SEED_MEAN_NOT_ENSEMBLE,FIXED3_REFIT_MEAN_NOT_ENSEMBLE,0.684598543047905,0.0014622424236343553,0.6831363006242707,468.1840247435565,0.6410914137022337,0.7259263664613439,,,100,1ff8f0396ccdf1ab0abb679087895e71998c969a769510b17097bfa483d47281,00215e8141fa23a6613dc76e46b086aef8fe4bfe41a4367fd0b199575141eb36;26b8504ede9591d240d312c7e0da19526cde44de6db4730e51a73bdabc9007da;b58172a09c95f5179068ac3ab35c57d55cf1a976177c56167828d310337bac2a
tworoom,2,H_POLICY,RIDGE,H0,0.8945505657792091,0.07636833500117063,0.8181822307780385,11.713631909946665,0.7838831088161097,0.8533430993584916,,,100,1ff8f0396ccdf1ab0abb679087895e71998c969a769510b17097bfa483d47281,e3d3a4632c345386d262bf1f6cdd09a03470be4604d95edb245ee70916ebc790
tworoom,2,H_POLICY,RIDGE,REFIT_103201,0.8945505657792091,0.0028412358631612735,0.8917093299160479,314.8455844084328,0.855149551248789,0.9287464483897929,,,100,1ff8f0396ccdf1ab0abb679087895e71998c969a769510b17097bfa483d47281,e3d3a4632c345386d262bf1f6cdd09a03470be4604d95edb245ee70916ebc790
tworoom,2,H_POLICY,RIDGE,REFIT_103202,0.8945505657792091,0.002739263390249107,0.89181130238896,326.5661012969838,0.8552323388337099,0.9288372493730493,,,100,1ff8f0396ccdf1ab0abb679087895e71998c969a769510b17097bfa483d47281,e3d3a4632c345386d262bf1f6cdd09a03470be4604d95edb245ee70916ebc790
tworoom,2,H_POLICY,RIDGE,REFIT_103203,0.8945505657792091,0.0027549006408662535,0.8917956651383429,324.71246059092925,0.8552058245845183,0.9288050006810809,,,100,1ff8f0396ccdf1ab0abb679087895e71998c969a769510b17097bfa483d47281,e3d3a4632c345386d262bf1f6cdd09a03470be4604d95edb245ee70916ebc790
tworoom,2,H_POLICY,RIDGE,FIXED3_REFIT_MEAN_NOT_ENSEMBLE,0.8945505657792091,0.0027784666314255445,0.8917720991477835,321.95836209133927,0.8551916701354301,0.9287782462405545,,,100,1ff8f0396ccdf1ab0abb679087895e71998c969a769510b17097bfa483d47281,e3d3a4632c345386d262bf1f6cdd09a03470be4604d95edb245ee70916ebc790
tworoom,2,H_POLICY,MLP_3SEED_MEAN_NOT_ENSEMBLE,H0,0.8227811878919602,0.07636833500117063,0.7464128528907895,10.77385264297497,0.7137868371050184,0.7788129533166065,,,100,1ff8f0396ccdf1ab0abb679087895e71998c969a769510b17097bfa483d47281,6b04d8db80e0d569e04db864d464e048c62c0e276f44f314e57e2d3dda0896f2;7c6524ffa10660567d0f201ab4b4e7fcfc18009ca2d7321fd22abdf00162e37a;c4cc8707c4953915769b062878a26bea32a1eb3136264ce8d20caf4f98a92c0b
tworoom,2,H_POLICY,MLP_3SEED_MEAN_NOT_ENSEMBLE,REFIT_103201,0.8227811878919602,0.0028412358631612735,0.8199399520287989,289.58566888442016,0.7857009160454181,0.8538357351121643,,,100,1ff8f0396ccdf1ab0abb679087895e71998c969a769510b17097bfa483d47281,6b04d8db80e0d569e04db864d464e048c62c0e276f44f314e57e2d3dda0896f2;7c6524ffa10660567d0f201ab4b4e7fcfc18009ca2d7321fd22abdf00162e37a;c4cc8707c4953915769b062878a26bea32a1eb3136264ce8d20caf4f98a92c0b
tworoom,2,H_POLICY,MLP_3SEED_MEAN_NOT_ENSEMBLE,REFIT_103202,0.8227811878919602,0.002739263390249107,0.820041924501711,300.36585412735246,0.785869289370581,0.8540697318227491,,,100,1ff8f0396ccdf1ab0abb679087895e71998c969a769510b17097bfa483d47281,6b04d8db80e0d569e04db864d464e048c62c0e276f44f314e57e2d3dda0896f2;7c6524ffa10660567d0f201ab4b4e7fcfc18009ca2d7321fd22abdf00162e37a;c4cc8707c4953915769b062878a26bea32a1eb3136264ce8d20caf4f98a92c0b
tworoom,2,H_POLICY,MLP_3SEED_MEAN_NOT_ENSEMBLE,REFIT_103203,0.8227811878919602,0.0027549006408662535,0.8200262872510939,298.66093015726483,0.7857996452732525,0.854043704609059,,,100,1ff8f0396ccdf1ab0abb679087895e71998c969a769510b17097bfa483d47281,6b04d8db80e0d569e04db864d464e048c62c0e276f44f314e57e2d3dda0896f2;7c6524ffa10660567d0f201ab4b4e7fcfc18009ca2d7321fd22abdf00162e37a;c4cc8707c4953915769b062878a26bea32a1eb3136264ce8d20caf4f98a92c0b
tworoom,2,H_POLICY,MLP_3SEED_MEAN_NOT_ENSEMBLE,FIXED3_REFIT_MEAN_NOT_ENSEMBLE,0.8227811878919602,0.0027784666314255445,0.8200027212605346,296.1277917056779,0.785774751733945,0.8539936281172366,,,100,1ff8f0396ccdf1ab0abb679087895e71998c969a769510b17097bfa483d47281,6b04d8db80e0d569e04db864d464e048c62c0e276f44f314e57e2d3dda0896f2;7c6524ffa10660567d0f201ab4b4e7fcfc18009ca2d7321fd22abdf00162e37a;c4cc8707c4953915769b062878a26bea32a1eb3136264ce8d20caf4f98a92c0b
tworoom,2,H_REAL3,RIDGE,H0,0.896795843243599,0.07837070936337114,0.8184251338802278,11.442997652165477,0.7837320518563501,0.8549498149105348,,,100,1ff8f0396ccdf1ab0abb679087895e71998c969a769510b17097bfa483d47281,59a8a3e4fde6ad326c686397cb3dc55f2630187feb91c9b0f033dfc8140e2e18
tworoom,2,H_REAL3,RIDGE,REFIT_103201,0.896795843243599,0.002922720275237225,0.8938731229683617,306.83601535244753,0.8572044115162936,0.9317787580083896,,,100,1ff8f0396ccdf1ab0abb679087895e71998c969a769510b17097bfa483d47281,59a8a3e4fde6ad326c686397cb3dc55f2630187feb91c9b0f033dfc8140e2e18
tworoom,2,H_REAL3,RIDGE,REFIT_103202,0.896795843243599,0.0029760728619294243,0.8938197703816695,301.3353116167308,0.8572381964943779,0.9317269562354049,,,100,1ff8f0396ccdf1ab0abb679087895e71998c969a769510b17097bfa483d47281,59a8a3e4fde6ad326c686397cb3dc55f2630187feb91c9b0f033dfc8140e2e18
tworoom,2,H_REAL3,RIDGE,REFIT_103203,0.896795843243599,0.002979211807542015,0.8938166314360569,301.017819872128,0.8573732659824455,0.9315099443381696,,,100,1ff8f0396ccdf1ab0abb679087895e71998c969a769510b17097bfa483d47281,59a8a3e4fde6ad326c686397cb3dc55f2630187feb91c9b0f033dfc8140e2e18
tworoom,2,H_REAL3,RIDGE,FIXED3_REFIT_MEAN_NOT_ENSEMBLE,0.896795843243599,0.0029593349815695553,0.8938365082620294,303.0396520937151,0.8573383664661063,0.931718407469889,,,100,1ff8f0396ccdf1ab0abb679087895e71998c969a769510b17097bfa483d47281,59a8a3e4fde6ad326c686397cb3dc55f2630187feb91c9b0f033dfc8140e2e18
tworoom,2,H_REAL3,MLP_3SEED_MEAN_NOT_ENSEMBLE,H0,0.8340404852231345,0.07837070936337114,0.7556697758597631,10.642247492695885,0.7224520048741252,0.7885696498647642,,,100,1ff8f0396ccdf1ab0abb679087895e71998c969a769510b17097bfa483d47281,303c21d049cd75031d1cf08db54211553dec75fc71ed71634ae1941ec207584b;c3c42429383480192b22b46d2c175f6745bed9bff22fe3186ee8e20248b775ba;ede6bdc3bc43faf0fea295b7c8bf7bd38e426a1fd9d1530ed56fb63a20576429
tworoom,2,H_REAL3,MLP_3SEED_MEAN_NOT_ENSEMBLE,REFIT_103201,0.8340404852231345,0.002922720275237225,0.8311177649478972,285.36445731380803,0.7963769433837661,0.8663287207239045,,,100,1ff8f0396ccdf1ab0abb679087895e71998c969a769510b17097bfa483d47281,303c21d049cd75031d1cf08db54211553dec75fc71ed71634ae1941ec207584b;c3c42429383480192b22b46d2c175f6745bed9bff22fe3186ee8e20248b775ba;ede6bdc3bc43faf0fea295b7c8bf7bd38e426a1fd9d1530ed56fb63a20576429
tworoom,2,H_REAL3,MLP_3SEED_MEAN_NOT_ENSEMBLE,REFIT_103202,0.8340404852231345,0.0029760728619294243,0.831064412361205,280.24867801200804,0.7963676379306998,0.8662195706809094,,,100,1ff8f0396ccdf1ab0abb679087895e71998c969a769510b17097bfa483d47281,303c21d049cd75031d1cf08db54211553dec75fc71ed71634ae1941ec207584b;c3c42429383480192b22b46d2c175f6745bed9bff22fe3186ee8e20248b775ba;ede6bdc3bc43faf0fea295b7c8bf7bd38e426a1fd9d1530ed56fb63a20576429
tworoom,2,H_REAL3,MLP_3SEED_MEAN_NOT_ENSEMBLE,REFIT_103203,0.8340404852231345,0.002979211807542015,0.8310612734155924,279.9534034846807,0.7964335656755671,0.8661616657722261,,,100,1ff8f0396ccdf1ab0abb679087895e71998c969a769510b17097bfa483d47281,303c21d049cd75031d1cf08db54211553dec75fc71ed71634ae1941ec207584b;c3c42429383480192b22b46d2c175f6745bed9bff22fe3186ee8e20248b775ba;ede6bdc3bc43faf0fea295b7c8bf7bd38e426a1fd9d1530ed56fb63a20576429
tworoom,2,H_REAL3,MLP_3SEED_MEAN_NOT_ENSEMBLE,FIXED3_REFIT_MEAN_NOT_ENSEMBLE,0.8340404852231345,0.0029593349815695553,0.8310811502415647,281.8337533322371,0.7964222608376755,0.8661832187156422,,,100,1ff8f0396ccdf1ab0abb679087895e71998c969a769510b17097bfa483d47281,303c21d049cd75031d1cf08db54211553dec75fc71ed71634ae1941ec207584b;c3c42429383480192b22b46d2c175f6745bed9bff22fe3186ee8e20248b775ba;ede6bdc3bc43faf0fea295b7c8bf7bd38e426a1fd9d1530ed56fb63a20576429
tworoom,5,H_POLICY,RIDGE,H0,0.9355918243527412,0.10874907268211245,0.8268427516706288,8.603216572591812,0.7849346442138776,0.8679360107160173,,,100,1ff8f0396ccdf1ab0abb679087895e71998c969a769510b17097bfa483d47281,1cc1806b28e9eeda8b0e8e98f031f63cf3de155ce0edb206c3716a96a0423275
tworoom,5,H_POLICY,RIDGE,REFIT_103201,0.9355918243527412,0.009032805300957989,0.9265590190517833,103.57710513847957,0.8869868159007019,0.9654085550270901,,,100,1ff8f0396ccdf1ab0abb679087895e71998c969a769510b17097bfa483d47281,1cc1806b28e9eeda8b0e8e98f031f63cf3de155ce0edb206c3716a96a0423275
tworoom,5,H_POLICY,RIDGE,REFIT_103202,0.9355918243527412,0.010880342532182112,0.9247114818205592,85.98918844562361,0.8842555639734783,0.9641818647806066,,,100,1ff8f0396ccdf1ab0abb679087895e71998c969a769510b17097bfa483d47281,1cc1806b28e9eeda8b0e8e98f031f63cf3de155ce0edb206c3716a96a0423275
tworoom,5,H_POLICY,RIDGE,REFIT_103203,0.9355918243527412,0.010138601459912024,0.9254532228928292,92.28016586430252,0.8845416056052199,0.9650751449246309,,,100,1ff8f0396ccdf1ab0abb679087895e71998c969a769510b17097bfa483d47281,1cc1806b28e9eeda8b0e8e98f031f63cf3de155ce0edb206c3716a96a0423275
tworoom,5,H_POLICY,RIDGE,FIXED3_REFIT_MEAN_NOT_ENSEMBLE,0.9355918243527412,0.010017249764350708,0.9255745745883905,93.39807296033652,0.8854088202015629,0.9650252299665177,,,100,1ff8f0396ccdf1ab0abb679087895e71998c969a769510b17097bfa483d47281,1cc1806b28e9eeda8b0e8e98f031f63cf3de155ce0edb206c3716a96a0423275
tworoom,5,H_POLICY,MLP_3SEED_MEAN_NOT_ENSEMBLE,H0,0.9085865645607312,0.10874907268211245,0.7998374918786187,8.3548902271254,0.7613064918800568,0.8363322806333503,,,100,1ff8f0396ccdf1ab0abb679087895e71998c969a769510b17097bfa483d47281,0a08388bf8952288b79304e2ac44442f8bc7b2e1a7ac31456acbe1b0f0ab0754;193aeed7f221d1b9263b370a1f471c229f1b98fe623761e944362b0bef7f5732;8a9fe05338e1af2173d2e25ec50fc0b2747995074c00ffc68b0e1d3511a2fd2b
tworoom,5,H_POLICY,MLP_3SEED_MEAN_NOT_ENSEMBLE,REFIT_103201,0.9085865645607312,0.009032805300957989,0.8995537592597732,100.58741822591588,0.8634099191447263,0.9347002390611039,,,100,1ff8f0396ccdf1ab0abb679087895e71998c969a769510b17097bfa483d47281,0a08388bf8952288b79304e2ac44442f8bc7b2e1a7ac31456acbe1b0f0ab0754;193aeed7f221d1b9263b370a1f471c229f1b98fe623761e944362b0bef7f5732;8a9fe05338e1af2173d2e25ec50fc0b2747995074c00ffc68b0e1d3511a2fd2b
tworoom,5,H_POLICY,MLP_3SEED_MEAN_NOT_ENSEMBLE,REFIT_103202,0.9085865645607312,0.010880342532182112,0.8977062220285491,83.5071655026755,0.8612270291802852,0.9334428875627977,,,100,1ff8f0396ccdf1ab0abb679087895e71998c969a769510b17097bfa483d47281,0a08388bf8952288b79304e2ac44442f8bc7b2e1a7ac31456acbe1b0f0ab0754;193aeed7f221d1b9263b370a1f471c229f1b98fe623761e944362b0bef7f5732;8a9fe05338e1af2173d2e25ec50fc0b2747995074c00ffc68b0e1d3511a2fd2b
tworoom,5,H_POLICY,MLP_3SEED_MEAN_NOT_ENSEMBLE,REFIT_103203,0.9085865645607312,0.010138601459912024,0.8984479631008192,89.6165578806187,0.8608467877023552,0.9346998735230834,,,100,1ff8f0396ccdf1ab0abb679087895e71998c969a769510b17097bfa483d47281,0a08388bf8952288b79304e2ac44442f8bc7b2e1a7ac31456acbe1b0f0ab0754;193aeed7f221d1b9263b370a1f471c229f1b98fe623761e944362b0bef7f5732;8a9fe05338e1af2173d2e25ec50fc0b2747995074c00ffc68b0e1d3511a2fd2b
tworoom,5,H_POLICY,MLP_3SEED_MEAN_NOT_ENSEMBLE,FIXED3_REFIT_MEAN_NOT_ENSEMBLE,0.9085865645607312,0.010017249764350708,0.8985693147963805,90.7021973031161,0.8618279136176208,0.9343207862158961,,,100,1ff8f0396ccdf1ab0abb679087895e71998c969a769510b17097bfa483d47281,0a08388bf8952288b79304e2ac44442f8bc7b2e1a7ac31456acbe1b0f0ab0754;193aeed7f221d1b9263b370a1f471c229f1b98fe623761e944362b0bef7f5732;8a9fe05338e1af2173d2e25ec50fc0b2747995074c00ffc68b0e1d3511a2fd2b
tworoom,5,H_REAL3,RIDGE,H0,0.934205107986927,0.11016596434637904,0.824039143640548,8.479979397717065,0.7825875476119108,0.8652670816257596,,,100,1ff8f0396ccdf1ab0abb679087895e71998c969a769510b17097bfa483d47281,516b65a6c93e9298bf918f11620ea053e92f9d232166f9baa0d56d3b6650585e
tworoom,5,H_REAL3,RIDGE,REFIT_103201,0.934205107986927,0.009446270789194387,0.9247588371977327,98.89671054693527,0.8857758794387992,0.9637146984603168,,,100,1ff8f0396ccdf1ab0abb679087895e71998c969a769510b17097bfa483d47281,516b65a6c93e9298bf918f11620ea053e92f9d232166f9baa0d56d3b6650585e
tworoom,5,H_REAL3,RIDGE,REFIT_103202,0.934205107986927,0.01123130634892732,0.9229738016379997,83.17866853272604,0.8831602820664411,0.9625038001462817,,,100,1ff8f0396ccdf1ab0abb679087895e71998c969a769510b17097bfa483d47281,516b65a6c93e9298bf918f11620ea053e92f9d232166f9baa0d56d3b6650585e
tworoom,5,H_REAL3,RIDGE,REFIT_103203,0.934205107986927,0.010083323820726946,0.9241217841662,92.64852786604015,0.8841845495363887,0.9632567731929376,,,100,1ff8f0396ccdf1ab0abb679087895e71998c969a769510b17097bfa483d47281,516b65a6c93e9298bf918f11620ea053e92f9d232166f9baa0d56d3b6650585e
tworoom,5,H_REAL3,RIDGE,FIXED3_REFIT_MEAN_NOT_ENSEMBLE,0.934205107986927,0.01025363365294955,0.9239514743339774,91.10966313080579,0.8845287150154374,0.9629253999401312,,,100,1ff8f0396ccdf1ab0abb679087895e71998c969a769510b17097bfa483d47281,516b65a6c93e9298bf918f11620ea053e92f9d232166f9baa0d56d3b6650585e
tworoom,5,H_REAL3,MLP_3SEED_MEAN_NOT_ENSEMBLE,H0,0.9085329694549243,0.11016596434637904,0.7983670051085453,8.246947910321508,0.7602325255104029,0.8351017974498682,,,100,1ff8f0396ccdf1ab0abb679087895e71998c969a769510b17097bfa483d47281,09e9270548ab28a6fd7f5a32204661a29e4f859bc02604c131faf614d2ba0f05;8fb10a1452f1c804fd7abf9415b1c02c182ab8cbd3d6388a8f52e1ac4612c923;fbcbf2ff3c848dfa989daf70590074028e7207552790fc66c911d5f64877e71c
tworoom,5,H_REAL3,MLP_3SEED_MEAN_NOT_ENSEMBLE,REFIT_103201,0.9085329694549243,0.009446270789194387,0.8990866986657299,96.17900965682644,0.8632696404631326,0.9335796391687422,,,100,1ff8f0396ccdf1ab0abb679087895e71998c969a769510b17097bfa483d47281,09e9270548ab28a6fd7f5a32204661a29e4f859bc02604c131faf614d2ba0f05;8fb10a1452f1c804fd7abf9415b1c02c182ab8cbd3d6388a8f52e1ac4612c923;fbcbf2ff3c848dfa989daf70590074028e7207552790fc66c911d5f64877e71c
tworoom,5,H_REAL3,MLP_3SEED_MEAN_NOT_ENSEMBLE,REFIT_103202,0.9085329694549243,0.01123130634892732,0.897301663105997,80.89290250209376,0.8609477015146257,0.9324415804297846,,,100,1ff8f0396ccdf1ab0abb679087895e71998c969a769510b17097bfa483d47281,09e9270548ab28a6fd7f5a32204661a29e4f859bc02604c131faf614d2ba0f05;8fb10a1452f1c804fd7abf9415b1c02c182ab8cbd3d6388a8f52e1ac4612c923;fbcbf2ff3c848dfa989daf70590074028e7207552790fc66c911d5f64877e71c
tworoom,5,H_REAL3,MLP_3SEED_MEAN_NOT_ENSEMBLE,REFIT_103203,0.9085329694549243,0.010083323820726946,0.8984496456341974,90.10252825436133,0.8615714493829874,0.933632603952804,,,100,1ff8f0396ccdf1ab0abb679087895e71998c969a769510b17097bfa483d47281,09e9270548ab28a6fd7f5a32204661a29e4f859bc02604c131faf614d2ba0f05;8fb10a1452f1c804fd7abf9415b1c02c182ab8cbd3d6388a8f52e1ac4612c923;fbcbf2ff3c848dfa989daf70590074028e7207552790fc66c911d5f64877e71c
tworoom,5,H_REAL3,MLP_3SEED_MEAN_NOT_ENSEMBLE,FIXED3_REFIT_MEAN_NOT_ENSEMBLE,0.9085329694549243,0.01025363365294955,0.8982793358019748,88.6059518221208,0.8621287267623509,0.9332373169960242,,,100,1ff8f0396ccdf1ab0abb679087895e71998c969a769510b17097bfa483d47281,09e9270548ab28a6fd7f5a32204661a29e4f859bc02604c131faf614d2ba0f05;8fb10a1452f1c804fd7abf9415b1c02c182ab8cbd3d6388a8f52e1ac4612c923;fbcbf2ff3c848dfa989daf70590074028e7207552790fc66c911d5f64877e71c
cube,1,H_POLICY,RIDGE,H0,0.26901902616024015,0.00466656414209865,0.2643524620181415,57.64820068223829,0.21001462044604705,0.32264551756021675,,,100,1ff8f0396ccdf1ab0abb679087895e71998c969a769510b17097bfa483d47281,2ce1c705fb70a4ff7a3812027c2d5315b502944f66c9854b70a3d65be3ca3ee5
cube,1,H_POLICY,RIDGE,REFIT_103201,0.26901902616024015,0.002057946816785261,0.2669610793434549,130.7220497468819,0.212599991103707,0.32530739594239266,,,100,1ff8f0396ccdf1ab0abb679087895e71998c969a769510b17097bfa483d47281,2ce1c705fb70a4ff7a3812027c2d5315b502944f66c9854b70a3d65be3ca3ee5
cube,1,H_POLICY,RIDGE,REFIT_103202,0.26901902616024015,0.0020264218009833712,0.2669926043592568,132.75569085848366,0.2126220937057078,0.32534402487136316,,,100,1ff8f0396ccdf1ab0abb679087895e71998c969a769510b17097bfa483d47281,2ce1c705fb70a4ff7a3812027c2d5315b502944f66c9854b70a3d65be3ca3ee5
cube,1,H_POLICY,RIDGE,REFIT_103203,0.26901902616024015,0.002094527418666985,0.2669244987415732,128.43900908752548,0.21256936575689178,0.3253030600900674,,,100,1ff8f0396ccdf1ab0abb679087895e71998c969a769510b17097bfa483d47281,2ce1c705fb70a4ff7a3812027c2d5315b502944f66c9854b70a3d65be3ca3ee5
cube,1,H_POLICY,RIDGE,FIXED3_REFIT_MEAN_NOT_ENSEMBLE,0.26901902616024015,0.002059632012145206,0.266959394148095,130.6150926834954,0.2125971501887689,0.3253181603012744,,,100,1ff8f0396ccdf1ab0abb679087895e71998c969a769510b17097bfa483d47281,2ce1c705fb70a4ff7a3812027c2d5315b502944f66c9854b70a3d65be3ca3ee5
cube,1,H_POLICY,MLP_3SEED_MEAN_NOT_ENSEMBLE,H0,0.09946952625488242,0.00466656414209865,0.09480296211278377,21.315366772211327,0.06921259515414324,0.12333983799407724,,,100,1ff8f0396ccdf1ab0abb679087895e71998c969a769510b17097bfa483d47281,b3e25e43a40b9138be2a1d1173779301e27da03fdcb238368a44b7ec26d25e53;c833e68fd1217f079b7212ffe5b7403f63732492f1338757661a10f16a7a5a57;e475843dadb7c6e143ef7b5a066e45db3453eff3b5bcb646bfbd0669d2d9d2bd
cube,1,H_POLICY,MLP_3SEED_MEAN_NOT_ENSEMBLE,REFIT_103201,0.09946952625488242,0.002057946816785261,0.09741157943809715,48.33435220170789,0.0717632755510931,0.12617194869583423,,,100,1ff8f0396ccdf1ab0abb679087895e71998c969a769510b17097bfa483d47281,b3e25e43a40b9138be2a1d1173779301e27da03fdcb238368a44b7ec26d25e53;c833e68fd1217f079b7212ffe5b7403f63732492f1338757661a10f16a7a5a57;e475843dadb7c6e143ef7b5a066e45db3453eff3b5bcb646bfbd0669d2d9d2bd
cube,1,H_POLICY,MLP_3SEED_MEAN_NOT_ENSEMBLE,REFIT_103202,0.09946952625488242,0.0020264218009833712,0.09744310445389905,49.08628904733081,0.07181845127330598,0.12616995322236715,,,100,1ff8f0396ccdf1ab0abb679087895e71998c969a769510b17097bfa483d47281,b3e25e43a40b9138be2a1d1173779301e27da03fdcb238368a44b7ec26d25e53;c833e68fd1217f079b7212ffe5b7403f63732492f1338757661a10f16a7a5a57;e475843dadb7c6e143ef7b5a066e45db3453eff3b5bcb646bfbd0669d2d9d2bd
cube,1,H_POLICY,MLP_3SEED_MEAN_NOT_ENSEMBLE,REFIT_103203,0.09946952625488242,0.002094527418666985,0.09737499883621543,47.49020011310598,0.07176849147293979,0.1260795195153744,,,100,1ff8f0396ccdf1ab0abb679087895e71998c969a769510b17097bfa483d47281,b3e25e43a40b9138be2a1d1173779301e27da03fdcb238368a44b7ec26d25e53;c833e68fd1217f079b7212ffe5b7403f63732492f1338757661a10f16a7a5a57;e475843dadb7c6e143ef7b5a066e45db3453eff3b5bcb646bfbd0669d2d9d2bd
cube,1,H_POLICY,MLP_3SEED_MEAN_NOT_ENSEMBLE,FIXED3_REFIT_MEAN_NOT_ENSEMBLE,0.09946952625488242,0.002059632012145206,0.09740989424273722,48.29480493036235,0.07178962021317663,0.12616303740406873,,,100,1ff8f0396ccdf1ab0abb679087895e71998c969a769510b17097bfa483d47281,b3e25e43a40b9138be2a1d1173779301e27da03fdcb238368a44b7ec26d25e53;c833e68fd1217f079b7212ffe5b7403f63732492f1338757661a10f16a7a5a57;e475843dadb7c6e143ef7b5a066e45db3453eff3b5bcb646bfbd0669d2d9d2bd
cube,1,H_REAL3,RIDGE,H0,0.18928476886823772,0.0043727385520469396,0.1849120303161908,43.28746542132753,0.1377343356492347,0.23749457139358848,,,100,1ff8f0396ccdf1ab0abb679087895e71998c969a769510b17097bfa483d47281,06c3f271140e38443fa1f2a78a85c34adaf084addfe0342937f8d7ffd420cec1
cube,1,H_REAL3,RIDGE,REFIT_103201,0.18928476886823772,0.0018677870501414872,0.18741698181809624,101.34172889457562,0.14003330258065397,0.24019687311589213,,,100,1ff8f0396ccdf1ab0abb679087895e71998c969a769510b17097bfa483d47281,06c3f271140e38443fa1f2a78a85c34adaf084addfe0342937f8d7ffd420cec1
cube,1,H_REAL3,RIDGE,REFIT_103202,0.18928476886823772,0.0018352890841197222,0.18744947978411802,103.1362146193041,0.14008809580018713,0.24019947887965815,,,100,1ff8f0396ccdf1ab0abb679087895e71998c969a769510b17097bfa483d47281,06c3f271140e38443fa1f2a78a85c34adaf084addfe0342937f8d7ffd420cec1
cube,1,H_REAL3,RIDGE,REFIT_103203,0.18928476886823772,0.0018709022869006732,0.18741386658133707,101.17298492472628,0.14003648877054364,0.24018102647922926,,,100,1ff8f0396ccdf1ab0abb679087895e71998c969a769510b17097bfa483d47281,06c3f271140e38443fa1f2a78a85c34adaf084addfe0342937f8d7ffd420cec1
cube,1,H_REAL3,RIDGE,FIXED3_REFIT_MEAN_NOT_ENSEMBLE,0.18928476886823772,0.001857992807053961,0.18742677606118377,101.87594276447616,0.1400526290504616,0.24019245949159318,,,100,1ff8f0396ccdf1ab0abb679087895e71998c969a769510b17097bfa483d47281,06c3f271140e38443fa1f2a78a85c34adaf084addfe0342937f8d7ffd420cec1
cube,1,H_REAL3,MLP_3SEED_MEAN_NOT_ENSEMBLE,H0,0.1018033556329707,0.0043727385520469396,0.09743061708092376,23.28137262752998,0.07099536573628819,0.1269299954290036,,,100,1ff8f0396ccdf1ab0abb679087895e71998c969a769510b17097bfa483d47281,a2bf37a8d7a8d6e7d10dac3dfbd1ad5d50c837ea30f57823a7365fb400492781;bb89518274d5d6f8bd31baf4254b00976ed6d4c69a3af1cb50051e8055b43e9c;d697b2f5e7111bfcdb501181859c054292836bb0fae96b8af4e810bd25a76c89
cube,1,H_REAL3,MLP_3SEED_MEAN_NOT_ENSEMBLE,REFIT_103201,0.1018033556329707,0.0018677870501414872,0.09993556858282922,54.5047978704312,0.07332759065702217,0.1295628675282229,,,100,1ff8f0396ccdf1ab0abb679087895e71998c969a769510b17097bfa483d47281,a2bf37a8d7a8d6e7d10dac3dfbd1ad5d50c837ea30f57823a7365fb400492781;bb89518274d5d6f8bd31baf4254b00976ed6d4c69a3af1cb50051e8055b43e9c;d697b2f5e7111bfcdb501181859c054292836bb0fae96b8af4e810bd25a76c89
cube,1,H_REAL3,MLP_3SEED_MEAN_NOT_ENSEMBLE,REFIT_103202,0.1018033556329707,0.0018352890841197222,0.09996806654885099,55.46992924103815,0.0733367223579941,0.12959616862804488,,,100,1ff8f0396ccdf1ab0abb679087895e71998c969a769510b17097bfa483d47281,a2bf37a8d7a8d6e7d10dac3dfbd1ad5d50c837ea30f57823a7365fb400492781;bb89518274d5d6f8bd31baf4254b00976ed6d4c69a3af1cb50051e8055b43e9c;d697b2f5e7111bfcdb501181859c054292836bb0fae96b8af4e810bd25a76c89
cube,1,H_REAL3,MLP_3SEED_MEAN_NOT_ENSEMBLE,REFIT_103203,0.1018033556329707,0.0018709022869006732,0.09993245334607004,54.414042008371055,0.07333380616711899,0.12954342312285974,,,100,1ff8f0396ccdf1ab0abb679087895e71998c969a769510b17097bfa483d47281,a2bf37a8d7a8d6e7d10dac3dfbd1ad5d50c837ea30f57823a7365fb400492781;bb89518274d5d6f8bd31baf4254b00976ed6d4c69a3af1cb50051e8055b43e9c;d697b2f5e7111bfcdb501181859c054292836bb0fae96b8af4e810bd25a76c89
cube,1,H_REAL3,MLP_3SEED_MEAN_NOT_ENSEMBLE,FIXED3_REFIT_MEAN_NOT_ENSEMBLE,0.1018033556329707,0.001857992807053961,0.09994536282591678,54.79211504289428,0.07333270639404509,0.12956773372286257,,,100,1ff8f0396ccdf1ab0abb679087895e71998c969a769510b17097bfa483d47281,a2bf37a8d7a8d6e7d10dac3dfbd1ad5d50c837ea30f57823a7365fb400492781;bb89518274d5d6f8bd31baf4254b00976ed6d4c69a3af1cb50051e8055b43e9c;d697b2f5e7111bfcdb501181859c054292836bb0fae96b8af4e810bd25a76c89
cube,2,H_POLICY,RIDGE,H0,0.4659692838042975,0.009319943892769515,0.45664933991152795,49.99700525727414,0.3915111005767249,0.5287753353901207,,,100,1ff8f0396ccdf1ab0abb679087895e71998c969a769510b17097bfa483d47281,4765da22b5a2ecd4da3305e8bfd31adf0fae5689ba27261142d64d9dcb94ef46
cube,2,H_POLICY,RIDGE,REFIT_103201,0.4659692838042975,0.0045075773005373776,0.46146170650376006,103.37466287017335,0.39660083054902495,0.5337442376965045,,,100,1ff8f0396ccdf1ab0abb679087895e71998c969a769510b17097bfa483d47281,4765da22b5a2ecd4da3305e8bfd31adf0fae5689ba27261142d64d9dcb94ef46
cube,2,H_POLICY,RIDGE,REFIT_103202,0.4659692838042975,0.004216593864257447,0.46175268994004,110.50845749080837,0.3967448900836826,0.5339852366776976,,,100,1ff8f0396ccdf1ab0abb679087895e71998c969a769510b17097bfa483d47281,4765da22b5a2ecd4da3305e8bfd31adf0fae5689ba27261142d64d9dcb94ef46
cube,2,H_POLICY,RIDGE,REFIT_103203,0.4659692838042975,0.004769772847357672,0.4611995109569398,97.6921330881474,0.39620673400675877,0.5337258217160123,,,100,1ff8f0396ccdf1ab0abb679087895e71998c969a769510b17097bfa483d47281,4765da22b5a2ecd4da3305e8bfd31adf0fae5689ba27261142d64d9dcb94ef46
cube,2,H_POLICY,RIDGE,FIXED3_REFIT_MEAN_NOT_ENSEMBLE,0.4659692838042975,0.004497981337384165,0.4614713024669132,103.5952016811358,0.3965655358986211,0.5338208306293187,,,100,1ff8f0396ccdf1ab0abb679087895e71998c969a769510b17097bfa483d47281,4765da22b5a2ecd4da3305e8bfd31adf0fae5689ba27261142d64d9dcb94ef46
cube,2,H_POLICY,MLP_3SEED_MEAN_NOT_ENSEMBLE,H0,0.201097276173532,0.009319943892769515,0.1917773322807625,21.577090858834982,0.14908854813961078,0.23738352230664647,,,100,1ff8f0396ccdf1ab0abb679087895e71998c969a769510b17097bfa483d47281,5bbffe5f27d17b2aa2e1c007f093c56ca2ddf40e20a60f255c0955c254d2e968;882486dca2d3707570e99aaf8c847cd96ce8909871f536dc701f9e3a8b38fcf7;b39bd08cd350e808827d2d751617b873b12c34d2bfa00b357ed5f18cf58170f2
cube,2,H_POLICY,MLP_3SEED_MEAN_NOT_ENSEMBLE,REFIT_103201,0.201097276173532,0.0045075773005373776,0.19658969887299463,44.613161963868684,0.15363192862352298,0.24248319241933736,,,100,1ff8f0396ccdf1ab0abb679087895e71998c969a769510b17097bfa483d47281,5bbffe5f27d17b2aa2e1c007f093c56ca2ddf40e20a60f255c0955c254d2e968;882486dca2d3707570e99aaf8c847cd96ce8909871f536dc701f9e3a8b38fcf7;b39bd08cd350e808827d2d751617b873b12c34d2bfa00b357ed5f18cf58170f2
cube,2,H_POLICY,MLP_3SEED_MEAN_NOT_ENSEMBLE,REFIT_103202,0.201097276173532,0.004216593864257447,0.19688068230927455,47.69187705701549,0.1538700209123417,0.2428627563815001,,,100,1ff8f0396ccdf1ab0abb679087895e71998c969a769510b17097bfa483d47281,5bbffe5f27d17b2aa2e1c007f093c56ca2ddf40e20a60f255c0955c254d2e968;882486dca2d3707570e99aaf8c847cd96ce8909871f536dc701f9e3a8b38fcf7;b39bd08cd350e808827d2d751617b873b12c34d2bfa00b357ed5f18cf58170f2
cube,2,H_POLICY,MLP_3SEED_MEAN_NOT_ENSEMBLE,REFIT_103203,0.201097276173532,0.004769772847357672,0.19632750332617432,42.16076584966401,0.15358056052247168,0.24214485614459166,,,100,1ff8f0396ccdf1ab0abb679087895e71998c969a769510b17097bfa483d47281,5bbffe5f27d17b2aa2e1c007f093c56ca2ddf40e20a60f255c0955c254d2e968;882486dca2d3707570e99aaf8c847cd96ce8909871f536dc701f9e3a8b38fcf7;b39bd08cd350e808827d2d751617b873b12c34d2bfa00b357ed5f18cf58170f2
cube,2,H_POLICY,MLP_3SEED_MEAN_NOT_ENSEMBLE,FIXED3_REFIT_MEAN_NOT_ENSEMBLE,0.201097276173532,0.004497981337384165,0.19659929483614785,44.70833938374712,0.15375163692046528,0.24251802079664286,,,100,1ff8f0396ccdf1ab0abb679087895e71998c969a769510b17097bfa483d47281,5bbffe5f27d17b2aa2e1c007f093c56ca2ddf40e20a60f255c0955c254d2e968;882486dca2d3707570e99aaf8c847cd96ce8909871f536dc701f9e3a8b38fcf7;b39bd08cd350e808827d2d751617b873b12c34d2bfa00b357ed5f18cf58170f2
cube,2,H_REAL3,RIDGE,H0,0.3245341670513153,0.008532669867854566,0.31600149718346077,38.034304863234496,0.25094367754034463,0.38529518444777927,,,100,1ff8f0396ccdf1ab0abb679087895e71998c969a769510b17097bfa483d47281,bb0ff58bb05eb2f093b00c22d3c1a1b06798795c8edbd49a2c3e6aa2f1d8086b
cube,2,H_REAL3,RIDGE,REFIT_103201,0.3245341670513153,0.003583603154402226,0.32095056389691307,90.56085539288745,0.255647287456959,0.39067327393787854,,,100,1ff8f0396ccdf1ab0abb679087895e71998c969a769510b17097bfa483d47281,bb0ff58bb05eb2f093b00c22d3c1a1b06798795c8edbd49a2c3e6aa2f1d8086b
cube,2,H_REAL3,RIDGE,REFIT_103202,0.3245341670513153,0.0035874213147326374,0.32094674573658266,90.46446976231509,0.25569819823060974,0.3906223540412174,,,100,1ff8f0396ccdf1ab0abb679087895e71998c969a769510b17097bfa483d47281,bb0ff58bb05eb2f093b00c22d3c1a1b06798795c8edbd49a2c3e6aa2f1d8086b
cube,2,H_REAL3,RIDGE,REFIT_103203,0.3245341670513153,0.0038627211126731707,0.32067144593864216,84.01698118628181,0.2555825781424064,0.39032824601150057,,,100,1ff8f0396ccdf1ab0abb679087895e71998c969a769510b17097bfa483d47281,bb0ff58bb05eb2f093b00c22d3c1a1b06798795c8edbd49a2c3e6aa2f1d8086b
cube,2,H_REAL3,RIDGE,FIXED3_REFIT_MEAN_NOT_ENSEMBLE,0.3245341670513153,0.0036779151939360117,0.32085625185737926,88.23862159366624,0.25564695885987504,0.3904688571621906,,,100,1ff8f0396ccdf1ab0abb679087895e71998c969a769510b17097bfa483d47281,bb0ff58bb05eb2f093b00c22d3c1a1b06798795c8edbd49a2c3e6aa2f1d8086b
cube,2,H_REAL3,MLP_3SEED_MEAN_NOT_ENSEMBLE,H0,0.19656047542424251,0.008532669867854566,0.18802780555638793,23.036221776814767,0.145786407503086,0.23298190816573333,,,100,1ff8f0396ccdf1ab0abb679087895e71998c969a769510b17097bfa483d47281,67d112f79b4eedd1e11e712b9d303df79dd9213c31ada745188ddd4711068f63;c64e2706ee748af276a6212f3f9a5f31ab9ef25990eaf8a8aef602d1297be11d;dba2fb25237d0465596978e08252e9ab87434c31dbf4bbdee75f826b5175bb25
cube,2,H_REAL3,MLP_3SEED_MEAN_NOT_ENSEMBLE,REFIT_103201,0.19656047542424251,0.003583603154402226,0.19297687226984028,54.849956023389645,0.15045618797240604,0.2381867163996503,,,100,1ff8f0396ccdf1ab0abb679087895e71998c969a769510b17097bfa483d47281,67d112f79b4eedd1e11e712b9d303df79dd9213c31ada745188ddd4711068f63;c64e2706ee748af276a6212f3f9a5f31ab9ef25990eaf8a8aef602d1297be11d;dba2fb25237d0465596978e08252e9ab87434c31dbf4bbdee75f826b5175bb25
cube,2,H_REAL3,MLP_3SEED_MEAN_NOT_ENSEMBLE,REFIT_103202,0.19656047542424251,0.0035874213147326374,0.19297305410950988,54.79157817817998,0.15042024754238809,0.2381957345188348,,,100,1ff8f0396ccdf1ab0abb679087895e71998c969a769510b17097bfa483d47281,67d112f79b4eedd1e11e712b9d303df79dd9213c31ada745188ddd4711068f63;c64e2706ee748af276a6212f3f9a5f31ab9ef25990eaf8a8aef602d1297be11d;dba2fb25237d0465596978e08252e9ab87434c31dbf4bbdee75f826b5175bb25
cube,2,H_REAL3,MLP_3SEED_MEAN_NOT_ENSEMBLE,REFIT_103203,0.19656047542424251,0.0038627211126731707,0.19269775431156932,50.88653042523542,0.15047767423586628,0.23793872317709122,,,100,1ff8f0396ccdf1ab0abb679087895e71998c969a769510b17097bfa483d47281,67d112f79b4eedd1e11e712b9d303df79dd9213c31ada745188ddd4711068f63;c64e2706ee748af276a6212f3f9a5f31ab9ef25990eaf8a8aef602d1297be11d;dba2fb25237d0465596978e08252e9ab87434c31dbf4bbdee75f826b5175bb25
cube,2,H_REAL3,MLP_3SEED_MEAN_NOT_ENSEMBLE,FIXED3_REFIT_MEAN_NOT_ENSEMBLE,0.19656047542424251,0.0036779151939360117,0.19288256023030648,53.443449633728086,0.150466079543837,0.23810256440493194,,,100,1ff8f0396ccdf1ab0abb679087895e71998c969a769510b17097bfa483d47281,67d112f79b4eedd1e11e712b9d303df79dd9213c31ada745188ddd4711068f63;c64e2706ee748af276a6212f3f9a5f31ab9ef25990eaf8a8aef602d1297be11d;dba2fb25237d0465596978e08252e9ab87434c31dbf4bbdee75f826b5175bb25
cube,5,H_POLICY,RIDGE,H0,0.5951774710416794,0.0369381880084984,0.5582392830331809,16.112795541155034,0.49857972393301314,0.6218023530200588,,,100,1ff8f0396ccdf1ab0abb679087895e71998c969a769510b17097bfa483d47281,b9e86f693b778b784ab59100cc64dcbd86d15480e701d3e2b58dcf5141c5614b
cube,5,H_POLICY,RIDGE,REFIT_103201,0.5951774710416794,0.02499214759620372,0.5701853234454757,23.81457890926053,0.5111017987576488,0.6327092715534963,,,100,1ff8f0396ccdf1ab0abb679087895e71998c969a769510b17097bfa483d47281,b9e86f693b778b784ab59100cc64dcbd86d15480e701d3e2b58dcf5141c5614b
cube,5,H_POLICY,RIDGE,REFIT_103202,0.5951774710416794,0.024078139473567718,0.5710993315681117,24.71858225155012,0.5118900094893907,0.6336297198339744,,,100,1ff8f0396ccdf1ab0abb679087895e71998c969a769510b17097bfa483d47281,b9e86f693b778b784ab59100cc64dcbd86d15480e701d3e2b58dcf5141c5614b
cube,5,H_POLICY,RIDGE,REFIT_103203,0.5951774710416794,0.026489366366004106,0.5686881046756753,22.468543143618476,0.5096539748417853,0.6310385237186128,,,100,1ff8f0396ccdf1ab0abb679087895e71998c969a769510b17097bfa483d47281,b9e86f693b778b784ab59100cc64dcbd86d15480e701d3e2b58dcf5141c5614b
cube,5,H_POLICY,RIDGE,FIXED3_REFIT_MEAN_NOT_ENSEMBLE,0.5951774710416794,0.025186551145258515,0.5699909198964208,23.630764990772636,0.5109965139129514,0.6320600714668957,,,100,1ff8f0396ccdf1ab0abb679087895e71998c969a769510b17097bfa483d47281,b9e86f693b778b784ab59100cc64dcbd86d15480e701d3e2b58dcf5141c5614b
cube,5,H_POLICY,MLP_3SEED_MEAN_NOT_ENSEMBLE,H0,0.3629449903313071,0.0369381880084984,0.3260068023228087,9.825738887024022,0.2669693445337859,0.38777208435424826,,,100,1ff8f0396ccdf1ab0abb679087895e71998c969a769510b17097bfa483d47281,14c9339881c4827e8c14e4a3468ac06ac214c8d433c5ebdc20d2a385a250ddd1;1b6aed8dd915a354e82f491ba67a15c2db50cfc7825de2144d2cc0d039d90b2c;c0d13db7a1eaaee929bccc2482002615c29a84a4982869fc9355df6e64718265
cube,5,H_POLICY,MLP_3SEED_MEAN_NOT_ENSEMBLE,REFIT_103201,0.3629449903313071,0.02499214759620372,0.3379528427351034,14.522361030967906,0.2791713003598464,0.39883682767328477,,,100,1ff8f0396ccdf1ab0abb679087895e71998c969a769510b17097bfa483d47281,14c9339881c4827e8c14e4a3468ac06ac214c8d433c5ebdc20d2a385a250ddd1;1b6aed8dd915a354e82f491ba67a15c2db50cfc7825de2144d2cc0d039d90b2c;c0d13db7a1eaaee929bccc2482002615c29a84a4982869fc9355df6e64718265
cube,5,H_POLICY,MLP_3SEED_MEAN_NOT_ENSEMBLE,REFIT_103202,0.3629449903313071,0.024078139473567718,0.33886685085773943,15.07363103074212,0.2802975734313998,0.39947820731948985,,,100,1ff8f0396ccdf1ab0abb679087895e71998c969a769510b17097bfa483d47281,14c9339881c4827e8c14e4a3468ac06ac214c8d433c5ebdc20d2a385a250ddd1;1b6aed8dd915a354e82f491ba67a15c2db50cfc7825de2144d2cc0d039d90b2c;c0d13db7a1eaaee929bccc2482002615c29a84a4982869fc9355df6e64718265
cube,5,H_POLICY,MLP_3SEED_MEAN_NOT_ENSEMBLE,REFIT_103203,0.3629449903313071,0.026489366366004106,0.33645562396530304,13.701535375232798,0.2783154652189745,0.3971575286944813,,,100,1ff8f0396ccdf1ab0abb679087895e71998c969a769510b17097bfa483d47281,14c9339881c4827e8c14e4a3468ac06ac214c8d433c5ebdc20d2a385a250ddd1;1b6aed8dd915a354e82f491ba67a15c2db50cfc7825de2144d2cc0d039d90b2c;c0d13db7a1eaaee929bccc2482002615c29a84a4982869fc9355df6e64718265
cube,5,H_POLICY,MLP_3SEED_MEAN_NOT_ENSEMBLE,FIXED3_REFIT_MEAN_NOT_ENSEMBLE,0.3629449903313071,0.025186551145258515,0.3377584391860486,14.410269521940211,0.2792056608216711,0.3982178804756768,,,100,1ff8f0396ccdf1ab0abb679087895e71998c969a769510b17097bfa483d47281,14c9339881c4827e8c14e4a3468ac06ac214c8d433c5ebdc20d2a385a250ddd1;1b6aed8dd915a354e82f491ba67a15c2db50cfc7825de2144d2cc0d039d90b2c;c0d13db7a1eaaee929bccc2482002615c29a84a4982869fc9355df6e64718265
cube,5,H_REAL3,RIDGE,H0,0.43055681727826595,0.03438559825066477,0.39617121902760116,12.52142871383493,0.3355985469309962,0.46240197417209855,,,100,1ff8f0396ccdf1ab0abb679087895e71998c969a769510b17097bfa483d47281,0a5fb09603d24218b3d9c14be2d0d5283eb219ad59b098ff06e3a7aa416eaa6a
cube,5,H_REAL3,RIDGE,REFIT_103201,0.43055681727826595,0.01599020116322208,0.41456661611504386,26.926291475842024,0.35350539018855487,0.48042265380674504,,,100,1ff8f0396ccdf1ab0abb679087895e71998c969a769510b17097bfa483d47281,0a5fb09603d24218b3d9c14be2d0d5283eb219ad59b098ff06e3a7aa416eaa6a
cube,5,H_REAL3,RIDGE,REFIT_103202,0.43055681727826595,0.017416367419064046,0.4131404498592019,24.721390340386147,0.3528896583006717,0.4786465124145033,,,100,1ff8f0396ccdf1ab0abb679087895e71998c969a769510b17097bfa483d47281,0a5fb09603d24218b3d9c14be2d0d5283eb219ad59b098ff06e3a7aa416eaa6a
cube,5,H_REAL3,RIDGE,REFIT_103203,0.43055681727826595,0.01672336108458694,0.413833456193679,25.745830344779673,0.3533395749103947,0.4789823397155412,,,100,1ff8f0396ccdf1ab0abb679087895e71998c969a769510b17097bfa483d47281,0a5fb09603d24218b3d9c14be2d0d5283eb219ad59b098ff06e3a7aa416eaa6a
cube,5,H_REAL3,RIDGE,FIXED3_REFIT_MEAN_NOT_ENSEMBLE,0.43055681727826595,0.016709976555624353,0.41384684072264166,25.766452504886747,0.35329638113260925,0.4794939431526969,,,100,1ff8f0396ccdf1ab0abb679087895e71998c969a769510b17097bfa483d47281,0a5fb09603d24218b3d9c14be2d0d5283eb219ad59b098ff06e3a7aa416eaa6a
cube,5,H_REAL3,MLP_3SEED_MEAN_NOT_ENSEMBLE,H0,0.31414462364589174,0.03438559825066477,0.27975902539522696,9.135935962371061,0.2256113591065902,0.3387921669092611,,,100,1ff8f0396ccdf1ab0abb679087895e71998c969a769510b17097bfa483d47281,3db7c56fd3cde669bc4daf22b3e22479a1284db0da3f3ce7dd017baff6139b1c;722ca6faf737fd6559d5015a01e436f4d2edae2eda4d5586f919b5447f439e25;821f9365cd972239b0fa479e46021799a5fb984432d8b3eb21bed189c07909a6
cube,5,H_REAL3,MLP_3SEED_MEAN_NOT_ENSEMBLE,REFIT_103201,0.31414462364589174,0.01599020116322208,0.29815442248266966,19.646070767917127,0.24356093203221094,0.3570868680019242,,,100,1ff8f0396ccdf1ab0abb679087895e71998c969a769510b17097bfa483d47281,3db7c56fd3cde669bc4daf22b3e22479a1284db0da3f3ce7dd017baff6139b1c;722ca6faf737fd6559d5015a01e436f4d2edae2eda4d5586f919b5447f439e25;821f9365cd972239b0fa479e46021799a5fb984432d8b3eb21bed189c07909a6
cube,5,H_REAL3,MLP_3SEED_MEAN_NOT_ENSEMBLE,REFIT_103202,0.31414462364589174,0.017416367419064046,0.2967282562268277,18.03732179547541,0.24271954202830479,0.3540397604768513,,,100,1ff8f0396ccdf1ab0abb679087895e71998c969a769510b17097bfa483d47281,3db7c56fd3cde669bc4daf22b3e22479a1284db0da3f3ce7dd017baff6139b1c;722ca6faf737fd6559d5015a01e436f4d2edae2eda4d5586f919b5447f439e25;821f9365cd972239b0fa479e46021799a5fb984432d8b3eb21bed189c07909a6
cube,5,H_REAL3,MLP_3SEED_MEAN_NOT_ENSEMBLE,REFIT_103203,0.31414462364589174,0.01672336108458694,0.2974212625613048,18.78477789583953,0.24347843705741978,0.3553365035640794,,,100,1ff8f0396ccdf1ab0abb679087895e71998c969a769510b17097bfa483d47281,3db7c56fd3cde669bc4daf22b3e22479a1284db0da3f3ce7dd017baff6139b1c;722ca6faf737fd6559d5015a01e436f4d2edae2eda4d5586f919b5447f439e25;821f9365cd972239b0fa479e46021799a5fb984432d8b3eb21bed189c07909a6
cube,5,H_REAL3,MLP_3SEED_MEAN_NOT_ENSEMBLE,FIXED3_REFIT_MEAN_NOT_ENSEMBLE,0.31414462364589174,0.016709976555624353,0.2974346470902674,18.79982432052874,0.2432263718878773,0.35524026420154625,,,100,1ff8f0396ccdf1ab0abb679087895e71998c969a769510b17097bfa483d47281,3db7c56fd3cde669bc4daf22b3e22479a1284db0da3f3ce7dd017baff6139b1c;722ca6faf737fd6559d5015a01e436f4d2edae2eda4d5586f919b5447f439e25;821f9365cd972239b0fa479e46021799a5fb984432d8b3eb21bed189c07909a6
