scope,task_time_reduction,task,metric,arm,estimate,cases,universe_cases,conditional95_low,conditional95_high,paired_cases,reference_arm,difference_vs_reference,difference95_low,difference95_high,family_difference95_low,family_difference95_high,multiplicity,independent_unit
INITIAL_FIXED64,ANYTIME,pusht,D_total,H0,0.5024489711964661,100,100,0.4192182517502796,0.592242128508483,100,H0,0.0,0.0,0.0,0.0,0.0,UNADJUSTED_POINTWISE,CASE
INITIAL_FIXED64,ANYTIME,pusht,D_total,REFIT_103201,0.38499902114796974,100,100,0.31366207216204195,0.46577774811051137,100,H0,-0.11744995004849634,-0.21521403099210684,-0.022158607014809022,-0.2140018038379175,-0.02437783327178123,UNADJUSTED_POINTWISE,CASE
INITIAL_FIXED64,ANYTIME,pusht,D_total,REFIT_103202,0.33487498976186925,100,100,0.28248004823069384,0.3922716614865784,100,H0,-0.1675739814345967,-0.25792310078081815,-0.08440949071051985,-0.25302566460793324,-0.0847450364185837,UNADJUSTED_POINTWISE,CASE
INITIAL_FIXED64,ANYTIME,pusht,D_total,REFIT_103203,0.3806664399874428,100,100,0.3143448948984951,0.45834175380979303,100,H0,-0.12178253120902319,-0.2133097830315889,-0.032704008937300084,-0.2087418037553948,-0.039730307554954165,UNADJUSTED_POINTWISE,CASE
INITIAL_FIXED64,ANYTIME,pusht,D_total,FIXED3_REFIT_MEAN_NOT_ENSEMBLE,0.36684681696576066,100,100,0.30709033132692926,0.4333296090665937,100,H0,-0.1356021542307054,-0.22607618126258996,-0.05003847975223306,-0.22179094914023934,-0.0532019478478103,UNADJUSTED_POINTWISE,CASE
INITIAL_FIXED64,ANYTIME,pusht,D_goal,H0,0.10814876695554355,100,100,0.08516923145008469,0.13236135582716307,100,H0,0.0,0.0,0.0,0.0,0.0,UNADJUSTED_POINTWISE,CASE
INITIAL_FIXED64,ANYTIME,pusht,D_goal,REFIT_103201,0.10814876695554355,100,100,0.08516923145008469,0.13236135582716307,100,H0,0.0,0.0,0.0,0.0,0.0,UNADJUSTED_POINTWISE,CASE
INITIAL_FIXED64,ANYTIME,pusht,D_goal,REFIT_103202,0.10814876695554355,100,100,0.08516923145008469,0.13236135582716307,100,H0,0.0,0.0,0.0,0.0,0.0,UNADJUSTED_POINTWISE,CASE
INITIAL_FIXED64,ANYTIME,pusht,D_goal,REFIT_103203,0.10814876695554355,100,100,0.08516923145008469,0.13236135582716307,100,H0,0.0,0.0,0.0,0.0,0.0,UNADJUSTED_POINTWISE,CASE
INITIAL_FIXED64,ANYTIME,pusht,D_goal,FIXED3_REFIT_MEAN_NOT_ENSEMBLE,0.10814876695554355,100,100,0.08516923145008469,0.13236135582716307,100,H0,-4.163336342344337e-19,-2.220446049250313e-18,1.1102230246251566e-18,-1.942890293094024e-18,7.080503983578805e-19,UNADJUSTED_POINTWISE,CASE
INITIAL_FIXED64,ANYTIME,pusht,D_model_signed,H0,0.39430020424092255,100,100,0.30619722365481616,0.48774213588827897,100,H0,0.0,0.0,0.0,0.0,0.0,UNADJUSTED_POINTWISE,CASE
INITIAL_FIXED64,ANYTIME,pusht,D_model_signed,REFIT_103201,0.2768502541924262,100,100,0.19682760219958495,0.3644257314338818,100,H0,-0.11744995004849634,-0.21521403099210681,-0.022158607014809033,-0.2140018038379175,-0.024377833271781238,UNADJUSTED_POINTWISE,CASE
INITIAL_FIXED64,ANYTIME,pusht,D_model_signed,REFIT_103202,0.22672622280632573,100,100,0.16621057215336146,0.292963496928526,100,H0,-0.16757398143459676,-0.25792310078081815,-0.08440949071051985,-0.25302566460793324,-0.08474503641858375,UNADJUSTED_POINTWISE,CASE
INITIAL_FIXED64,ANYTIME,pusht,D_model_signed,REFIT_103203,0.2725176730318994,100,100,0.2006872444590511,0.3554555375245928,100,H0,-0.12178253120902319,-0.2133097830315889,-0.032704008937300084,-0.2087418037553948,-0.039730307554954165,UNADJUSTED_POINTWISE,CASE
INITIAL_FIXED64,ANYTIME,pusht,D_model_signed,FIXED3_REFIT_MEAN_NOT_ENSEMBLE,0.2586980500102171,100,100,0.19188855178538564,0.33359920022156786,100,H0,-0.13560215423070543,-0.22607618126258996,-0.05003847975223306,-0.22179094914023934,-0.05320194784781028,UNADJUSTED_POINTWISE,CASE
INITIAL_FIXED64,ANYTIME,pusht,latent_finite_menu_loss,H0,24.8682595384866,100,100,16.19901884007454,34.59710583595931,100,H0,0.0,0.0,0.0,0.0,0.0,UNADJUSTED_POINTWISE,CASE
INITIAL_FIXED64,ANYTIME,pusht,latent_finite_menu_loss,REFIT_103201,20.533438598886132,100,100,13.48216834301129,29.232223877646017,100,H0,-4.334820939600467,-14.301140866354107,5.496061502903699,-14.576533158311657,5.509578003113792,UNADJUSTED_POINTWISE,CASE
INITIAL_FIXED64,ANYTIME,pusht,latent_finite_menu_loss,REFIT_103202,15.706066497936845,100,100,10.73806839487329,21.831883613459766,100,H0,-9.162193040549756,-18.27761154130101,-0.5543992213383402,-17.146657328607112,-2.0805326490995073,UNADJUSTED_POINTWISE,CASE
INITIAL_FIXED64,ANYTIME,pusht,latent_finite_menu_loss,REFIT_103203,18.739355202391742,100,100,11.971973996741697,27.133242719825354,100,H0,-6.128904336094856,-15.347692018926143,3.208891704693436,-15.321359856930824,2.6576117933362844,UNADJUSTED_POINTWISE,CASE
INITIAL_FIXED64,ANYTIME,pusht,latent_finite_menu_loss,FIXED3_REFIT_MEAN_NOT_ENSEMBLE,18.32628676640491,100,100,12.19955157707197,25.82798637072555,100,H0,-6.541972772081692,-15.795890372122328,2.574494353383774,-15.480145508472928,1.7076436239152957,UNADJUSTED_POINTWISE,CASE
INITIAL_FIXED64,ANYTIME,pusht,spearman_model_sim_lat,H0,0.7163948176154104,100,100,0.6832499561874076,0.7473230257992767,100,H0,0.0,0.0,0.0,0.0,0.0,UNADJUSTED_POINTWISE,CASE
INITIAL_FIXED64,ANYTIME,pusht,spearman_model_sim_lat,REFIT_103201,0.7548520632149399,100,100,0.7255570150015448,0.7820545539280582,100,H0,0.03845724559952959,-6.604865795847532e-05,0.07627340859757191,-0.000888933776303984,0.07741577574583802,UNADJUSTED_POINTWISE,CASE
INITIAL_FIXED64,ANYTIME,pusht,spearman_model_sim_lat,REFIT_103202,0.7593420969700199,100,100,0.7306213433757028,0.7859300461126753,100,H0,0.042947279354609603,0.005319869881119562,0.08012288579578673,0.0048521830882131255,0.08039207488275325,UNADJUSTED_POINTWISE,CASE
INITIAL_FIXED64,ANYTIME,pusht,spearman_model_sim_lat,REFIT_103203,0.7609828860842492,100,100,0.7308838198524626,0.7881523009718703,100,H0,0.0445880684688389,0.007227045793773189,0.08186561183461262,0.0060216714405303086,0.0820119741412077,UNADJUSTED_POINTWISE,CASE
INITIAL_FIXED64,ANYTIME,pusht,spearman_model_sim_lat,FIXED3_REFIT_MEAN_NOT_ENSEMBLE,0.758392348756403,100,100,0.7298239969981193,0.7845314907362049,100,H0,0.0419975311409927,0.004686541525855617,0.07875174805060005,0.0035456996104700498,0.07978667476896036,UNADJUSTED_POINTWISE,CASE
INITIAL_FIXED64,ANYTIME,pusht,pairwise_error_rate,H0,0.21832528870137147,100,100,0.2030664441380015,0.23419459945174706,100,H0,0.0,0.0,0.0,0.0,0.0,UNADJUSTED_POINTWISE,CASE
INITIAL_FIXED64,ANYTIME,pusht,pairwise_error_rate,REFIT_103201,0.19836568519852427,100,100,0.1846779001453067,0.21282130020746984,100,H0,-0.0199596035028472,-0.03840310307545403,-0.001197698162214753,-0.03918905914765742,-0.0007330696196391704,UNADJUSTED_POINTWISE,CASE
INITIAL_FIXED64,ANYTIME,pusht,pairwise_error_rate,REFIT_103202,0.19625661339854633,100,100,0.1831786861740477,0.21029474933986506,100,H0,-0.02206867530282507,-0.04027140518055695,-0.003668142683484558,-0.04089218817755862,-0.0032336281232528724,UNADJUSTED_POINTWISE,CASE
INITIAL_FIXED64,ANYTIME,pusht,pairwise_error_rate,REFIT_103203,0.19507274808131203,100,100,0.1817573633010592,0.20944598503287556,100,H0,-0.023252540620059457,-0.041668440321484077,-0.005056284782033369,-0.04170364544607483,-0.004424485879751425,UNADJUSTED_POINTWISE,CASE
INITIAL_FIXED64,ANYTIME,pusht,pairwise_error_rate,FIXED3_REFIT_MEAN_NOT_ENSEMBLE,0.19656501555946085,100,100,0.18348840330396265,0.2105272101960218,100,H0,-0.021760273141910577,-0.03986453452191465,-0.0036994926764724106,-0.040428196954540085,-0.0030897997783680526,UNADJUSTED_POINTWISE,CASE
INITIAL_FIXED64,ANYTIME,pusht,optimism_bias_mean,H0,-17.38038749995525,100,100,-22.672517781257632,-12.81202650236167,100,H0,0.0,0.0,0.0,0.0,0.0,UNADJUSTED_POINTWISE,CASE
INITIAL_FIXED64,ANYTIME,pusht,optimism_bias_mean,REFIT_103201,-18.04123080451391,100,100,-23.27018799645052,-13.531783748746502,100,H0,-0.6608433045586571,-1.8149455977231264,0.5133395747368907,-1.92627335280363,0.6415954385407618,UNADJUSTED_POINTWISE,CASE
INITIAL_FIXED64,ANYTIME,pusht,optimism_bias_mean,REFIT_103202,-18.2545720442303,100,100,-23.493245846899516,-13.695043758074055,100,H0,-0.8741845442750491,-2.025905069165281,0.3011628693795638,-2.0958287674144342,0.40164864521738364,UNADJUSTED_POINTWISE,CASE
INITIAL_FIXED64,ANYTIME,pusht,optimism_bias_mean,REFIT_103203,-18.371899026682367,100,100,-23.63721457614578,-13.827444782075796,100,H0,-0.9915115267271176,-2.1624469249414977,0.2093180863370652,-2.219609078743507,0.3125394314601339,UNADJUSTED_POINTWISE,CASE
INITIAL_FIXED64,ANYTIME,pusht,optimism_bias_mean,FIXED3_REFIT_MEAN_NOT_ENSEMBLE,-18.222567291808858,100,100,-23.45198211751509,-13.707218844087798,100,H0,-0.842179791853608,-1.981935548870921,0.3436877182963066,-2.0678274430498575,0.4298046865779294,UNADJUSTED_POINTWISE,CASE
INITIAL_FIXED64,ANYTIME,pusht,goal_cost_abs_error_mean,H0,25.408874332095728,100,100,21.06511441497828,30.486399160190338,100,H0,0.0,0.0,0.0,0.0,0.0,UNADJUSTED_POINTWISE,CASE
INITIAL_FIXED64,ANYTIME,pusht,goal_cost_abs_error_mean,REFIT_103201,24.349012744413923,100,100,19.868361833045288,29.68715323452634,100,H0,-1.0598615876818076,-2.1334578968320272,-0.07421556960232585,-2.3298916000731076,0.17376516226397273,UNADJUSTED_POINTWISE,CASE
INITIAL_FIXED64,ANYTIME,pusht,goal_cost_abs_error_mean,REFIT_103202,24.273834859462223,100,100,19.84408570340497,29.49348741225033,100,H0,-1.1350394726335071,-2.141250789390935,-0.1686034517250378,-2.2801675120130063,-0.05443091621658697,UNADJUSTED_POINTWISE,CASE
INITIAL_FIXED64,ANYTIME,pusht,goal_cost_abs_error_mean,REFIT_103203,24.365632245443994,100,100,19.815895410924856,29.77405521718858,100,H0,-1.043242086651735,-2.141490146138822,0.006449546773685103,-2.269951825029326,0.15778177798971937,UNADJUSTED_POINTWISE,CASE
INITIAL_FIXED64,ANYTIME,pusht,goal_cost_abs_error_mean,FIXED3_REFIT_MEAN_NOT_ENSEMBLE,24.329493283106714,100,100,19.843300145206744,29.66779430845104,100,H0,-1.0793810489890163,-2.131260518308554,-0.09385624923405693,-2.278552980848873,0.07790538667834539,UNADJUSTED_POINTWISE,CASE
INITIAL_FIXED64,ANYTIME,pusht,latent_mse_mean,H0,0.137423916781554,100,100,0.1123975420810093,0.1663538598418272,100,H0,0.0,0.0,0.0,0.0,0.0,UNADJUSTED_POINTWISE,CASE
INITIAL_FIXED64,ANYTIME,pusht,latent_mse_mean,REFIT_103201,0.1121092623210643,100,100,0.08955653434403939,0.13879734542714503,100,H0,-0.02531465446048969,-0.035515712638486546,-0.015857214416481847,-0.035129619368433236,-0.015471771699128275,UNADJUSTED_POINTWISE,CASE
INITIAL_FIXED64,ANYTIME,pusht,latent_mse_mean,REFIT_103202,0.1095915958135447,100,100,0.0884685428766461,0.13515554123912532,100,H0,-0.0278323209680093,-0.0373709741972034,-0.0191500621895666,-0.03677494720244433,-0.01888369948632226,UNADJUSTED_POINTWISE,CASE
INITIAL_FIXED64,ANYTIME,pusht,latent_mse_mean,REFIT_103203,0.11163761689400417,100,100,0.08890101231049084,0.1386942026386477,100,H0,-0.02578629988754983,-0.03533802904798358,-0.01685270064759516,-0.034868453435505854,-0.01687977315414117,UNADJUSTED_POINTWISE,CASE
INITIAL_FIXED64,ANYTIME,pusht,latent_mse_mean,FIXED3_REFIT_MEAN_NOT_ENSEMBLE,0.11111282500953772,100,100,0.08906121046761412,0.13747043252371013,100,H0,-0.026311091772016272,-0.0359901068660641,-0.017506714437371857,-0.03524146713543013,-0.017215028519936816,UNADJUSTED_POINTWISE,CASE
INITIAL_FIXED64,ANYTIME,pusht,top1_changed,H0,0.98,100,100,0.95,1.0,100,H0,0.0,0.0,0.0,0.0,0.0,UNADJUSTED_POINTWISE,CASE
INITIAL_FIXED64,ANYTIME,pusht,top1_changed,REFIT_103201,0.99,100,100,0.97,1.0,100,H0,0.01,-0.02,0.05,-0.020202020202020204,0.0425531914893617,UNADJUSTED_POINTWISE,CASE
INITIAL_FIXED64,ANYTIME,pusht,top1_changed,REFIT_103202,0.98,100,100,0.95,1.0,100,H0,0.0,-0.04,0.04,-0.0392156862745098,0.04,UNADJUSTED_POINTWISE,CASE
INITIAL_FIXED64,ANYTIME,pusht,top1_changed,REFIT_103203,0.95,100,100,0.91,0.99,100,H0,-0.03,-0.08,0.02,-0.07478398871451242,0.010309278350515464,UNADJUSTED_POINTWISE,CASE
INITIAL_FIXED64,ANYTIME,pusht,top1_changed,FIXED3_REFIT_MEAN_NOT_ENSEMBLE,0.9733333333333334,100,100,0.9466666666666665,0.9933333333333333,100,H0,-0.0066666666666666706,-0.04008333333333331,0.03333333333333333,-0.0392156862745098,0.027210884353741492,UNADJUSTED_POINTWISE,CASE
INITIAL_FIXED64,ANYTIME,pusht,near_tie_pairs_model,H0,0.03,100,100,0.0,0.07,100,H0,0.0,0.0,0.0,0.0,0.0,UNADJUSTED_POINTWISE,CASE
INITIAL_FIXED64,ANYTIME,pusht,near_tie_pairs_model,REFIT_103201,0.02,100,100,0.0,0.05,100,H0,-0.01,-0.05,0.03,-0.052083333333333336,0.03125,UNADJUSTED_POINTWISE,CASE
INITIAL_FIXED64,ANYTIME,pusht,near_tie_pairs_model,REFIT_103202,0.03,100,100,0.0,0.07,100,H0,0.0,-0.05,0.05,-0.04950495049504951,0.049019607843137254,UNADJUSTED_POINTWISE,CASE
INITIAL_FIXED64,ANYTIME,pusht,near_tie_pairs_model,REFIT_103203,0.04,100,100,0.01,0.08,100,H0,0.01,-0.04,0.06,-0.04081632653061224,0.061224489795918366,UNADJUSTED_POINTWISE,CASE
INITIAL_FIXED64,ANYTIME,pusht,near_tie_pairs_model,FIXED3_REFIT_MEAN_NOT_ENSEMBLE,0.03,100,100,0.013333333333333332,0.04999999999999999,100,H0,-2.220446049250313e-18,-0.04000000000000001,0.03666666666666666,-0.04207119741100324,0.03526152482269496,UNADJUSTED_POINTWISE,CASE
INITIAL_FIXED64,ANYTIME,pusht,near_tie_pairs_sim_lat,H0,1.32,100,100,0.37,2.64,100,H0,0.0,0.0,0.0,0.0,0.0,UNADJUSTED_POINTWISE,CASE
INITIAL_FIXED64,ANYTIME,pusht,near_tie_pairs_sim_lat,REFIT_103201,1.32,100,100,0.37,2.64,100,H0,0.0,0.0,0.0,0.0,0.0,UNADJUSTED_POINTWISE,CASE
INITIAL_FIXED64,ANYTIME,pusht,near_tie_pairs_sim_lat,REFIT_103202,1.32,100,100,0.37,2.64,100,H0,0.0,0.0,0.0,0.0,0.0,UNADJUSTED_POINTWISE,CASE
INITIAL_FIXED64,ANYTIME,pusht,near_tie_pairs_sim_lat,REFIT_103203,1.32,100,100,0.37,2.64,100,H0,0.0,0.0,0.0,0.0,0.0,UNADJUSTED_POINTWISE,CASE
INITIAL_FIXED64,ANYTIME,pusht,near_tie_pairs_sim_lat,FIXED3_REFIT_MEAN_NOT_ENSEMBLE,1.32,100,100,0.37,2.64,100,H0,0.0,0.0,0.0,0.0,0.0,UNADJUSTED_POINTWISE,CASE
INITIAL_FIXED64,TERMINAL,pusht,D_total,H0,0.551895946317675,100,100,0.45309260362701875,0.6589245064019185,100,H0,0.0,0.0,0.0,0.0,0.0,UNADJUSTED_POINTWISE,CASE
INITIAL_FIXED64,TERMINAL,pusht,D_total,REFIT_103201,0.4284727211586646,100,100,0.34803253731655864,0.5191250618038173,100,H0,-0.12342322515901046,-0.23507172294090908,-0.013338130418129262,-0.22359021874478888,-0.018767881849922844,UNADJUSTED_POINTWISE,CASE
INITIAL_FIXED64,TERMINAL,pusht,D_total,REFIT_103202,0.36356972086516187,100,100,0.30990689335886906,0.42202537325252826,100,H0,-0.18832622545251312,-0.29308051688826814,-0.09083481026783097,-0.2784340238412502,-0.09646562794048887,UNADJUSTED_POINTWISE,CASE
INITIAL_FIXED64,TERMINAL,pusht,D_total,REFIT_103203,0.4230254129887571,100,100,0.34881787301877026,0.5053519767280723,100,H0,-0.12887053332891799,-0.2360701718377826,-0.026916074412894408,-0.21510309045997866,-0.040452849285916886,UNADJUSTED_POINTWISE,CASE
INITIAL_FIXED64,TERMINAL,pusht,D_total,FIXED3_REFIT_MEAN_NOT_ENSEMBLE,0.40502261833752784,100,100,0.3403567364499317,0.4758708702338772,100,H0,-0.14687332798014716,-0.2496506753922913,-0.048764023734774405,-0.23454477328034185,-0.056293773638585606,UNADJUSTED_POINTWISE,CASE
INITIAL_FIXED64,TERMINAL,pusht,D_goal,H0,0.11661529128324709,100,100,0.0810051669812936,0.16171685881625594,100,H0,0.0,0.0,0.0,0.0,0.0,UNADJUSTED_POINTWISE,CASE
INITIAL_FIXED64,TERMINAL,pusht,D_goal,REFIT_103201,0.11661529128324709,100,100,0.0810051669812936,0.16171685881625594,100,H0,0.0,0.0,0.0,0.0,0.0,UNADJUSTED_POINTWISE,CASE
INITIAL_FIXED64,TERMINAL,pusht,D_goal,REFIT_103202,0.11661529128324709,100,100,0.0810051669812936,0.16171685881625594,100,H0,0.0,0.0,0.0,0.0,0.0,UNADJUSTED_POINTWISE,CASE
INITIAL_FIXED64,TERMINAL,pusht,D_goal,REFIT_103203,0.11661529128324709,100,100,0.0810051669812936,0.16171685881625594,100,H0,0.0,0.0,0.0,0.0,0.0,UNADJUSTED_POINTWISE,CASE
INITIAL_FIXED64,TERMINAL,pusht,D_goal,FIXED3_REFIT_MEAN_NOT_ENSEMBLE,0.11661529128324709,100,100,0.08100516698129359,0.16171685881625594,100,H0,2.7755575615628915e-18,-8.326672684688674e-19,8.326672684688674e-18,-8.496604780294565e-19,7.91033905045424e-18,UNADJUSTED_POINTWISE,CASE
INITIAL_FIXED64,TERMINAL,pusht,D_model_signed,H0,0.435280655034428,100,100,0.3276089899465053,0.5493493097598684,100,H0,0.0,0.0,0.0,0.0,0.0,UNADJUSTED_POINTWISE,CASE
INITIAL_FIXED64,TERMINAL,pusht,D_model_signed,REFIT_103201,0.31185742987541754,100,100,0.21438599841195768,0.4154851347813747,100,H0,-0.12342322515901046,-0.23507172294090908,-0.013338130418129262,-0.22359021874478888,-0.018767881849922858,UNADJUSTED_POINTWISE,CASE
INITIAL_FIXED64,TERMINAL,pusht,D_model_signed,REFIT_103202,0.24695442958191477,100,100,0.17742140587294947,0.3180301107245744,100,H0,-0.18832622545251312,-0.29308051688826814,-0.090834810267831,-0.2784340238412502,-0.09646562794048887,UNADJUSTED_POINTWISE,CASE
INITIAL_FIXED64,TERMINAL,pusht,D_model_signed,REFIT_103203,0.30641012170551,100,100,0.21658787031389048,0.4012324373930706,100,H0,-0.12887053332891793,-0.2360701718377826,-0.026916074412894415,-0.21510309045997872,-0.04045284928591687,UNADJUSTED_POINTWISE,CASE
INITIAL_FIXED64,TERMINAL,pusht,D_model_signed,FIXED3_REFIT_MEAN_NOT_ENSEMBLE,0.28840732705428074,100,100,0.20456249877948807,0.37284550879774153,100,H0,-0.14687332798014716,-0.24965067539229133,-0.04876402373477441,-0.23454477328034185,-0.056293773638585606,UNADJUSTED_POINTWISE,CASE
INITIAL_FIXED64,TERMINAL,pusht,latent_finite_menu_loss,H0,24.8682595384866,100,100,16.19901884007454,34.59710583595931,100,H0,0.0,0.0,0.0,0.0,0.0,UNADJUSTED_POINTWISE,CASE
INITIAL_FIXED64,TERMINAL,pusht,latent_finite_menu_loss,REFIT_103201,20.533438598886132,100,100,13.48216834301129,29.232223877646017,100,H0,-4.334820939600467,-14.301140866354107,5.496061502903699,-14.576533158311657,5.509578003113792,UNADJUSTED_POINTWISE,CASE
INITIAL_FIXED64,TERMINAL,pusht,latent_finite_menu_loss,REFIT_103202,15.706066497936845,100,100,10.73806839487329,21.831883613459766,100,H0,-9.162193040549756,-18.27761154130101,-0.5543992213383402,-17.146657328607112,-2.0805326490995073,UNADJUSTED_POINTWISE,CASE
INITIAL_FIXED64,TERMINAL,pusht,latent_finite_menu_loss,REFIT_103203,18.739355202391742,100,100,11.971973996741697,27.133242719825354,100,H0,-6.128904336094856,-15.347692018926143,3.208891704693436,-15.321359856930824,2.6576117933362844,UNADJUSTED_POINTWISE,CASE
INITIAL_FIXED64,TERMINAL,pusht,latent_finite_menu_loss,FIXED3_REFIT_MEAN_NOT_ENSEMBLE,18.32628676640491,100,100,12.19955157707197,25.82798637072555,100,H0,-6.541972772081692,-15.795890372122328,2.574494353383774,-15.480145508472928,1.7076436239152957,UNADJUSTED_POINTWISE,CASE
INITIAL_FIXED64,TERMINAL,pusht,spearman_model_sim_lat,H0,0.7163948176154104,100,100,0.6832499561874076,0.7473230257992767,100,H0,0.0,0.0,0.0,0.0,0.0,UNADJUSTED_POINTWISE,CASE
INITIAL_FIXED64,TERMINAL,pusht,spearman_model_sim_lat,REFIT_103201,0.7548520632149399,100,100,0.7255570150015448,0.7820545539280582,100,H0,0.03845724559952959,-6.604865795847532e-05,0.07627340859757191,-0.000888933776303984,0.07741577574583802,UNADJUSTED_POINTWISE,CASE
INITIAL_FIXED64,TERMINAL,pusht,spearman_model_sim_lat,REFIT_103202,0.7593420969700199,100,100,0.7306213433757028,0.7859300461126753,100,H0,0.042947279354609603,0.005319869881119562,0.08012288579578673,0.0048521830882131255,0.08039207488275325,UNADJUSTED_POINTWISE,CASE
INITIAL_FIXED64,TERMINAL,pusht,spearman_model_sim_lat,REFIT_103203,0.7609828860842492,100,100,0.7308838198524626,0.7881523009718703,100,H0,0.0445880684688389,0.007227045793773189,0.08186561183461262,0.0060216714405303086,0.0820119741412077,UNADJUSTED_POINTWISE,CASE
INITIAL_FIXED64,TERMINAL,pusht,spearman_model_sim_lat,FIXED3_REFIT_MEAN_NOT_ENSEMBLE,0.758392348756403,100,100,0.7298239969981193,0.7845314907362049,100,H0,0.0419975311409927,0.004686541525855617,0.07875174805060005,0.0035456996104700498,0.07978667476896036,UNADJUSTED_POINTWISE,CASE
INITIAL_FIXED64,TERMINAL,pusht,pairwise_error_rate,H0,0.21832528870137147,100,100,0.2030664441380015,0.23419459945174706,100,H0,0.0,0.0,0.0,0.0,0.0,UNADJUSTED_POINTWISE,CASE
INITIAL_FIXED64,TERMINAL,pusht,pairwise_error_rate,REFIT_103201,0.19836568519852427,100,100,0.1846779001453067,0.21282130020746984,100,H0,-0.0199596035028472,-0.03840310307545403,-0.001197698162214753,-0.03918905914765742,-0.0007330696196391704,UNADJUSTED_POINTWISE,CASE
INITIAL_FIXED64,TERMINAL,pusht,pairwise_error_rate,REFIT_103202,0.19625661339854633,100,100,0.1831786861740477,0.21029474933986506,100,H0,-0.02206867530282507,-0.04027140518055695,-0.003668142683484558,-0.04089218817755862,-0.0032336281232528724,UNADJUSTED_POINTWISE,CASE
INITIAL_FIXED64,TERMINAL,pusht,pairwise_error_rate,REFIT_103203,0.19507274808131203,100,100,0.1817573633010592,0.20944598503287556,100,H0,-0.023252540620059457,-0.041668440321484077,-0.005056284782033369,-0.04170364544607483,-0.004424485879751425,UNADJUSTED_POINTWISE,CASE
INITIAL_FIXED64,TERMINAL,pusht,pairwise_error_rate,FIXED3_REFIT_MEAN_NOT_ENSEMBLE,0.19656501555946085,100,100,0.18348840330396265,0.2105272101960218,100,H0,-0.021760273141910577,-0.03986453452191465,-0.0036994926764724106,-0.040428196954540085,-0.0030897997783680526,UNADJUSTED_POINTWISE,CASE
INITIAL_FIXED64,TERMINAL,pusht,optimism_bias_mean,H0,-17.38038749995525,100,100,-22.672517781257632,-12.81202650236167,100,H0,0.0,0.0,0.0,0.0,0.0,UNADJUSTED_POINTWISE,CASE
INITIAL_FIXED64,TERMINAL,pusht,optimism_bias_mean,REFIT_103201,-18.04123080451391,100,100,-23.27018799645052,-13.531783748746502,100,H0,-0.6608433045586571,-1.8149455977231264,0.5133395747368907,-1.92627335280363,0.6415954385407618,UNADJUSTED_POINTWISE,CASE
INITIAL_FIXED64,TERMINAL,pusht,optimism_bias_mean,REFIT_103202,-18.2545720442303,100,100,-23.493245846899516,-13.695043758074055,100,H0,-0.8741845442750491,-2.025905069165281,0.3011628693795638,-2.0958287674144342,0.40164864521738364,UNADJUSTED_POINTWISE,CASE
INITIAL_FIXED64,TERMINAL,pusht,optimism_bias_mean,REFIT_103203,-18.371899026682367,100,100,-23.63721457614578,-13.827444782075796,100,H0,-0.9915115267271176,-2.1624469249414977,0.2093180863370652,-2.219609078743507,0.3125394314601339,UNADJUSTED_POINTWISE,CASE
INITIAL_FIXED64,TERMINAL,pusht,optimism_bias_mean,FIXED3_REFIT_MEAN_NOT_ENSEMBLE,-18.222567291808858,100,100,-23.45198211751509,-13.707218844087798,100,H0,-0.842179791853608,-1.981935548870921,0.3436877182963066,-2.0678274430498575,0.4298046865779294,UNADJUSTED_POINTWISE,CASE
INITIAL_FIXED64,TERMINAL,pusht,goal_cost_abs_error_mean,H0,25.408874332095728,100,100,21.06511441497828,30.486399160190338,100,H0,0.0,0.0,0.0,0.0,0.0,UNADJUSTED_POINTWISE,CASE
INITIAL_FIXED64,TERMINAL,pusht,goal_cost_abs_error_mean,REFIT_103201,24.349012744413923,100,100,19.868361833045288,29.68715323452634,100,H0,-1.0598615876818076,-2.1334578968320272,-0.07421556960232585,-2.3298916000731076,0.17376516226397273,UNADJUSTED_POINTWISE,CASE
INITIAL_FIXED64,TERMINAL,pusht,goal_cost_abs_error_mean,REFIT_103202,24.273834859462223,100,100,19.84408570340497,29.49348741225033,100,H0,-1.1350394726335071,-2.141250789390935,-0.1686034517250378,-2.2801675120130063,-0.05443091621658697,UNADJUSTED_POINTWISE,CASE
INITIAL_FIXED64,TERMINAL,pusht,goal_cost_abs_error_mean,REFIT_103203,24.365632245443994,100,100,19.815895410924856,29.77405521718858,100,H0,-1.043242086651735,-2.141490146138822,0.006449546773685103,-2.269951825029326,0.15778177798971937,UNADJUSTED_POINTWISE,CASE
INITIAL_FIXED64,TERMINAL,pusht,goal_cost_abs_error_mean,FIXED3_REFIT_MEAN_NOT_ENSEMBLE,24.329493283106714,100,100,19.843300145206744,29.66779430845104,100,H0,-1.0793810489890163,-2.131260518308554,-0.09385624923405693,-2.278552980848873,0.07790538667834539,UNADJUSTED_POINTWISE,CASE
INITIAL_FIXED64,TERMINAL,pusht,latent_mse_mean,H0,0.137423916781554,100,100,0.1123975420810093,0.1663538598418272,100,H0,0.0,0.0,0.0,0.0,0.0,UNADJUSTED_POINTWISE,CASE
INITIAL_FIXED64,TERMINAL,pusht,latent_mse_mean,REFIT_103201,0.1121092623210643,100,100,0.08955653434403939,0.13879734542714503,100,H0,-0.02531465446048969,-0.035515712638486546,-0.015857214416481847,-0.035129619368433236,-0.015471771699128275,UNADJUSTED_POINTWISE,CASE
INITIAL_FIXED64,TERMINAL,pusht,latent_mse_mean,REFIT_103202,0.1095915958135447,100,100,0.0884685428766461,0.13515554123912532,100,H0,-0.0278323209680093,-0.0373709741972034,-0.0191500621895666,-0.03677494720244433,-0.01888369948632226,UNADJUSTED_POINTWISE,CASE
INITIAL_FIXED64,TERMINAL,pusht,latent_mse_mean,REFIT_103203,0.11163761689400417,100,100,0.08890101231049084,0.1386942026386477,100,H0,-0.02578629988754983,-0.03533802904798358,-0.01685270064759516,-0.034868453435505854,-0.01687977315414117,UNADJUSTED_POINTWISE,CASE
INITIAL_FIXED64,TERMINAL,pusht,latent_mse_mean,FIXED3_REFIT_MEAN_NOT_ENSEMBLE,0.11111282500953772,100,100,0.08906121046761412,0.13747043252371013,100,H0,-0.026311091772016272,-0.0359901068660641,-0.017506714437371857,-0.03524146713543013,-0.017215028519936816,UNADJUSTED_POINTWISE,CASE
INITIAL_FIXED64,TERMINAL,pusht,top1_changed,H0,0.98,100,100,0.95,1.0,100,H0,0.0,0.0,0.0,0.0,0.0,UNADJUSTED_POINTWISE,CASE
INITIAL_FIXED64,TERMINAL,pusht,top1_changed,REFIT_103201,0.99,100,100,0.97,1.0,100,H0,0.01,-0.02,0.05,-0.020202020202020204,0.0425531914893617,UNADJUSTED_POINTWISE,CASE
INITIAL_FIXED64,TERMINAL,pusht,top1_changed,REFIT_103202,0.98,100,100,0.95,1.0,100,H0,0.0,-0.04,0.04,-0.0392156862745098,0.04,UNADJUSTED_POINTWISE,CASE
INITIAL_FIXED64,TERMINAL,pusht,top1_changed,REFIT_103203,0.95,100,100,0.91,0.99,100,H0,-0.03,-0.08,0.02,-0.07478398871451242,0.010309278350515464,UNADJUSTED_POINTWISE,CASE
INITIAL_FIXED64,TERMINAL,pusht,top1_changed,FIXED3_REFIT_MEAN_NOT_ENSEMBLE,0.9733333333333334,100,100,0.9466666666666665,0.9933333333333333,100,H0,-0.0066666666666666706,-0.04008333333333331,0.03333333333333333,-0.0392156862745098,0.027210884353741492,UNADJUSTED_POINTWISE,CASE
INITIAL_FIXED64,TERMINAL,pusht,near_tie_pairs_model,H0,0.03,100,100,0.0,0.07,100,H0,0.0,0.0,0.0,0.0,0.0,UNADJUSTED_POINTWISE,CASE
INITIAL_FIXED64,TERMINAL,pusht,near_tie_pairs_model,REFIT_103201,0.02,100,100,0.0,0.05,100,H0,-0.01,-0.05,0.03,-0.052083333333333336,0.03125,UNADJUSTED_POINTWISE,CASE
INITIAL_FIXED64,TERMINAL,pusht,near_tie_pairs_model,REFIT_103202,0.03,100,100,0.0,0.07,100,H0,0.0,-0.05,0.05,-0.04950495049504951,0.049019607843137254,UNADJUSTED_POINTWISE,CASE
INITIAL_FIXED64,TERMINAL,pusht,near_tie_pairs_model,REFIT_103203,0.04,100,100,0.01,0.08,100,H0,0.01,-0.04,0.06,-0.04081632653061224,0.061224489795918366,UNADJUSTED_POINTWISE,CASE
INITIAL_FIXED64,TERMINAL,pusht,near_tie_pairs_model,FIXED3_REFIT_MEAN_NOT_ENSEMBLE,0.03,100,100,0.013333333333333332,0.04999999999999999,100,H0,-2.220446049250313e-18,-0.04000000000000001,0.03666666666666666,-0.04207119741100324,0.03526152482269496,UNADJUSTED_POINTWISE,CASE
INITIAL_FIXED64,TERMINAL,pusht,near_tie_pairs_sim_lat,H0,1.32,100,100,0.37,2.64,100,H0,0.0,0.0,0.0,0.0,0.0,UNADJUSTED_POINTWISE,CASE
INITIAL_FIXED64,TERMINAL,pusht,near_tie_pairs_sim_lat,REFIT_103201,1.32,100,100,0.37,2.64,100,H0,0.0,0.0,0.0,0.0,0.0,UNADJUSTED_POINTWISE,CASE
INITIAL_FIXED64,TERMINAL,pusht,near_tie_pairs_sim_lat,REFIT_103202,1.32,100,100,0.37,2.64,100,H0,0.0,0.0,0.0,0.0,0.0,UNADJUSTED_POINTWISE,CASE
INITIAL_FIXED64,TERMINAL,pusht,near_tie_pairs_sim_lat,REFIT_103203,1.32,100,100,0.37,2.64,100,H0,0.0,0.0,0.0,0.0,0.0,UNADJUSTED_POINTWISE,CASE
INITIAL_FIXED64,TERMINAL,pusht,near_tie_pairs_sim_lat,FIXED3_REFIT_MEAN_NOT_ENSEMBLE,1.32,100,100,0.37,2.64,100,H0,0.0,0.0,0.0,0.0,0.0,UNADJUSTED_POINTWISE,CASE
